24.19, 2007-01-05, 1.0
24.34, 2007-01-08, 1.0
24.4799, 2007-01-09, 1.0
23.79, 2007-01-10, 1.0
23.01, 2007-01-11, 1.0
23.43, 2007-01-12, 1.0
22.66, 2007-01-16, 1.0
22.8, 2007-01-17, 1.0
22.49, 2007-01-18, 1.0
23.29, 2007-01-19, 1.0
23.14, 2007-01-22, 1.0
24.02, 2007-01-23, 1.0
24.0, 2007-01-24, 1.0
23.6299, 2007-01-25, 1.0
24.1, 2007-01-26, 1.0
23.57, 2007-01-29, 1.0
24.67, 2007-01-30, 1.0
24.94, 2007-01-31, 1.0
24.73, 2007-02-01, 1.0
25.28, 2007-02-02, 1.0
25.26, 2007-02-05, 1.0
25.32, 2007-02-06, 1.0
24.81, 2007-02-07, 1.0
25.61, 2007-02-08, 1.0
25.75, 2007-02-09, 1.0
24.75, 2007-02-12, 1.0
25.41, 2007-02-13, 1.0
24.89, 2007-02-14, 1.0
24.7699, 2007-02-15, 1.0
25.24, 2007-02-16, 1.0
24.78, 2007-02-20, 1.0
25.62, 2007-02-21, 1.0
26.06, 2007-02-22, 1.0
26.23, 2007-02-23, 1.0
26.42, 2007-02-26, 1.0
26.05, 2007-02-27, 1.0
26.45, 2007-02-28, 1.0
26.47, 2007-03-01, 1.0
26.19, 2007-03-02, 1.0
25.7599, 2007-03-05, 1.0
26.1599, 2007-03-06, 1.0
26.53, 2007-03-07, 1.0
26.5, 2007-03-08, 1.0
25.89, 2007-03-09, 1.0
25.56, 2007-03-12, 1.0
25.59, 2007-03-13, 1.0
25.69, 2007-03-14, 1.0
25.42, 2007-03-15, 1.0
25.4, 2007-03-16, 1.0
25.49, 2007-03-19, 1.0
25.44, 2007-03-20, 1.0
25.61, 2007-03-21, 1.0
26.17, 2007-03-22, 1.0
26.27, 2007-03-23, 1.0
26.79, 2007-03-26, 1.0
27.05, 2007-03-27, 1.0
27.3, 2007-03-28, 1.0
27.89, 2007-03-29, 1.0
27.67, 2007-03-30, 1.0
27.86, 2007-04-02, 1.0
27.38, 2007-04-03, 1.0
27.8, 2007-04-04, 1.0
27.85, 2007-04-05, 1.0
27.43, 2007-04-09, 1.0
27.76, 2007-04-10, 1.0
27.85, 2007-04-11, 1.0
28.21, 2007-04-12, 1.0
28.05, 2007-04-13, 1.0
27.5201, 2007-04-16, 1.0
27.13, 2007-04-17, 1.0
27.26, 2007-04-18, 1.0
27.11, 2007-04-19, 1.0
27.43, 2007-04-20, 1.0
27.85, 2007-04-23, 1.0
27.64, 2007-04-24, 1.0
28.21, 2007-04-25, 1.0
28.04, 2007-04-26, 1.0
28.41, 2007-04-27, 1.0
28.1, 2007-04-30, 1.0
27.99, 2007-05-01, 1.0
27.56, 2007-05-02, 1.0
27.72, 2007-05-03, 1.0
27.52, 2007-05-04, 1.0
27.34, 2007-05-07, 1.0
27.49, 2007-05-08, 1.0
27.48, 2007-05-09, 1.0
27.5, 2007-05-10, 1.0
27.84, 2007-05-11, 1.0
27.69, 2007-05-14, 1.0
27.93, 2007-05-15, 1.0
28.03, 2007-05-16, 1.0
28.56, 2007-05-17, 1.0
28.45, 2007-05-18, 1.0
28.61, 2007-05-21, 1.0
28.22, 2007-05-22, 1.0
28.38, 2007-05-23, 1.0
28.25, 2007-05-24, 1.0
28.5, 2007-05-25, 1.0
27.81, 2007-05-29, 1.0
27.83, 2007-05-30, 1.0
27.92, 2007-05-31, 1.0
28.09, 2007-06-01, 1.0
28.51, 2007-06-04, 1.0
28.39, 2007-06-05, 1.0
28.53, 2007-06-06, 1.0
28.66, 2007-06-07, 1.0
27.85, 2007-06-08, 1.0
28.36, 2007-06-11, 1.0
28.17, 2007-06-12, 1.0
28.56, 2007-06-13, 1.0
28.9599, 2007-06-14, 1.0
29.19, 2007-06-15, 1.0
29.36, 2007-06-18, 1.0
29.17, 2007-06-19, 1.0
28.94, 2007-06-20, 1.0
28.85, 2007-06-21, 1.0
29.05, 2007-06-22, 1.0
29.03, 2007-06-25, 1.0
28.5, 2007-06-26, 1.0
28.6, 2007-06-27, 1.0
28.55, 2007-06-28, 1.0
28.87, 2007-06-29, 1.0
29.0401, 2007-07-02, 1.0
29.07, 2007-07-03, 1.0
29.328, 2007-07-05, 1.0
29.42, 2007-07-06, 1.0
29.55, 2007-07-09, 1.0
29.79, 2007-07-10, 1.0
29.54, 2007-07-11, 1.0
29.45, 2007-07-12, 1.0
29.6, 2007-07-13, 1.0
29.19, 2007-07-16, 1.0
28.94, 2007-07-17, 1.0
29.35, 2007-07-18, 1.0
29.68, 2007-07-19, 1.0
29.38, 2007-07-20, 1.0
29.3, 2007-07-23, 1.0
28.8, 2007-07-24, 1.0
29.41, 2007-07-25, 1.0
29.02, 2007-07-26, 1.0
29.2, 2007-07-27, 1.0
29.01, 2007-07-30, 1.0
29.53, 2007-07-31, 1.0
29.26, 2007-08-01, 1.0
29.34, 2007-08-02, 1.0
28.99, 2007-08-03, 1.0
28.17, 2007-08-06, 1.0
28.12, 2007-08-07, 1.0
28.16, 2007-08-08, 1.0
27.95, 2007-08-09, 1.0
27.99, 2007-08-10, 1.0
27.94, 2007-08-13, 1.0
28.12, 2007-08-14, 1.0
28.37, 2007-08-15, 1.0
27.79, 2007-08-16, 1.0
28.16, 2007-08-17, 1.0
27.82, 2007-08-20, 1.0
27.32, 2007-08-21, 1.0
27.13, 2007-08-22, 1.0
27.48, 2007-08-23, 1.0
27.79, 2007-08-24, 1.0
28.05, 2007-08-27, 1.0
27.8, 2007-08-28, 1.0
28.28, 2007-08-29, 1.0
28.23, 2007-08-30, 1.0
28.4, 2007-08-31, 1.0
28.581, 2007-09-04, 1.0
28.58, 2007-09-05, 1.0
28.64, 2007-09-06, 1.0
28.92, 2007-09-07, 1.0
29.14, 2007-09-10, 1.0
29.2, 2007-09-11, 1.0
29.69, 2007-09-12, 1.0
29.73, 2007-09-13, 1.0
29.7, 2007-09-14, 1.0
30.08, 2007-09-17, 1.0
30.35, 2007-09-18, 1.0
30.2701, 2007-09-19, 1.0
30.67, 2007-09-20, 1.0
30.76, 2007-09-21, 1.0
30.65, 2007-09-24, 1.0
30.28, 2007-09-25, 1.0
30.06, 2007-09-26, 1.0
30.87, 2007-09-27, 1.0
30.5699, 2007-09-28, 1.0
30.07, 2007-10-01, 1.0
30.03, 2007-10-02, 1.0
30.0, 2007-10-03, 1.0
30.76, 2007-10-04, 1.0
30.61, 2007-10-05, 1.0
29.88, 2007-10-08, 1.0
30.2552, 2007-10-09, 1.0
30.51, 2007-10-10, 1.0
30.886, 2007-10-11, 1.0
31.16, 2007-10-12, 1.0
31.9575, 2007-10-15, 1.0
32.0, 2007-10-16, 1.0
31.8, 2007-10-17, 1.0
32.33, 2007-10-18, 1.0
32.0, 2007-10-19, 1.0
31.83, 2007-10-22, 1.0
31.77, 2007-10-23, 1.0
32.55, 2007-10-24, 1.0
33.28, 2007-10-25, 1.0
33.51, 2007-10-26, 1.0
34.27, 2007-10-29, 1.0
33.14, 2007-10-30, 1.0
34.22, 2007-10-31, 1.0
34.1544, 2007-11-01, 1.0
34.948, 2007-11-02, 1.0
34.4, 2007-11-05, 1.0
35.2, 2007-11-06, 1.0
35.14, 2007-11-07, 1.0
35.1, 2007-11-08, 1.0
35.32, 2007-11-09, 1.0
34.65, 2007-11-12, 1.0
33.7, 2007-11-13, 1.0
34.29, 2007-11-14, 1.0
34.41, 2007-11-15, 1.0
34.74, 2007-11-16, 1.0
34.9, 2007-11-19, 1.0
35.9, 2007-11-20, 1.0
35.61, 2007-11-21, 1.0
35.93, 2007-11-23, 1.0
35.6, 2007-11-26, 1.0
34.8, 2007-11-27, 1.0
33.98, 2007-11-28, 1.0
34.08, 2007-11-29, 1.0
33.4, 2007-11-30, 1.0
34.17, 2007-12-03, 1.0
33.77, 2007-12-04, 1.0
33.61, 2007-12-05, 1.0
34.38, 2007-12-06, 1.0
33.9, 2007-12-07, 1.0
33.71, 2007-12-10, 1.0
34.1201, 2007-12-11, 1.0
35.74, 2007-12-12, 1.0
35.21, 2007-12-13, 1.0
34.99, 2007-12-14, 1.0
33.92, 2007-12-17, 1.0
33.664, 2007-12-18, 1.0
34.08, 2007-12-19, 1.0
33.8601, 2007-12-20, 1.0
34.3, 2007-12-21, 1.0
34.25, 2007-12-24, 1.0
35.07, 2007-12-26, 1.0
35.35, 2007-12-27, 1.0
35.2399, 2007-12-28, 1.0
35.3, 2007-12-31, 1.0
36.5, 2008-01-02, 1.0
36.26, 2008-01-03, 1.0
36.06, 2008-01-04, 1.0
35.21, 2008-01-07, 1.0
35.5, 2008-01-08, 1.0
35.18, 2008-01-09, 1.0
34.798, 2008-01-10, 1.0
34.39, 2008-01-11, 1.0
35.03, 2008-01-14, 1.0
34.35, 2008-01-15, 1.0
33.84, 2008-01-16, 1.0
33.57, 2008-01-17, 1.0
33.85, 2008-01-18, 1.0
33.45, 2008-01-22, 1.0
33.07, 2008-01-23, 1.0
33.67, 2008-01-24, 1.0
34.21, 2008-01-25, 1.0
34.454, 2008-01-28, 1.0
34.67, 2008-01-29, 1.0
34.7301, 2008-01-30, 1.0
34.81, 2008-01-31, 1.0
33.69, 2008-02-01, 1.0
34.24, 2008-02-04, 1.0
33.6, 2008-02-05, 1.0
33.43, 2008-02-06, 1.0
33.81, 2008-02-07, 1.0
34.87, 2008-02-08, 1.0
35.73, 2008-02-11, 1.0
35.28, 2008-02-12, 1.0
35.4501, 2008-02-13, 1.0
36.439, 2008-02-14, 1.0
36.34, 2008-02-15, 1.0
37.6499, 2008-02-19, 1.0
37.55, 2008-02-20, 1.0
36.8068, 2008-02-21, 1.0
37.4801, 2008-02-22, 1.0
37.66, 2008-02-25, 1.0
38.26, 2008-02-26, 1.0
37.68, 2008-02-27, 1.0
38.75, 2008-02-28, 1.0
38.57, 2008-02-29, 1.0
38.72, 2008-03-03, 1.0
37.72, 2008-03-04, 1.0
39.13, 2008-03-05, 1.0
39.56, 2008-03-06, 1.0
39.61, 2008-03-07, 1.0
40.13, 2008-03-10, 1.0
40.25, 2008-03-11, 1.0
40.75, 2008-03-12, 1.0
40.96, 2008-03-13, 1.0
40.75, 2008-03-14, 1.0
39.07, 2008-03-17, 1.0
40.38, 2008-03-18, 1.0
38.726, 2008-03-19, 1.0
38.09, 2008-03-20, 1.0
38.43, 2008-03-24, 1.0
38.71, 2008-03-25, 1.0
40.04, 2008-03-26, 1.0
40.4, 2008-03-27, 1.0
40.0899, 2008-03-28, 1.0
38.95, 2008-03-31, 1.0
38.74, 2008-04-01, 1.0
39.95, 2008-04-02, 1.0
39.58, 2008-04-03, 1.0
40.25, 2008-04-04, 1.0
41.27, 2008-04-07, 1.0
40.99, 2008-04-08, 1.0
42.15, 2008-04-09, 1.0
41.89, 2008-04-10, 1.0
42.1, 2008-04-11, 1.0
42.3, 2008-04-14, 1.0
43.1, 2008-04-15, 1.0
43.59, 2008-04-16, 1.0
43.52, 2008-04-17, 1.0
44.092, 2008-04-18, 1.0
44.36, 2008-04-21, 1.0
44.66, 2008-04-22, 1.0
45.13, 2008-04-23, 1.0
44.1201, 2008-04-24, 1.0
44.92, 2008-04-25, 1.0
44.8, 2008-04-28, 1.0
43.6, 2008-04-29, 1.0
43.2783, 2008-04-30, 1.0
42.42, 2008-05-01, 1.0
43.995, 2008-05-02, 1.0
45.33, 2008-05-05, 1.0
45.92, 2008-05-06, 1.0
46.89, 2008-05-07, 1.0
47.39, 2008-05-08, 1.0
48.46, 2008-05-09, 1.0
47.47, 2008-05-12, 1.0
48.36, 2008-05-13, 1.0
47.74, 2008-05-14, 1.0
47.86, 2008-05-15, 1.0
48.6, 2008-05-16, 1.0
48.71, 2008-05-19, 1.0
50.07, 2008-05-20, 1.0
51.801, 2008-05-21, 1.0
50.86, 2008-05-22, 1.0
51.0, 2008-05-23, 1.0
50.05, 2008-05-27, 1.0
50.69, 2008-05-28, 1.0
49.06, 2008-05-29, 1.0
49.59, 2008-05-30, 1.0
49.93, 2008-06-02, 1.0
48.96, 2008-06-03, 1.0
47.5, 2008-06-04, 1.0
49.97, 2008-06-05, 1.0
52.74, 2008-06-06, 1.0
52.05, 2008-06-09, 1.0
51.23, 2008-06-10, 1.0
53.07, 2008-06-11, 1.0
53.15, 2008-06-12, 1.0
52.37, 2008-06-13, 1.0
52.065, 2008-06-16, 1.0
52.25, 2008-06-17, 1.0
53.19, 2008-06-18, 1.0
51.5, 2008-06-19, 1.0
52.21, 2008-06-20, 1.0
53.0, 2008-06-23, 1.0
52.92, 2008-06-24, 1.0
52.06, 2008-06-25, 1.0
54.16, 2008-06-26, 1.0
54.5, 2008-06-27, 1.0
54.55, 2008-06-30, 1.0
55.07, 2008-07-01, 1.0
56.11, 2008-07-02, 1.0
56.25, 2008-07-03, 1.0
54.95, 2008-07-07, 1.0
52.83, 2008-07-08, 1.0
53.02, 2008-07-09, 1.0
55.3, 2008-07-10, 1.0
55.68, 2008-07-11, 1.0
56.03, 2008-07-14, 1.0
53.69, 2008-07-15, 1.0
52.19, 2008-07-16, 1.0
50.4, 2008-07-17, 1.0
50.07, 2008-07-18, 1.0
51.05, 2008-07-21, 1.0
49.65, 2008-07-22, 1.0
48.21, 2008-07-23, 1.0
48.41, 2008-07-24, 1.0
47.76, 2008-07-25, 1.0
47.77, 2008-07-28, 1.0
47.15, 2008-07-29, 1.0
48.8, 2008-07-30, 1.0
47.6764, 2008-07-31, 1.0
48.1399, 2008-08-01, 1.0
46.36, 2008-08-04, 1.0
45.29, 2008-08-05, 1.0
45.2, 2008-08-06, 1.0
45.43, 2008-08-07, 1.0
43.8, 2008-08-08, 1.0
44.11, 2008-08-11, 1.0
43.66, 2008-08-12, 1.0
44.47, 2008-08-13, 1.0
43.97, 2008-08-14, 1.0
43.79, 2008-08-15, 1.0
43.96, 2008-08-18, 1.0
43.96, 2008-08-19, 1.0
44.55, 2008-08-20, 1.0
46.82, 2008-08-21, 1.0
44.54, 2008-08-22, 1.0
44.59, 2008-08-25, 1.0
45.077, 2008-08-26, 1.0
45.76, 2008-08-27, 1.0
44.53, 2008-08-28, 1.0
44.28, 2008-08-29, 1.0
42.93, 2008-09-02, 1.0
42.73, 2008-09-03, 1.0
42.06, 2008-09-04, 1.0
41.63, 2008-09-05, 1.0
41.91, 2008-09-08, 1.0
40.35, 2008-09-09, 1.0
40.37, 2008-09-10, 1.0
40.0, 2008-09-11, 1.0
39.98, 2008-09-12, 1.0
37.81, 2008-09-15, 1.0
36.88, 2008-09-16, 1.0
37.75, 2008-09-17, 1.0
38.46, 2008-09-18, 1.0
40.13, 2008-09-19, 1.0
42.01, 2008-09-22, 1.0
41.07, 2008-09-23, 1.0
40.82, 2008-09-24, 1.0
41.34, 2008-09-25, 1.0
41.08, 2008-09-26, 1.0
37.95, 2008-09-29, 1.0
39.66, 2008-09-30, 1.0
38.88, 2008-10-01, 1.0
36.83, 2008-10-02, 1.0
36.0, 2008-10-03, 1.0
34.31, 2008-10-06, 1.0
34.49, 2008-10-07, 1.0
34.27, 2008-10-08, 1.0
33.07, 2008-10-09, 1.0
32.11, 2008-10-10, 1.0
32.98, 2008-10-13, 1.0
32.01, 2008-10-14, 1.0
30.25, 2008-10-15, 1.0
29.9, 2008-10-16, 1.0
29.84, 2008-10-17, 1.0
30.56, 2008-10-20, 1.0
29.43, 2008-10-21, 1.0
27.82, 2008-10-22, 1.0
28.45, 2008-10-23, 1.0
26.89, 2008-10-24, 1.0
26.21, 2008-10-27, 1.0
26.6301, 2008-10-28, 1.0
28.75, 2008-10-29, 1.0
27.41, 2008-10-30, 1.0
28.1201, 2008-10-31, 1.0
26.85, 2008-11-03, 1.0
29.34, 2008-11-04, 1.0
27.51, 2008-11-05, 1.0
26.46, 2008-11-06, 1.0
26.74, 2008-11-07, 1.0
26.934, 2008-11-10, 1.0
25.5, 2008-11-11, 1.0
24.724, 2008-11-12, 1.0
25.76, 2008-11-13, 1.0
25.085, 2008-11-14, 1.0
24.21, 2008-11-17, 1.0
23.62, 2008-11-18, 1.0
23.78, 2008-11-19, 1.0
22.3, 2008-11-20, 1.0
22.66, 2008-11-21, 1.0
24.44, 2008-11-24, 1.0
23.12, 2008-11-25, 1.0
24.645, 2008-11-26, 1.0
23.44, 2008-11-28, 1.0
22.605, 2008-12-01, 1.0
22.315, 2008-12-02, 1.0
22.0, 2008-12-03, 1.0
21.01, 2008-12-04, 1.0
20.46, 2008-12-05, 1.0
21.6, 2008-12-08, 1.0
20.91, 2008-12-09, 1.0
21.08, 2008-12-10, 1.0
22.21, 2008-12-11, 1.0
21.945, 2008-12-12, 1.0
21.0, 2008-12-15, 1.0
21.1, 2008-12-16, 1.0
20.7, 2008-12-17, 1.0
20.19, 2008-12-18, 1.0
20.029, 2008-12-19, 1.0
19.01, 2008-12-22, 1.0
18.77, 2008-12-23, 1.0
18.41, 2008-12-24, 1.0
18.696, 2008-12-26, 1.0
18.8901, 2008-12-29, 1.0
19.0, 2008-12-30, 1.0
20.09, 2008-12-31, 1.0
21.52, 2009-01-02, 1.0
22.15, 2009-01-05, 1.0
22.42, 2009-01-06, 1.0
20.96, 2009-01-07, 1.0
20.95, 2009-01-08, 1.0
20.71, 2009-01-09, 1.0
20.3414, 2009-01-12, 1.0
20.761, 2009-01-13, 1.0
20.45, 2009-01-14, 1.0
20.34, 2009-01-15, 1.0
20.19, 2009-01-16, 1.0
19.21, 2009-01-20, 1.0
19.405, 2009-01-21, 1.0
18.68, 2009-01-22, 1.0
19.78, 2009-01-23, 1.0
19.68, 2009-01-26, 1.0
19.1, 2009-01-27, 1.0
19.51, 2009-01-28, 1.0
19.64, 2009-01-29, 1.0
19.54, 2009-01-30, 1.0
18.79, 2009-02-02, 1.0
18.76, 2009-02-03, 1.0
18.85, 2009-02-04, 1.0
19.4999, 2009-02-05, 1.0
19.45, 2009-02-06, 1.0
19.7, 2009-02-09, 1.0
19.21, 2009-02-10, 1.0
18.99, 2009-02-11, 1.0
18.94, 2009-02-12, 1.0
18.47, 2009-02-13, 1.0
16.95, 2009-02-17, 1.0
16.43, 2009-02-18, 1.0
16.88, 2009-02-19, 1.0
16.99, 2009-02-20, 1.0
16.51, 2009-02-23, 1.0
17.2842, 2009-02-24, 1.0
17.83, 2009-02-25, 1.0
18.57, 2009-02-26, 1.0
18.38, 2009-02-27, 1.0
16.9431, 2009-03-02, 1.0
17.4, 2009-03-03, 1.0
18.19, 2009-03-04, 1.0
17.6, 2009-03-05, 1.0
18.1101, 2009-03-06, 1.0
18.09, 2009-03-09, 1.0
17.84, 2009-03-10, 1.0
17.18, 2009-03-11, 1.0
18.21, 2009-03-12, 1.0
17.9, 2009-03-13, 1.0
18.07, 2009-03-16, 1.0
18.84, 2009-03-17, 1.0
19.0446, 2009-03-18, 1.0
19.9, 2009-03-19, 1.0
20.25, 2009-03-20, 1.0
21.01, 2009-03-23, 1.0
21.17, 2009-03-24, 1.0
20.75, 2009-03-25, 1.0
21.02, 2009-03-26, 1.0
20.37, 2009-03-27, 1.0
19.2599, 2009-03-30, 1.0
19.3204, 2009-03-31, 1.0
18.98, 2009-04-01, 1.0
20.29, 2009-04-02, 1.0
20.69, 2009-04-03, 1.0
20.37, 2009-04-06, 1.0
20.01, 2009-04-07, 1.0
20.22, 2009-04-08, 1.0
20.63, 2009-04-09, 1.0
20.14, 2009-04-13, 1.0
20.05, 2009-04-14, 1.0
20.19, 2009-04-15, 1.0
20.18, 2009-04-16, 1.0
20.31, 2009-04-17, 1.0
18.94, 2009-04-20, 1.0
19.08, 2009-04-21, 1.0
18.81, 2009-04-22, 1.0
18.86, 2009-04-23, 1.0
19.4499, 2009-04-24, 1.0
18.91, 2009-04-27, 1.0
18.75, 2009-04-28, 1.0
19.16, 2009-04-29, 1.0
19.18, 2009-04-30, 1.0
19.74, 2009-05-01, 1.0
20.7, 2009-05-04, 1.0
20.41, 2009-05-05, 1.0
21.17, 2009-05-06, 1.0
21.41, 2009-05-07, 1.0
21.91, 2009-05-08, 1.0
21.482, 2009-05-11, 1.0
21.84, 2009-05-12, 1.0
21.71, 2009-05-13, 1.0
21.67, 2009-05-14, 1.0
21.02, 2009-05-15, 1.0
21.76, 2009-05-18, 1.0
21.7401, 2009-05-19, 1.0
22.12, 2009-05-20, 1.0
21.89, 2009-05-21, 1.0
22.08, 2009-05-22, 1.0
22.35, 2009-05-26, 1.0
22.65, 2009-05-27, 1.0
23.2, 2009-05-28, 1.0
23.69, 2009-05-29, 1.0
24.51, 2009-06-01, 1.0
24.66, 2009-06-02, 1.0
23.82, 2009-06-03, 1.0
24.67, 2009-06-04, 1.0
24.65, 2009-06-05, 1.0
24.54, 2009-06-08, 1.0
24.94, 2009-06-09, 1.0
25.13, 2009-06-10, 1.0
25.58, 2009-06-11, 1.0
25.34, 2009-06-12, 1.0
25.2, 2009-06-15, 1.0
25.02, 2009-06-16, 1.0
25.12, 2009-06-17, 1.0
25.14, 2009-06-18, 1.0
24.63, 2009-06-19, 1.0
23.62, 2009-06-22, 1.0
24.2, 2009-06-23, 1.0
24.02, 2009-06-24, 1.0
24.58, 2009-06-25, 1.0
24.3, 2009-06-26, 1.0
24.84, 2009-06-29, 1.0
24.4399, 2009-06-30, 1.0
24.05, 2009-07-01, 1.0
23.38, 2009-07-02, 1.0
22.56, 2009-07-06, 1.0
21.97, 2009-07-07, 1.0
21.439, 2009-07-08, 1.0
21.64, 2009-07-09, 1.0
21.32, 2009-07-10, 1.0
21.3, 2009-07-13, 1.0
21.29, 2009-07-14, 1.0
22.02, 2009-07-15, 1.0
22.33, 2009-07-16, 1.0
22.82, 2009-07-17, 1.0
23.31, 2009-07-20, 1.0
23.44, 2009-07-21, 1.0
23.65, 2009-07-22, 1.0
24.22, 2009-07-23, 1.0
24.42, 2009-07-24, 1.0
24.43, 2009-07-27, 1.0
24.19, 2009-07-28, 1.0
23.09, 2009-07-29, 1.0
24.33, 2009-07-30, 1.0
24.84, 2009-07-31, 1.0
25.57, 2009-08-03, 1.0
25.74, 2009-08-04, 1.0
25.99, 2009-08-05, 1.0
25.81, 2009-08-06, 1.0
25.49, 2009-08-07, 1.0
25.59, 2009-08-10, 1.0
25.08, 2009-08-11, 1.0
25.17, 2009-08-12, 1.0
25.52, 2009-08-13, 1.0
24.59, 2009-08-14, 1.0
24.24, 2009-08-17, 1.0
24.87, 2009-08-18, 1.0
25.35, 2009-08-19, 1.0
25.1, 2009-08-20, 1.0
25.29, 2009-08-21, 1.0
25.35, 2009-08-24, 1.0
24.76, 2009-08-25, 1.0
24.66, 2009-08-26, 1.0
25.06, 2009-08-27, 1.0
24.98, 2009-08-28, 1.0
24.03, 2009-08-31, 1.0
23.56, 2009-09-01, 1.0
23.45, 2009-09-02, 1.0
23.305, 2009-09-03, 1.0
23.18, 2009-09-04, 1.0
24.04, 2009-09-08, 1.0
24.0, 2009-09-09, 1.0
24.25, 2009-09-10, 1.0
23.48, 2009-09-11, 1.0
23.51, 2009-09-14, 1.0
23.78, 2009-09-15, 1.0
24.37, 2009-09-16, 1.0
24.53, 2009-09-17, 1.0
24.37, 2009-09-18, 1.0
23.59, 2009-09-21, 1.0
24.15, 2009-09-22, 1.0
23.35, 2009-09-23, 1.0
22.61, 2009-09-24, 1.0
22.57, 2009-09-25, 1.0
22.79, 2009-09-28, 1.0
22.63, 2009-09-29, 1.0
23.62, 2009-09-30, 1.0
23.8, 2009-10-01, 1.0
23.55, 2009-10-02, 1.0
23.59, 2009-10-05, 1.0
23.8, 2009-10-06, 1.0
23.54, 2009-10-07, 1.0
23.98, 2009-10-08, 1.0
24.24, 2009-10-09, 1.0
24.46, 2009-10-12, 1.0
24.88, 2009-10-13, 1.0
25.1, 2009-10-14, 1.0
25.995, 2009-10-15, 1.0
26.37, 2009-10-16, 1.0
26.5, 2009-10-19, 1.0
26.3, 2009-10-20, 1.0
26.89, 2009-10-21, 1.0
26.95, 2009-10-22, 1.0
26.85, 2009-10-23, 1.0
26.37, 2009-10-26, 1.0
26.57, 2009-10-27, 1.0
25.84, 2009-10-28, 1.0
26.58, 2009-10-29, 1.0
25.76, 2009-10-30, 1.0
26.05, 2009-11-02, 1.0
26.34, 2009-11-03, 1.0
26.51, 2009-11-04, 1.0
26.46, 2009-11-05, 1.0
25.85, 2009-11-06, 1.0
26.24, 2009-11-09, 1.0
26.14, 2009-11-10, 1.0
26.25, 2009-11-11, 1.0
25.68, 2009-11-12, 1.0
25.53, 2009-11-13, 1.0
26.18, 2009-11-16, 1.0
26.41, 2009-11-17, 1.0
26.4, 2009-11-18, 1.0
25.94, 2009-11-19, 1.0
25.78, 2009-11-20, 1.0
25.85, 2009-11-23, 1.0
25.54, 2009-11-24, 1.0
26.16, 2009-11-25, 1.0
25.9, 2009-11-27, 1.0
26.18, 2009-11-30, 1.0
26.28, 2009-12-01, 1.0
25.81, 2009-12-02, 1.0
25.975, 2009-12-03, 1.0
25.86, 2009-12-04, 1.0
25.61, 2009-12-07, 1.0
25.29, 2009-12-08, 1.0
24.52, 2009-12-09, 1.0
24.39, 2009-12-10, 1.0
24.38, 2009-12-11, 1.0
24.46, 2009-12-14, 1.0
24.59, 2009-12-15, 1.0
25.02, 2009-12-16, 1.0
24.77, 2009-12-17, 1.0
25.0, 2009-12-18, 1.0
24.56, 2009-12-21, 1.0
24.78, 2009-12-22, 1.0
25.37, 2009-12-23, 1.0
25.5, 2009-12-24, 1.0
26.07, 2009-12-28, 1.0
26.02, 2009-12-29, 1.0
26.09, 2009-12-30, 1.0
26.19, 2009-12-31, 1.0
26.73, 2010-01-04, 1.0
26.73, 2010-01-05, 1.0
27.122, 2010-01-06, 1.0
27.01, 2010-01-07, 1.0
27.02, 2010-01-08, 1.0
26.74, 2010-01-11, 1.0
26.24, 2010-01-12, 1.0
26.07, 2010-01-13, 1.0
25.99, 2010-01-14, 1.0
25.69, 2010-01-15, 1.0
25.76, 2010-01-19, 1.0
25.34, 2010-01-20, 1.0
24.89, 2010-01-21, 1.0
24.48, 2010-01-22, 1.0
24.67, 2010-01-25, 1.0
24.4, 2010-01-26, 1.0
24.13, 2010-01-27, 1.0
24.09, 2010-01-28, 1.0
23.88, 2010-01-29, 1.0
24.44, 2010-02-01, 1.0
25.25, 2010-02-02, 1.0
25.14, 2010-02-03, 1.0
24.07, 2010-02-04, 1.0
23.6, 2010-02-05, 1.0
23.62, 2010-02-08, 1.0
24.07, 2010-02-09, 1.0
24.26, 2010-02-10, 1.0
24.45, 2010-02-11, 1.0
24.21, 2010-02-12, 1.0
24.936, 2010-02-16, 1.0
25.05, 2010-02-17, 1.0
25.4, 2010-02-18, 1.0
25.52, 2010-02-19, 1.0
25.41, 2010-02-22, 1.0
24.94, 2010-02-23, 1.0
25.3581, 2010-02-24, 1.0
24.77, 2010-02-25, 1.0
25.1, 2010-02-26, 1.0
24.93, 2010-03-01, 1.0
25.19, 2010-03-02, 1.0
25.59, 2010-03-03, 1.0
25.43, 2010-03-04, 1.0
25.77, 2010-03-05, 1.0
25.76, 2010-03-08, 1.0
25.46, 2010-03-09, 1.0
25.69, 2010-03-10, 1.0
25.7, 2010-03-11, 1.0
25.39, 2010-03-12, 1.0
25.09, 2010-03-15, 1.0
25.5, 2010-03-16, 1.0
25.72, 2010-03-17, 1.0
25.56, 2010-03-18, 1.0
25.1, 2010-03-19, 1.0
25.22, 2010-03-22, 1.0
25.33, 2010-03-23, 1.0
24.99, 2010-03-24, 1.0
24.95, 2010-03-25, 1.0
24.91, 2010-03-26, 1.0
25.43, 2010-03-29, 1.0
25.54, 2010-03-30, 1.0
25.78, 2010-03-31, 1.0
26.34, 2010-04-01, 1.0
26.99, 2010-04-05, 1.0
26.99, 2010-04-06, 1.0
26.72, 2010-04-07, 1.0
26.65, 2010-04-08, 1.0
26.64, 2010-04-09, 1.0
26.57, 2010-04-12, 1.0
26.6, 2010-04-13, 1.0
26.96, 2010-04-14, 1.0
27.0101, 2010-04-15, 1.0
26.53, 2010-04-16, 1.0
26.2099, 2010-04-19, 1.0
26.33, 2010-04-20, 1.0
26.54, 2010-04-21, 1.0
26.65, 2010-04-22, 1.0
27.07, 2010-04-23, 1.0
27.0, 2010-04-26, 1.0
26.66, 2010-04-27, 1.0
26.76, 2010-04-28, 1.0
27.02, 2010-04-29, 1.0
27.24, 2010-04-30, 1.0
27.65, 2010-05-03, 1.0
26.69, 2010-05-04, 1.0
25.81, 2010-05-05, 1.0
25.36, 2010-05-06, 1.0
24.74, 2010-05-07, 1.0
25.43, 2010-05-10, 1.0
25.32, 2010-05-11, 1.0
25.54, 2010-05-12, 1.0
25.1235, 2010-05-13, 1.0
24.38, 2010-05-14, 1.0
23.65, 2010-05-17, 1.0
23.41, 2010-05-18, 1.0
23.16, 2010-05-19, 1.0
22.39, 2010-05-20, 1.0
22.4, 2010-05-21, 1.0
22.3, 2010-05-24, 1.0
22.13, 2010-05-25, 1.0
22.51, 2010-05-26, 1.0
23.5, 2010-05-27, 1.0
23.45, 2010-05-28, 1.0
22.92, 2010-06-01, 1.0
23.53, 2010-06-02, 1.0
23.93, 2010-06-03, 1.0
23.04, 2010-06-04, 1.0
23.0798, 2010-06-07, 1.0
23.13, 2010-06-08, 1.0
23.43, 2010-06-09, 1.0
23.88, 2010-06-10, 1.0
23.68, 2010-06-11, 1.0
23.76, 2010-06-14, 1.0
24.34, 2010-06-15, 1.0
24.48, 2010-06-16, 1.0
24.6299, 2010-06-17, 1.0
24.53, 2010-06-18, 1.0
24.35, 2010-06-21, 1.0
24.2, 2010-06-22, 1.0
23.69, 2010-06-23, 1.0
23.69, 2010-06-24, 1.0
24.36, 2010-06-25, 1.0
24.04, 2010-06-28, 1.0
23.32, 2010-06-29, 1.0
23.15, 2010-06-30, 1.0
22.65, 2010-07-01, 1.0
22.45, 2010-07-02, 1.0
22.45, 2010-07-06, 1.0
23.03, 2010-07-07, 1.0
23.31, 2010-07-08, 1.0
23.35, 2010-07-09, 1.0
22.95, 2010-07-12, 1.0
23.51, 2010-07-13, 1.0
23.41, 2010-07-14, 1.0
23.5, 2010-07-15, 1.0
23.25, 2010-07-16, 1.0
23.35, 2010-07-19, 1.0
23.51, 2010-07-20, 1.0
23.25, 2010-07-21, 1.0
23.9681, 2010-07-22, 1.0
23.88, 2010-07-23, 1.0
23.91, 2010-07-26, 1.0
23.59, 2010-07-27, 1.0
23.52, 2010-07-28, 1.0
23.96, 2010-07-29, 1.0
24.16, 2010-07-30, 1.0
24.72, 2010-08-02, 1.0
25.0399, 2010-08-03, 1.0
25.02, 2010-08-04, 1.0
24.86, 2010-08-05, 1.0
24.53, 2010-08-06, 1.0
24.59, 2010-08-09, 1.0
24.27, 2010-08-10, 1.0
23.59, 2010-08-11, 1.0
23.0, 2010-08-12, 1.0
22.955, 2010-08-13, 1.0
22.77, 2010-08-16, 1.0
23.21, 2010-08-17, 1.0
23.1, 2010-08-18, 1.0
22.8, 2010-08-19, 1.0
22.52, 2010-08-20, 1.0
22.24, 2010-08-23, 1.0
21.94, 2010-08-24, 1.0
22.19, 2010-08-25, 1.0
22.5, 2010-08-26, 1.0
22.945, 2010-08-27, 1.0
22.818, 2010-08-30, 1.0
22.32, 2010-08-31, 1.0
22.8, 2010-09-01, 1.0
23.0, 2010-09-02, 1.0
22.91, 2010-09-03, 1.0
23.07, 2010-09-07, 1.0
23.15, 2010-09-08, 1.0
23.03, 2010-09-09, 1.0
23.28, 2010-09-10, 1.0
23.52, 2010-09-13, 1.0
23.44, 2010-09-14, 1.0
23.39, 2010-09-15, 1.0
23.12, 2010-09-16, 1.0
23.04, 2010-09-17, 1.0
23.35, 2010-09-20, 1.0
23.04, 2010-09-21, 1.0
22.91, 2010-09-22, 1.0
22.98, 2010-09-23, 1.0
23.24, 2010-09-24, 1.0
23.07, 2010-09-27, 1.0
23.19, 2010-09-28, 1.0
23.7, 2010-09-29, 1.0
24.16, 2010-09-30, 1.0
24.55, 2010-10-01, 1.0
24.47, 2010-10-04, 1.0
24.81, 2010-10-05, 1.0
24.97, 2010-10-06, 1.0
24.48, 2010-10-07, 1.0
24.8, 2010-10-08, 1.0
24.64, 2010-10-11, 1.0
24.59, 2010-10-12, 1.0
24.8, 2010-10-13, 1.0
24.69, 2010-10-14, 1.0
24.29, 2010-10-15, 1.0
24.7, 2010-10-18, 1.0
23.79, 2010-10-19, 1.0
24.3, 2010-10-20, 1.0
23.94, 2010-10-21, 1.0
24.2, 2010-10-22, 1.0
24.25, 2010-10-25, 1.0
24.33, 2010-10-26, 1.0
24.27, 2010-10-27, 1.0
24.29, 2010-10-28, 1.0
24.21, 2010-10-29, 1.0
24.44, 2010-11-01, 1.0
24.7, 2010-11-02, 1.0
25.06, 2010-11-03, 1.0
25.46, 2010-11-04, 1.0
25.53, 2010-11-05, 1.0
25.56, 2010-11-08, 1.0
25.41, 2010-11-09, 1.0
25.76, 2010-11-10, 1.0
25.64, 2010-11-11, 1.0
24.91, 2010-11-12, 1.0
24.93, 2010-11-15, 1.0
24.38, 2010-11-16, 1.0
24.04, 2010-11-17, 1.0
24.5, 2010-11-18, 1.0
24.29, 2010-11-19, 1.0
24.23, 2010-11-22, 1.0
24.17, 2010-11-23, 1.0
24.87, 2010-11-24, 1.0
24.75, 2010-11-26, 1.0
25.13, 2010-11-29, 1.0
24.7, 2010-11-30, 1.0
25.38, 2010-12-01, 1.0
25.72, 2010-12-02, 1.0
26.0, 2010-12-03, 1.0
25.92, 2010-12-06, 1.0
25.84, 2010-12-07, 1.0
26.02, 2010-12-08, 1.0
25.95, 2010-12-09, 1.0
25.83, 2010-12-10, 1.0
25.93, 2010-12-13, 1.0
25.94, 2010-12-14, 1.0
26.05, 2010-12-15, 1.0
25.9, 2010-12-16, 1.0
25.94, 2010-12-17, 1.0
26.19, 2010-12-20, 1.0
26.35, 2010-12-21, 1.0
26.47, 2010-12-22, 1.0
26.65, 2010-12-23, 1.0
26.49, 2010-12-27, 1.0
26.66, 2010-12-28, 1.0
26.68, 2010-12-29, 1.0
26.37, 2010-12-30, 1.0
26.88, 2010-12-31, 1.0
27.11, 2011-01-03, 1.0
26.74, 2011-01-04, 1.0
27.08, 2011-01-05, 1.0
26.72, 2011-01-06, 1.0
26.56, 2011-01-07, 1.0
27.05, 2011-01-10, 1.0
27.5, 2011-01-11, 1.0
27.52, 2011-01-12, 1.0
27.47, 2011-01-13, 1.0
27.73, 2011-01-14, 1.0
27.56, 2011-01-18, 1.0
27.69, 2011-01-19, 1.0
27.36, 2011-01-20, 1.0
27.65, 2011-01-21, 1.0
27.25, 2011-01-24, 1.0
26.92, 2011-01-25, 1.0
27.66, 2011-01-26, 1.0
27.34, 2011-01-27, 1.0
27.83, 2011-01-28, 1.0
28.28, 2011-01-31, 1.0
28.34, 2011-02-01, 1.0
28.67, 2011-02-02, 1.0
28.56, 2011-02-03, 1.0
28.14, 2011-02-04, 1.0
27.98, 2011-02-07, 1.0
28.13, 2011-02-08, 1.0
28.43, 2011-02-09, 1.0
28.15, 2011-02-10, 1.0
27.99, 2011-02-11, 1.0
28.28, 2011-02-14, 1.0
27.97, 2011-02-15, 1.0
28.34, 2011-02-16, 1.0
28.13, 2011-02-17, 1.0
28.18, 2011-02-18, 1.0
28.8, 2011-02-22, 1.0
29.77, 2011-02-23, 1.0
29.35, 2011-02-24, 1.0
30.04, 2011-02-25, 1.0
29.96, 2011-02-28, 1.0
30.69, 2011-03-01, 1.0
30.83, 2011-03-02, 1.0
30.73, 2011-03-03, 1.0
30.99, 2011-03-04, 1.0
30.9, 2011-03-07, 1.0
30.55, 2011-03-08, 1.0
31.02, 2011-03-09, 1.0
30.58, 2011-03-10, 1.0
30.35, 2011-03-11, 1.0
30.44, 2011-03-14, 1.0
29.44, 2011-03-15, 1.0
29.76, 2011-03-16, 1.0
30.67, 2011-03-17, 1.0
30.63, 2011-03-18, 1.0
30.77, 2011-03-21, 1.0
31.1399, 2011-03-22, 1.0
31.09, 2011-03-23, 1.0
31.17, 2011-03-24, 1.0
31.24, 2011-03-25, 1.0
30.84, 2011-03-28, 1.0
30.95, 2011-03-29, 1.0
30.94, 2011-03-30, 1.0
31.45, 2011-03-31, 1.0
31.81, 2011-04-01, 1.0
32.04, 2011-04-04, 1.0
32.17, 2011-04-05, 1.0
32.24, 2011-04-06, 1.0
32.32, 2011-04-07, 1.0
33.29, 2011-04-08, 1.0
32.47, 2011-04-11, 1.0
31.77, 2011-04-12, 1.0
32.18, 2011-04-13, 1.0
32.31, 2011-04-14, 1.0
32.58, 2011-04-15, 1.0
32.09, 2011-04-18, 1.0
32.05, 2011-04-19, 1.0
32.71, 2011-04-20, 1.0
32.86, 2011-04-21, 1.0
32.75, 2011-04-25, 1.0
32.85, 2011-04-26, 1.0
33.26, 2011-04-27, 1.0
33.16, 2011-04-28, 1.0
33.45, 2011-04-29, 1.0
33.255, 2011-05-02, 1.0
32.75, 2011-05-03, 1.0
32.16, 2011-05-04, 1.0
29.385, 2011-05-05, 1.0
29.21, 2011-05-06, 1.0
30.46, 2011-05-09, 1.0
30.84, 2011-05-10, 1.0
29.79, 2011-05-11, 1.0
29.7, 2011-05-12, 1.0
29.85, 2011-05-13, 1.0
29.29, 2011-05-16, 1.0
29.18, 2011-05-17, 1.0
29.62, 2011-05-18, 1.0
29.47, 2011-05-19, 1.0
29.84, 2011-05-20, 1.0
29.21, 2011-05-23, 1.0
29.79, 2011-05-24, 1.0
30.31, 2011-05-25, 1.0
30.2609, 2011-05-26, 1.0
30.44, 2011-05-27, 1.0
30.88, 2011-05-31, 1.0
30.39, 2011-06-01, 1.0
30.6689, 2011-06-02, 1.0
30.66, 2011-06-03, 1.0
30.36, 2011-06-06, 1.0
30.8289, 2011-06-07, 1.0
31.07, 2011-06-08, 1.0
31.29, 2011-06-09, 1.0
31.0099, 2011-06-10, 1.0
30.79, 2011-06-13, 1.0
31.12, 2011-06-14, 1.0
29.94, 2011-06-15, 1.0
29.88, 2011-06-16, 1.0
29.57, 2011-06-17, 1.0
29.3, 2011-06-20, 1.0
29.11, 2011-06-21, 1.0
29.65, 2011-06-22, 1.0
28.73, 2011-06-23, 1.0
28.42, 2011-06-24, 1.0
28.36, 2011-06-27, 1.0
28.96, 2011-06-28, 1.0
29.7501, 2011-06-29, 1.0
29.73, 2011-06-30, 1.0
29.62, 2011-07-01, 1.0
29.99, 2011-07-05, 1.0
29.95, 2011-07-06, 1.0
30.84, 2011-07-07, 1.0
30.7, 2011-07-08, 1.0
30.45, 2011-07-11, 1.0
30.59, 2011-07-12, 1.0
30.97, 2011-07-13, 1.0
30.68, 2011-07-14, 1.0
31.01, 2011-07-15, 1.0
30.64, 2011-07-18, 1.0
30.9, 2011-07-19, 1.0
31.04, 2011-07-20, 1.0
30.95, 2011-07-21, 1.0
31.09, 2011-07-22, 1.0
30.935, 2011-07-25, 1.0
31.06, 2011-07-26, 1.0
30.75, 2011-07-27, 1.0
30.71, 2011-07-28, 1.0
30.47, 2011-07-29, 1.0
30.47, 2011-08-01, 1.0
30.13, 2011-08-02, 1.0
29.47, 2011-08-03, 1.0
28.05, 2011-08-04, 1.0
28.41, 2011-08-05, 1.0
27.08, 2011-08-08, 1.0
27.2199, 2011-08-09, 1.0
27.3, 2011-08-10, 1.0
27.95, 2011-08-11, 1.0
27.87, 2011-08-12, 1.0
28.42, 2011-08-15, 1.0
28.24, 2011-08-16, 1.0
28.52, 2011-08-17, 1.0
27.34, 2011-08-18, 1.0
27.93, 2011-08-19, 1.0
27.87, 2011-08-22, 1.0
28.28, 2011-08-23, 1.0
28.23, 2011-08-24, 1.0
28.32, 2011-08-25, 1.0
28.39, 2011-08-26, 1.0
28.59, 2011-08-29, 1.0
29.03, 2011-08-30, 1.0
29.23, 2011-08-31, 1.0
29.13, 2011-09-01, 1.0
28.6, 2011-09-02, 1.0
28.65, 2011-09-06, 1.0
29.3, 2011-09-07, 1.0
28.91, 2011-09-08, 1.0
28.34, 2011-09-09, 1.0
28.23, 2011-09-12, 1.0
28.26, 2011-09-13, 1.0
28.14, 2011-09-14, 1.0
28.59, 2011-09-15, 1.0
28.48, 2011-09-16, 1.0
27.84, 2011-09-19, 1.0
27.94, 2011-09-20, 1.0
27.57, 2011-09-21, 1.0
26.53, 2011-09-22, 1.0
26.33, 2011-09-23, 1.0
26.54, 2011-09-26, 1.0
27.07, 2011-09-27, 1.0
26.31, 2011-09-28, 1.0
26.51, 2011-09-29, 1.0
25.71, 2011-09-30, 1.0
25.28, 2011-10-03, 1.0
25.44, 2011-10-04, 1.0
25.8671, 2011-10-05, 1.0
26.64, 2011-10-06, 1.0
26.49, 2011-10-07, 1.0
27.1, 2011-10-10, 1.0
27.2, 2011-10-11, 1.0
27.23, 2011-10-12, 1.0
27.42, 2011-10-13, 1.0
28.2, 2011-10-14, 1.0
27.72, 2011-10-17, 1.0
28.03, 2011-10-18, 1.0
27.37, 2011-10-19, 1.0
27.48, 2011-10-20, 1.0
27.6, 2011-10-21, 1.0
27.95, 2011-10-24, 1.0
27.94, 2011-10-25, 1.0
27.66, 2011-10-26, 1.0
28.44, 2011-10-27, 1.0
28.22, 2011-10-28, 1.0
27.97, 2011-10-31, 1.0
27.58, 2011-11-01, 1.0
27.78, 2011-11-02, 1.0
28.0685, 2011-11-03, 1.0
28.44, 2011-11-04, 1.0
28.95, 2011-11-07, 1.0
29.05, 2011-11-08, 1.0
28.51, 2011-11-09, 1.0
28.67, 2011-11-10, 1.0
28.8, 2011-11-11, 1.0
28.47, 2011-11-14, 1.0
28.72, 2011-11-15, 1.0
28.76, 2011-11-16, 1.0
28.19, 2011-11-17, 1.0
27.94, 2011-11-18, 1.0
27.96, 2011-11-21, 1.0
28.3, 2011-11-22, 1.0
27.85, 2011-11-23, 1.0
27.63, 2011-11-25, 1.0
27.95, 2011-11-28, 1.0
28.27, 2011-11-29, 1.0
28.38, 2011-11-30, 1.0
28.37, 2011-12-01, 1.0
28.72, 2011-12-02, 1.0
28.57, 2011-12-05, 1.0
28.7, 2011-12-06, 1.0
28.495, 2011-12-07, 1.0
27.94, 2011-12-08, 1.0
28.28, 2011-12-09, 1.0
27.851, 2011-12-12, 1.0
28.25, 2011-12-13, 1.0
27.0, 2011-12-14, 1.0
26.8, 2011-12-15, 1.0
26.81, 2011-12-16, 1.0
26.62, 2011-12-19, 1.0
27.49, 2011-12-20, 1.0
27.72, 2011-12-21, 1.0
27.7, 2011-12-22, 1.0
27.697, 2011-12-23, 1.0
28.1, 2011-12-27, 1.0
27.73, 2011-12-28, 1.0
27.88, 2011-12-29, 1.0
27.62, 2011-12-30, 1.0
28.74, 2012-01-03, 1.0
29.23, 2012-01-04, 1.0
28.85, 2012-01-05, 1.0
29.089, 2012-01-06, 1.0
28.94, 2012-01-09, 1.0
29.03, 2012-01-10, 1.0
28.75, 2012-01-11, 1.0
28.29, 2012-01-12, 1.0
28.33, 2012-01-13, 1.0
28.42, 2012-01-17, 1.0
28.38, 2012-01-18, 1.0
28.34, 2012-01-19, 1.0
27.99, 2012-01-20, 1.0
28.3, 2012-01-23, 1.0
28.24, 2012-01-24, 1.0
28.51, 2012-01-25, 1.0
28.5, 2012-01-26, 1.0
28.7, 2012-01-27, 1.0
28.35, 2012-01-30, 1.0
28.26, 2012-01-31, 1.0
28.22, 2012-02-01, 1.0
28.4, 2012-02-02, 1.0
28.8521, 2012-02-03, 1.0
29.21, 2012-02-06, 1.0
29.21, 2012-02-07, 1.0
29.4, 2012-02-08, 1.0
29.65, 2012-02-09, 1.0
29.465, 2012-02-10, 1.0
29.58, 2012-02-13, 1.0
29.699, 2012-02-14, 1.0
29.9, 2012-02-15, 1.0
30.11, 2012-02-16, 1.0
30.19, 2012-02-17, 1.0
30.61, 2012-02-21, 1.0
30.83, 2012-02-22, 1.0
31.11, 2012-02-23, 1.0
31.41, 2012-02-24, 1.0
30.89, 2012-02-27, 1.0
30.5, 2012-02-28, 1.0
30.68, 2012-02-29, 1.0
31.284, 2012-03-01, 1.0
30.71, 2012-03-02, 1.0
30.7507, 2012-03-05, 1.0
30.32, 2012-03-06, 1.0
30.71, 2012-03-07, 1.0
30.98, 2012-03-08, 1.0
31.12, 2012-03-09, 1.0
30.92, 2012-03-12, 1.0
31.13, 2012-03-13, 1.0
30.886, 2012-03-14, 1.0
30.53, 2012-03-15, 1.0
31.2282, 2012-03-16, 1.0
31.18, 2012-03-19, 1.0
30.79, 2012-03-20, 1.0
30.75, 2012-03-21, 1.0
30.415, 2012-03-22, 1.0
30.79, 2012-03-23, 1.0
30.91, 2012-03-26, 1.0
30.82, 2012-03-27, 1.0
30.59, 2012-03-28, 1.0
30.01, 2012-03-29, 1.0
30.05, 2012-03-30, 1.0
30.696, 2012-04-02, 1.0
30.52, 2012-04-03, 1.0
29.9901, 2012-04-04, 1.0
30.11, 2012-04-05, 1.0
29.98, 2012-04-09, 1.0
29.4, 2012-04-10, 1.0
29.56, 2012-04-11, 1.0
29.92, 2012-04-12, 1.0
29.9, 2012-04-13, 1.0
29.47, 2012-04-16, 1.0
29.58, 2012-04-17, 1.0
29.38, 2012-04-18, 1.0
29.36, 2012-04-19, 1.0
29.54, 2012-04-20, 1.0
29.53, 2012-04-23, 1.0
29.44, 2012-04-24, 1.0
29.684, 2012-04-25, 1.0
29.798, 2012-04-26, 1.0
29.77, 2012-04-27, 1.0
29.9, 2012-04-30, 1.0
30.0, 2012-05-01, 1.0
29.64, 2012-05-02, 1.0
29.18, 2012-05-03, 1.0
28.31, 2012-05-04, 1.0
28.21, 2012-05-07, 1.0
28.26, 2012-05-08, 1.0
28.15, 2012-05-09, 1.0
28.08, 2012-05-10, 1.0
27.98, 2012-05-11, 1.0
27.54, 2012-05-14, 1.0
27.55, 2012-05-15, 1.0
27.37, 2012-05-16, 1.0
27.07, 2012-05-17, 1.0
26.89, 2012-05-18, 1.0
27.3411, 2012-05-21, 1.0
27.11, 2012-05-22, 1.0
26.78, 2012-05-23, 1.0
26.81, 2012-05-24, 1.0
26.8, 2012-05-25, 1.0
26.66, 2012-05-29, 1.0
25.8882, 2012-05-30, 1.0
25.59, 2012-05-31, 1.0
24.75, 2012-06-01, 1.0
24.9, 2012-06-04, 1.0
24.9, 2012-06-05, 1.0
25.29, 2012-06-06, 1.0
24.93, 2012-06-07, 1.0
25.13, 2012-06-08, 1.0
24.4, 2012-06-11, 1.0
24.57, 2012-06-12, 1.0
24.385, 2012-06-13, 1.0
24.87, 2012-06-14, 1.0
24.86, 2012-06-15, 1.0
24.66, 2012-06-18, 1.0
24.67, 2012-06-19, 1.0
24.08, 2012-06-20, 1.0
23.49, 2012-06-21, 1.0
23.79, 2012-06-22, 1.0
23.81, 2012-06-25, 1.0
24.05, 2012-06-26, 1.0
24.15, 2012-06-27, 1.0
23.8, 2012-06-28, 1.0
25.24, 2012-06-29, 1.0
24.95, 2012-07-02, 1.0
25.86, 2012-07-03, 1.0
25.78, 2012-07-05, 1.0
25.1, 2012-07-06, 1.0
25.49, 2012-07-09, 1.0
25.02, 2012-07-10, 1.0
25.62, 2012-07-11, 1.0
25.6, 2012-07-12, 1.0
25.99, 2012-07-13, 1.0
26.3, 2012-07-16, 1.0
26.38, 2012-07-17, 1.0
26.75, 2012-07-18, 1.0
27.242, 2012-07-19, 1.0
27.18, 2012-07-20, 1.0
26.43, 2012-07-23, 1.0
26.42, 2012-07-24, 1.0
26.46, 2012-07-25, 1.0
26.67, 2012-07-26, 1.0
26.85, 2012-07-27, 1.0
26.9, 2012-07-30, 1.0
26.5, 2012-07-31, 1.0
26.72, 2012-08-01, 1.0
26.53, 2012-08-02, 1.0
27.22, 2012-08-03, 1.0
27.44, 2012-08-06, 1.0
27.88, 2012-08-07, 1.0
27.94, 2012-08-08, 1.0
28.2, 2012-08-09, 1.0
28.04, 2012-08-10, 1.0
28.0, 2012-08-13, 1.0
28.19, 2012-08-14, 1.0
28.57, 2012-08-15, 1.0
28.64, 2012-08-16, 1.0
28.57, 2012-08-17, 1.0
28.63, 2012-08-20, 1.0
28.85, 2012-08-21, 1.0
29.02, 2012-08-22, 1.0
28.88, 2012-08-23, 1.0
28.51, 2012-08-24, 1.0
28.36, 2012-08-27, 1.0
28.42, 2012-08-28, 1.0
28.38, 2012-08-29, 1.0
28.47, 2012-08-30, 1.0
28.93, 2012-08-31, 1.0
28.8, 2012-09-04, 1.0
28.65, 2012-09-05, 1.0
28.53, 2012-09-06, 1.0
28.86, 2012-09-07, 1.0
28.96, 2012-09-10, 1.0
29.13, 2012-09-11, 1.0
29.23, 2012-09-12, 1.0
29.32, 2012-09-13, 1.0
29.53, 2012-09-14, 1.0
28.72, 2012-09-17, 1.0
28.44, 2012-09-18, 1.0
27.46, 2012-09-19, 1.0
27.94, 2012-09-20, 1.0
28.2, 2012-09-21, 1.0
27.85, 2012-09-24, 1.0
27.929, 2012-09-25, 1.0
27.83, 2012-09-26, 1.0
28.42, 2012-09-27, 1.0
28.43, 2012-09-28, 1.0
28.5, 2012-10-01, 1.0
28.29, 2012-10-02, 1.0
27.43, 2012-10-03, 1.0
28.43, 2012-10-04, 1.0
28.33, 2012-10-05, 1.0
28.306, 2012-10-08, 1.0
28.82, 2012-10-09, 1.0
28.83, 2012-10-10, 1.0
29.2, 2012-10-11, 1.0
28.88, 2012-10-12, 1.0
28.88, 2012-10-15, 1.0
28.86, 2012-10-16, 1.0
28.74, 2012-10-17, 1.0
28.622, 2012-10-18, 1.0
28.1032, 2012-10-19, 1.0
27.8, 2012-10-22, 1.0
27.34, 2012-10-23, 1.0
27.15, 2012-10-24, 1.0
27.43, 2012-10-25, 1.0
27.54, 2012-10-26, 1.0
27.35, 2012-10-31, 1.0
27.43, 2012-11-01, 1.0
26.83, 2012-11-02, 1.0
27.25, 2012-11-05, 1.0
27.94, 2012-11-06, 1.0
27.02, 2012-11-07, 1.0
27.04, 2012-11-08, 1.0
27.51, 2012-11-09, 1.0
27.44, 2012-11-12, 1.0
27.3802, 2012-11-13, 1.0
27.61, 2012-11-14, 1.0
27.4148, 2012-11-15, 1.0
27.72, 2012-11-16, 1.0
28.3001, 2012-11-19, 1.0
27.9831, 2012-11-20, 1.0
28.26, 2012-11-21, 1.0
28.39, 2012-11-23, 1.0
28.0908, 2012-11-26, 1.0
27.95, 2012-11-27, 1.0
27.79, 2012-11-28, 1.0
27.99, 2012-11-29, 1.0
28.08, 2012-11-30, 1.0
28.06, 2012-12-03, 1.0
27.7601, 2012-12-04, 1.0
27.6, 2012-12-05, 1.0
27.19, 2012-12-06, 1.0
27.11, 2012-12-07, 1.0
26.96, 2012-12-10, 1.0
27.04, 2012-12-11, 1.0
27.3, 2012-12-12, 1.0
26.98, 2012-12-13, 1.0
27.25, 2012-12-14, 1.0
27.23, 2012-12-17, 1.0
27.45, 2012-12-18, 1.0
27.78, 2012-12-19, 1.0
27.82, 2012-12-20, 1.0
27.61, 2012-12-21, 1.0
27.48, 2012-12-24, 1.0
27.98, 2012-12-26, 1.0
28.01, 2012-12-27, 1.0
27.89, 2012-12-28, 1.0
27.94, 2012-12-31, 1.0
28.11, 2013-01-02, 1.0
27.963, 2013-01-03, 1.0
27.96, 2013-01-04, 1.0
28.03, 2013-01-07, 1.0
28.19, 2013-01-08, 1.0
28.1, 2013-01-09, 1.0
28.2, 2013-01-10, 1.0
28.05, 2013-01-11, 1.0
28.34, 2013-01-14, 1.0
28.096, 2013-01-15, 1.0
28.12, 2013-01-16, 1.0
28.41, 2013-01-17, 1.0
28.61, 2013-01-18, 1.0
28.75, 2013-01-22, 1.0
28.76, 2013-01-23, 1.0
28.84, 2013-01-24, 1.0
28.8, 2013-01-25, 1.0
28.74, 2013-01-28, 1.0
28.96, 2013-01-29, 1.0
29.22, 2013-01-30, 1.0
29.31, 2013-01-31, 1.0
29.48, 2013-02-01, 1.0
29.29, 2013-02-04, 1.0
29.57, 2013-02-05, 1.0
29.67, 2013-02-06, 1.0
29.58, 2013-02-07, 1.0
29.84, 2013-02-08, 1.0
29.84, 2013-02-11, 1.0
29.882, 2013-02-12, 1.0
29.91, 2013-02-13, 1.0
29.91, 2013-02-14, 1.0
29.8, 2013-02-15, 1.0
29.76, 2013-02-19, 1.0
29.3, 2013-02-20, 1.0
28.86, 2013-02-21, 1.0
29.0, 2013-02-22, 1.0
28.85, 2013-02-25, 1.0
28.58, 2013-02-26, 1.0
28.32, 2013-02-27, 1.0
28.161, 2013-02-28, 1.0
27.97, 2013-03-01, 1.0
27.87, 2013-03-04, 1.0
28.25, 2013-03-05, 1.0
28.12, 2013-03-06, 1.0
28.29, 2013-03-07, 1.0
28.49, 2013-03-08, 1.0
28.44, 2013-03-11, 1.0
28.44, 2013-03-12, 1.0
28.3, 2013-03-13, 1.0
28.54, 2013-03-14, 1.0
28.75, 2013-03-15, 1.0
28.63, 2013-03-18, 1.0
28.26, 2013-03-19, 1.0
28.49, 2013-03-20, 1.0
28.23, 2013-03-21, 1.0
28.36, 2013-03-22, 1.0
28.41, 2013-03-25, 1.0
28.89, 2013-03-26, 1.0
29.08, 2013-03-27, 1.0
29.11, 2013-03-28, 1.0
29.23, 2013-04-01, 1.0
29.117, 2013-04-02, 1.0
28.3532, 2013-04-03, 1.0
28.23, 2013-04-04, 1.0
28.12, 2013-04-05, 1.0
28.22, 2013-04-08, 1.0
28.35, 2013-04-09, 1.0
28.37, 2013-04-10, 1.0
28.17, 2013-04-11, 1.0
27.77, 2013-04-12, 1.0
27.07, 2013-04-15, 1.0
27.24, 2013-04-16, 1.0
26.69, 2013-04-17, 1.0
27.15, 2013-04-18, 1.0
27.09, 2013-04-19, 1.0
27.26, 2013-04-22, 1.0
27.19, 2013-04-23, 1.0
27.54, 2013-04-24, 1.0
27.8064, 2013-04-25, 1.0
27.79, 2013-04-26, 1.0
28.06, 2013-04-29, 1.0
27.68, 2013-04-30, 1.0
27.21, 2013-05-01, 1.0
27.71, 2013-05-02, 1.0
27.98, 2013-05-03, 1.0
28.27, 2013-05-06, 1.0
28.07, 2013-05-07, 1.0
28.24, 2013-05-08, 1.0
28.19, 2013-05-09, 1.0
28.12, 2013-05-10, 1.0
27.93, 2013-05-13, 1.0
27.91, 2013-05-14, 1.0
28.04, 2013-05-15, 1.0
28.07, 2013-05-16, 1.0
28.36, 2013-05-17, 1.0
28.51, 2013-05-20, 1.0
28.36, 2013-05-21, 1.0
27.97, 2013-05-22, 1.0
28.06, 2013-05-23, 1.0
28.0095, 2013-05-24, 1.0
28.27, 2013-05-28, 1.0
27.85, 2013-05-29, 1.0
27.69, 2013-05-30, 1.0
27.23, 2013-05-31, 1.0
27.57, 2013-06-03, 1.0
27.79, 2013-06-04, 1.0
27.72, 2013-06-05, 1.0
27.81, 2013-06-06, 1.0
28.11, 2013-06-07, 1.0
27.99, 2013-06-10, 1.0
27.7132, 2013-06-11, 1.0
27.89, 2013-06-12, 1.0
28.22, 2013-06-13, 1.0
28.35, 2013-06-14, 1.0
28.45, 2013-06-17, 1.0
28.53, 2013-06-18, 1.0
28.54, 2013-06-19, 1.0
27.55, 2013-06-20, 1.0
27.19, 2013-06-21, 1.0
27.19, 2013-06-24, 1.0
27.18, 2013-06-25, 1.0
27.22, 2013-06-26, 1.0
27.36, 2013-06-27, 1.0
27.17, 2013-06-28, 1.0
27.38, 2013-07-01, 1.0
27.67, 2013-07-02, 1.0
28.1, 2013-07-03, 1.0
28.32, 2013-07-05, 1.0
28.32, 2013-07-08, 1.0
28.43, 2013-07-09, 1.0
28.54, 2013-07-10, 1.0
28.56, 2013-07-11, 1.0
28.84, 2013-07-12, 1.0
28.876, 2013-07-15, 1.0
28.81, 2013-07-16, 1.0
28.94, 2013-07-17, 1.0
29.16, 2013-07-18, 1.0
29.1, 2013-07-19, 1.0
28.81, 2013-07-22, 1.0
29.0, 2013-07-23, 1.0
28.75, 2013-07-24, 1.0
28.81, 2013-07-25, 1.0
28.63, 2013-07-26, 1.0
28.54, 2013-07-29, 1.0
28.42, 2013-07-30, 1.0
28.65, 2013-07-31, 1.0
28.89, 2013-08-01, 1.0
28.81, 2013-08-02, 1.0
28.65, 2013-08-05, 1.0
28.37, 2013-08-06, 1.0
28.05, 2013-08-07, 1.0
28.03, 2013-08-08, 1.0
28.2, 2013-08-09, 1.0
28.51, 2013-08-12, 1.0
28.61, 2013-08-13, 1.0
28.802, 2013-08-14, 1.0
28.99, 2013-08-15, 1.0
29.02, 2013-08-16, 1.0
28.89, 2013-08-19, 1.0
28.93, 2013-08-20, 1.0
28.89, 2013-08-21, 1.0
29.0, 2013-08-22, 1.0
29.15, 2013-08-23, 1.0
29.11, 2013-08-26, 1.0
29.65, 2013-08-27, 1.0
29.81, 2013-08-28, 1.0
29.53, 2013-08-29, 1.0
29.46, 2013-08-30, 1.0
29.53, 2013-09-03, 1.0
29.4601, 2013-09-04, 1.0
29.41, 2013-09-05, 1.0
29.47, 2013-09-06, 1.0
29.22, 2013-09-09, 1.0
28.8, 2013-09-10, 1.0
28.82, 2013-09-11, 1.0
29.16, 2013-09-12, 1.0
29.14, 2013-09-13, 1.0
28.73, 2013-09-16, 1.0
28.32, 2013-09-17, 1.0
28.96, 2013-09-18, 1.0
28.58, 2013-09-19, 1.0
28.6, 2013-09-20, 1.0
28.22, 2013-09-23, 1.0
28.2765, 2013-09-24, 1.0
28.15, 2013-09-25, 1.0
28.5, 2013-09-26, 1.0
28.24, 2013-09-27, 1.0
28.16, 2013-09-30, 1.0
28.06, 2013-10-01, 1.0
28.35, 2013-10-02, 1.0
28.25, 2013-10-03, 1.0
28.33, 2013-10-04, 1.0
28.55, 2013-10-07, 1.0
28.72, 2013-10-08, 1.0
28.47, 2013-10-09, 1.0
29.072, 2013-10-10, 1.0
28.89, 2013-10-11, 1.0
28.882, 2013-10-14, 1.0
28.7, 2013-10-15, 1.0
29.11, 2013-10-16, 1.0
28.64, 2013-10-17, 1.0
28.91, 2013-10-18, 1.0
28.74, 2013-10-21, 1.0
28.53, 2013-10-22, 1.0
27.91, 2013-10-23, 1.0
27.93, 2013-10-24, 1.0
28.13, 2013-10-25, 1.0
28.37, 2013-10-28, 1.0
28.24, 2013-10-29, 1.0
28.39, 2013-10-30, 1.0
28.16, 2013-10-31, 1.0
27.69, 2013-11-01, 1.0
27.59, 2013-11-04, 1.0
27.5, 2013-11-05, 1.0
27.57, 2013-11-06, 1.0
27.35, 2013-11-07, 1.0
27.5863, 2013-11-08, 1.0
27.82, 2013-11-11, 1.0
27.6048, 2013-11-12, 1.0
27.88, 2013-11-13, 1.0
28.08, 2013-11-14, 1.0
28.18, 2013-11-15, 1.0
27.94, 2013-11-18, 1.0
27.8, 2013-11-19, 1.0
28.0, 2013-11-20, 1.0
28.48, 2013-11-21, 1.0
28.69, 2013-11-22, 1.0
28.62, 2013-11-25, 1.0
28.67, 2013-11-26, 1.0
28.72, 2013-11-27, 1.0
28.69, 2013-11-29, 1.0
28.87, 2013-12-02, 1.0
29.12, 2013-12-03, 1.0
29.0211, 2013-12-04, 1.0
29.098, 2013-12-05, 1.0
29.22, 2013-12-06, 1.0
28.83, 2013-12-09, 1.0
28.96, 2013-12-10, 1.0
28.93, 2013-12-11, 1.0
28.71, 2013-12-12, 1.0
28.57, 2013-12-13, 1.0
28.75, 2013-12-16, 1.0
28.54, 2013-12-17, 1.0
28.75, 2013-12-18, 1.0
28.96, 2013-12-19, 1.0
29.23, 2013-12-20, 1.0
29.18, 2013-12-23, 1.0
29.29, 2013-12-24, 1.0
29.37, 2013-12-26, 1.0
29.39, 2013-12-27, 1.0
29.24, 2013-12-30, 1.0
29.15, 2013-12-31, 1.0
28.51, 2014-01-02, 1.0
28.26, 2014-01-03, 1.0
28.2495, 2014-01-06, 1.0
28.2252, 2014-01-07, 1.0
28.0501, 2014-01-08, 1.0
27.85, 2014-01-09, 1.0
27.94, 2014-01-10, 1.0
27.75, 2014-01-13, 1.0
27.8, 2014-01-14, 1.0
28.0199, 2014-01-15, 1.0
24.276, 2014-01-16, 1.0
27.95, 2014-01-17, 1.0
28.19, 2014-01-21, 1.0
28.55, 2014-01-22, 1.0
28.3904, 2014-01-23, 1.0
28.48, 2014-01-24, 1.0
28.29, 2014-01-27, 1.0
28.48, 2014-01-28, 1.0
28.6, 2014-01-29, 1.0
28.57, 2014-01-30, 1.0
28.34, 2014-01-31, 1.0
28.28, 2014-02-03, 1.0
28.36, 2014-02-04, 1.0
28.44, 2014-02-05, 1.0
28.71, 2014-02-06, 1.0
29.12, 2014-02-07, 1.0
28.93, 2014-02-10, 1.0
29.14, 2014-02-11, 1.0
29.11, 2014-02-12, 1.0
29.27, 2014-02-13, 1.0
29.32, 2014-02-14, 1.0
29.72, 2014-02-18, 1.0
29.89, 2014-02-19, 1.0
29.88, 2014-02-20, 1.0
29.78, 2014-02-21, 1.0
29.82, 2014-02-24, 1.0
29.51, 2014-02-25, 1.0
29.5, 2014-02-26, 1.0
29.38, 2014-02-27, 1.0
29.49, 2014-02-28, 1.0
29.95, 2014-03-03, 1.0
29.67, 2014-03-04, 1.0
29.19, 2014-03-05, 1.0
29.41, 2014-03-06, 1.0
29.51, 2014-03-07, 1.0
29.2817, 2014-03-10, 1.0
29.22, 2014-03-11, 1.0
29.01, 2014-03-12, 1.0
28.85, 2014-03-13, 1.0
29.07, 2014-03-14, 1.0
28.71, 2014-03-17, 1.0
28.84, 2014-03-18, 1.0
28.77, 2014-03-19, 1.0
28.78, 2014-03-20, 1.0
28.87, 2014-03-21, 1.0
28.78, 2014-03-24, 1.0
28.96, 2014-03-25, 1.0
29.0174, 2014-03-26, 1.0
29.34, 2014-03-27, 1.0
29.42, 2014-03-28, 1.0
29.27, 2014-03-31, 1.0
28.66, 2014-04-01, 1.0
28.66, 2014-04-02, 1.0
29.01, 2014-04-03, 1.0
29.15, 2014-04-04, 1.0
29.0457, 2014-04-07, 1.0
29.461, 2014-04-08, 1.0
29.59, 2014-04-09, 1.0
29.61, 2014-04-10, 1.0
29.54, 2014-04-11, 1.0
29.84, 2014-04-14, 1.0
29.8601, 2014-04-15, 1.0
29.92, 2014-04-16, 1.0
30.14, 2014-04-17, 1.0
30.1, 2014-04-21, 1.0
29.9802, 2014-04-22, 1.0
29.88, 2014-04-23, 1.0
30.0801, 2014-04-24, 1.0
29.79, 2014-04-25, 1.0
29.66, 2014-04-28, 1.0
29.79, 2014-04-29, 1.0
29.55, 2014-04-30, 1.0
29.37, 2014-05-01, 1.0
29.46, 2014-05-02, 1.0
29.26, 2014-05-05, 1.0
29.23, 2014-05-06, 1.0
29.53, 2014-05-07, 1.0
29.34, 2014-05-08, 1.0
29.23, 2014-05-09, 1.0
29.26, 2014-05-12, 1.0
29.444, 2014-05-13, 1.0
29.57, 2014-05-14, 1.0
29.54, 2014-05-15, 1.0
29.67, 2014-05-16, 1.0
29.62, 2014-05-19, 1.0
29.82, 2014-05-20, 1.0
29.93, 2014-05-21, 1.0
29.88, 2014-05-22, 1.0
29.982, 2014-05-23, 1.0
29.96, 2014-05-27, 1.0
29.9056, 2014-05-28, 1.0
29.93, 2014-05-29, 1.0
29.77, 2014-05-30, 1.0
29.71, 2014-06-02, 1.0
29.72, 2014-06-03, 1.0
29.64, 2014-06-04, 1.0
29.8, 2014-06-05, 1.0
29.79, 2014-06-06, 1.0
29.96, 2014-06-09, 1.0
29.905, 2014-06-10, 1.0
29.99, 2014-06-11, 1.0
30.76, 2014-06-12, 1.0
30.72, 2014-06-13, 1.0
30.86, 2014-06-16, 1.0
30.93, 2014-06-17, 1.0
31.07, 2014-06-18, 1.0
31.13, 2014-06-19, 1.0
31.16, 2014-06-20, 1.0
31.04, 2014-06-23, 1.0
31.1295, 2014-06-24, 1.0
31.14, 2014-06-25, 1.0
30.82, 2014-06-26, 1.0
30.844, 2014-06-27, 1.0
30.75, 2014-06-30, 1.0
30.75, 2014-07-01, 1.0
30.44, 2014-07-02, 1.0
30.35, 2014-07-03, 1.0
30.13, 2014-07-07, 1.0
29.99, 2014-07-08, 1.0
29.79, 2014-07-09, 1.0
29.96, 2014-07-10, 1.0
29.58, 2014-07-11, 1.0
29.81, 2014-07-14, 1.0
29.45, 2014-07-15, 1.0
29.52, 2014-07-16, 1.0
29.51, 2014-07-17, 1.0
29.36, 2014-07-18, 1.0
29.54, 2014-07-21, 1.0
29.36, 2014-07-22, 1.0
29.47, 2014-07-23, 1.0
29.39, 2014-07-24, 1.0
29.53, 2014-07-25, 1.0
29.33, 2014-07-28, 1.0
29.41, 2014-07-29, 1.0
29.1199, 2014-07-30, 1.0
29.02, 2014-07-31, 1.0
28.76, 2014-08-01, 1.0
28.89, 2014-08-04, 1.0
28.772, 2014-08-05, 1.0
28.92, 2014-08-06, 1.0
29.1, 2014-08-07, 1.0
28.96, 2014-08-08, 1.0
29.03, 2014-08-11, 1.0
28.79, 2014-08-12, 1.0
28.87, 2014-08-13, 1.0
28.29, 2014-08-14, 1.0
28.43, 2014-08-15, 1.0
28.15, 2014-08-18, 1.0
28.19, 2014-08-19, 1.0
28.269, 2014-08-20, 1.0
28.4201, 2014-08-21, 1.0
28.32, 2014-08-22, 1.0
28.42, 2014-08-25, 1.0
28.45, 2014-08-26, 1.0
28.518, 2014-08-27, 1.0
28.51, 2014-08-28, 1.0
28.67, 2014-08-29, 1.0
27.96, 2014-09-02, 1.0
28.38, 2014-09-03, 1.0
28.22, 2014-09-04, 1.0
28.0199, 2014-09-05, 1.0
27.96, 2014-09-08, 1.0
27.81, 2014-09-09, 1.0
27.6199, 2014-09-10, 1.0
27.59, 2014-09-11, 1.0
27.35, 2014-09-12, 1.0
27.47, 2014-09-15, 1.0
27.79, 2014-09-16, 1.0
27.7199, 2014-09-17, 1.0
27.43, 2014-09-18, 1.0
27.5, 2014-09-19, 1.0
27.24, 2014-09-22, 1.0
27.24, 2014-09-23, 1.0
27.43, 2014-09-24, 1.0
27.42, 2014-09-25, 1.0
27.38, 2014-09-26, 1.0
27.52, 2014-09-29, 1.0
26.9199, 2014-09-30, 1.0
26.73, 2014-10-01, 1.0
26.6, 2014-10-02, 1.0
26.19, 2014-10-03, 1.0
26.41, 2014-10-06, 1.0
26.078, 2014-10-07, 1.0
25.83, 2014-10-08, 1.0
25.29, 2014-10-09, 1.0
25.37, 2014-10-10, 1.0
25.13, 2014-10-13, 1.0
24.276, 2014-10-14, 1.0
24.02, 2014-10-15, 1.0
24.55, 2014-10-16, 1.0
24.55, 2014-10-17, 1.0
24.27, 2014-10-20, 1.0
24.46, 2014-10-21, 1.0
23.98, 2014-10-22, 1.0
24.4599, 2014-10-23, 1.0
24.28, 2014-10-24, 1.0
24.06, 2014-10-27, 1.0
24.31, 2014-10-28, 1.0
24.67, 2014-10-29, 1.0
24.4, 2014-10-30, 1.0
24.36, 2014-10-31, 1.0
23.99, 2014-11-03, 1.0
23.63, 2014-11-04, 1.0
23.89, 2014-11-05, 1.0
23.91, 2014-11-06, 1.0
24.01, 2014-11-07, 1.0
23.71, 2014-11-10, 1.0
23.62, 2014-11-11, 1.0
23.44, 2014-11-12, 1.0
22.6, 2014-11-13, 1.0
23.06, 2014-11-14, 1.0
22.95, 2014-11-17, 1.0
22.79, 2014-11-18, 1.0
22.74, 2014-11-19, 1.0
22.87, 2014-11-20, 1.0
23.21, 2014-11-21, 1.0
22.96, 2014-11-24, 1.0
22.67, 2014-11-25, 1.0
22.54, 2014-11-26, 1.0
20.96, 2014-11-28, 1.0
21.32, 2014-12-01, 1.0
20.77, 2014-12-02, 1.0
20.63, 2014-12-03, 1.0
20.35, 2014-12-04, 1.0
20.21, 2014-12-05, 1.0
19.49, 2014-12-08, 1.0
19.62, 2014-12-09, 1.0
19.07, 2014-12-10, 1.0
18.79, 2014-12-11, 1.0
18.41, 2014-12-12, 1.0
17.92, 2014-12-15, 1.0
17.8, 2014-12-16, 1.0
17.93, 2014-12-17, 1.0
17.64, 2014-12-18, 1.0
18.29, 2014-12-19, 1.0
17.65, 2014-12-22, 1.0
18.12, 2014-12-23, 1.0
17.79, 2014-12-24, 1.0
17.62, 2014-12-26, 1.0
17.28, 2014-12-29, 1.0
17.23, 2014-12-30, 1.0
17.47, 2014-12-31, 1.0
16.93, 2015-01-02, 1.0
16.24, 2015-01-05, 1.0
15.74, 2015-01-06, 1.0
15.73, 2015-01-07, 1.0
15.89, 2015-01-08, 1.0
15.81, 2015-01-09, 1.0
15.15, 2015-01-12, 1.0
15.23, 2015-01-13, 1.0
15.73, 2015-01-14, 1.0
15.18, 2015-01-15, 1.0
15.6, 2015-01-16, 1.0
15.01, 2015-01-20, 1.0
15.17, 2015-01-21, 1.0
15.06, 2015-01-22, 1.0
15.09, 2015-01-23, 1.0
14.96, 2015-01-26, 1.0
15.24, 2015-01-27, 1.0
14.96, 2015-01-28, 1.0
14.99, 2015-01-29, 1.0
15.69, 2015-01-30, 1.0
16.31, 2015-02-02, 1.0
17.09, 2015-02-03, 1.0
16.27, 2015-02-04, 1.0
16.63, 2015-02-05, 1.0
16.91, 2015-02-06, 1.0
17.15, 2015-02-09, 1.0
16.94, 2015-02-10, 1.0
16.74, 2015-02-11, 1.0
17.13, 2015-02-12, 1.0
17.43, 2015-02-13, 1.0
17.44, 2015-02-17, 1.0
17.09, 2015-02-18, 1.0
17.06, 2015-02-19, 1.0
17.1, 2015-02-20, 1.0
16.93, 2015-02-23, 1.0
16.91, 2015-02-24, 1.0
17.46, 2015-02-25, 1.0
17.1, 2015-02-26, 1.0
17.43, 2015-02-27, 1.0
17.08, 2015-03-02, 1.0
17.37, 2015-03-03, 1.0
17.18, 2015-03-04, 1.0
17.14, 2015-03-05, 1.0
16.93, 2015-03-06, 1.0
16.67, 2015-03-09, 1.0
16.31, 2015-03-10, 1.0
16.49, 2015-03-11, 1.0
16.32, 2015-03-12, 1.0
15.77, 2015-03-13, 1.0
15.68, 2015-03-16, 1.0
15.53, 2015-03-17, 1.0
16.31, 2015-03-18, 1.0
15.76, 2015-03-19, 1.0
15.93, 2015-03-20, 1.0
15.99, 2015-03-23, 1.0
15.9, 2015-03-24, 1.0
16.02, 2015-03-25, 1.0
16.53, 2015-03-26, 1.0
15.91, 2015-03-27, 1.0
16.04, 2015-03-30, 1.0
15.88, 2015-03-31, 1.0
16.16, 2015-04-01, 1.0
15.91, 2015-04-02, 1.0
16.38, 2015-04-06, 1.0
16.57, 2015-04-07, 1.0
15.96, 2015-04-08, 1.0
16.09, 2015-04-09, 1.0
16.31, 2015-04-10, 1.0
16.34, 2015-04-13, 1.0
16.51, 2015-04-14, 1.0
17.13, 2015-04-15, 1.0
17.42, 2015-04-16, 1.0
17.33, 2015-04-17, 1.0
17.25, 2015-04-20, 1.0
17.0699, 2015-04-21, 1.0
17.23, 2015-04-22, 1.0
17.52, 2015-04-23, 1.0
17.59, 2015-04-24, 1.0
17.47, 2015-04-27, 1.0
17.47, 2015-04-28, 1.0
17.64, 2015-04-29, 1.0
17.95, 2015-04-30, 1.0
18.03, 2015-05-01, 1.0
18.03, 2015-05-04, 1.0
18.23, 2015-05-05, 1.0
18.2, 2015-05-06, 1.0
17.72, 2015-05-07, 1.0
17.84, 2015-05-08, 1.0
17.73, 2015-05-11, 1.0
18.01, 2015-05-12, 1.0
18.042, 2015-05-13, 1.0
18.12, 2015-05-14, 1.0
18.093, 2015-05-15, 1.0
18.0, 2015-05-18, 1.0
17.51, 2015-05-19, 1.0
17.59, 2015-05-20, 1.0
17.96, 2015-05-21, 1.0
17.75, 2015-05-22, 1.0
17.26, 2015-05-26, 1.0
16.94, 2015-05-27, 1.0
16.98, 2015-05-28, 1.0
17.53, 2015-05-29, 1.0
17.41, 2015-06-01, 1.0
17.63, 2015-06-02, 1.0
17.28, 2015-06-03, 1.0
16.92, 2015-06-04, 1.0
17.11, 2015-06-05, 1.0
17.05, 2015-06-08, 1.0
17.53, 2015-06-09, 1.0
17.83, 2015-06-10, 1.0
17.69, 2015-06-11, 1.0
17.42, 2015-06-12, 1.0
17.39, 2015-06-15, 1.0
17.51, 2015-06-16, 1.0
17.48, 2015-06-17, 1.0
17.48, 2015-06-18, 1.0
17.22, 2015-06-19, 1.0
17.25, 2015-06-22, 1.0
17.55, 2015-06-23, 1.0
17.33, 2015-06-24, 1.0
17.21, 2015-06-25, 1.0
17.16, 2015-06-26, 1.0
16.92, 2015-06-29, 1.0
17.24, 2015-06-30, 1.0
16.84, 2015-07-01, 1.0
16.81, 2015-07-02, 1.0
15.77, 2015-07-06, 1.0
15.88, 2015-07-07, 1.0
15.8, 2015-07-08, 1.0
16.01, 2015-07-09, 1.0
16.07, 2015-07-10, 1.0
15.94, 2015-07-13, 1.0
15.96, 2015-07-14, 1.0
15.67, 2015-07-15, 1.0
15.61, 2015-07-16, 1.0
15.65, 2015-07-17, 1.0
15.5, 2015-07-20, 1.0
15.69, 2015-07-21, 1.0
15.38, 2015-07-22, 1.0
15.19, 2015-07-23, 1.0
15.0403, 2015-07-24, 1.0
14.75, 2015-07-27, 1.0
14.82, 2015-07-28, 1.0
15.01, 2015-07-29, 1.0
14.93, 2015-07-30, 1.0
14.62, 2015-07-31, 1.0
14.2, 2015-08-03, 1.0
14.34, 2015-08-04, 1.0
14.2, 2015-08-05, 1.0
14.18, 2015-08-06, 1.0
14.02, 2015-08-07, 1.0
14.37, 2015-08-10, 1.0
14.2, 2015-08-11, 1.0
14.35, 2015-08-12, 1.0
14.17, 2015-08-13, 1.0
14.0, 2015-08-14, 1.0
13.93, 2015-08-17, 1.0
13.86, 2015-08-18, 1.0
13.45, 2015-08-19, 1.0
13.3, 2015-08-20, 1.0
13.1, 2015-08-21, 1.0
12.49, 2015-08-24, 1.0
12.56, 2015-08-25, 1.0
12.58, 2015-08-26, 1.0
13.42, 2015-08-27, 1.0
14.04, 2015-08-28, 1.0
14.79, 2015-08-31, 1.0
13.9, 2015-09-01, 1.0
14.12, 2015-09-02, 1.0
14.297, 2015-09-03, 1.0
14.03, 2015-09-04, 1.0
14.04, 2015-09-08, 1.0
13.69, 2015-09-09, 1.0
13.9502, 2015-09-10, 1.0
13.81, 2015-09-11, 1.0
13.42, 2015-09-14, 1.0
13.55, 2015-09-15, 1.0
13.96, 2015-09-16, 1.0
13.83, 2015-09-17, 1.0
13.5, 2015-09-18, 1.0
13.8102, 2015-09-21, 1.0
13.84, 2015-09-22, 1.0
13.61, 2015-09-23, 1.0
13.63, 2015-09-24, 1.0
13.6878, 2015-09-25, 1.0
13.38, 2015-09-28, 1.0
13.56, 2015-09-29, 1.0
13.64, 2015-09-30, 1.0
13.44, 2015-10-01, 1.0
13.54, 2015-10-02, 1.0
13.8399, 2015-10-05, 1.0
14.36, 2015-10-06, 1.0
14.1835, 2015-10-07, 1.0
14.46, 2015-10-08, 1.0
14.34, 2015-10-09, 1.0
13.86, 2015-10-12, 1.0
13.61, 2015-10-13, 1.0
13.687, 2015-10-14, 1.0
13.6801, 2015-10-15, 1.0
13.79, 2015-10-16, 1.0
13.37, 2015-10-19, 1.0
13.41, 2015-10-20, 1.0
13.26, 2015-10-21, 1.0
13.36, 2015-10-22, 1.0
13.22, 2015-10-23, 1.0
13.05, 2015-10-26, 1.0
12.96, 2015-10-27, 1.0
13.45, 2015-10-28, 1.0
13.39, 2015-10-29, 1.0
13.63, 2015-10-30, 1.0
13.58, 2015-11-02, 1.0
14.03, 2015-11-03, 1.0
13.65, 2015-11-04, 1.0
13.46, 2015-11-05, 1.0
13.41, 2015-11-06, 1.0
13.34, 2015-11-09, 1.0
13.3417, 2015-11-10, 1.0
13.0331, 2015-11-11, 1.0
12.7389, 2015-11-12, 1.0
12.58, 2015-11-13, 1.0
12.74, 2015-11-16, 1.0
12.4801, 2015-11-17, 1.0
12.6, 2015-11-18, 1.0
12.57, 2015-11-19, 1.0
12.55, 2015-11-20, 1.0
12.7, 2015-11-23, 1.0
13.05, 2015-11-24, 1.0
13.05, 2015-11-25, 1.0
12.76, 2015-11-27, 1.0
12.57, 2015-11-30, 1.0
12.7, 2015-12-01, 1.0
12.33, 2015-12-02, 1.0
12.52, 2015-12-03, 1.0
12.33, 2015-12-04, 1.0
11.82, 2015-12-07, 1.0
11.73, 2015-12-08, 1.0
11.77, 2015-12-09, 1.0
11.7, 2015-12-10, 1.0
11.44, 2015-12-11, 1.0
11.304, 2015-12-14, 1.0
11.37, 2015-12-15, 1.0
11.18, 2015-12-16, 1.0
11.053, 2015-12-17, 1.0
10.95, 2015-12-18, 1.0
10.83, 2015-12-21, 1.0
10.78, 2015-12-22, 1.0
11.18, 2015-12-23, 1.0
11.2399, 2015-12-24, 1.0
11.0, 2015-12-28, 1.0
11.27, 2015-12-29, 1.0
11.01, 2015-12-30, 1.0
11.1969, 2015-12-31, 1.0
11.1475, 2016-01-04, 1.0
11.0099, 2016-01-05, 1.0
10.56, 2016-01-06, 1.0
10.47, 2016-01-07, 1.0
10.39, 2016-01-08, 1.0
9.96, 2016-01-11, 1.0
9.81, 2016-01-12, 1.0
9.62, 2016-01-13, 1.0
9.69, 2016-01-14, 1.0
9.23, 2016-01-15, 1.0
9.01, 2016-01-19, 1.0
8.9, 2016-01-20, 1.0
9.13, 2016-01-21, 1.0
9.71, 2016-01-22, 1.0
9.23, 2016-01-25, 1.0
9.55, 2016-01-26, 1.0
9.75, 2016-01-27, 1.0
10.13, 2016-01-28, 1.0
10.24, 2016-01-29, 1.0
9.8, 2016-02-01, 1.0
9.45, 2016-02-02, 1.0
9.91, 2016-02-03, 1.0
9.84, 2016-02-04, 1.0
9.74, 2016-02-05, 1.0
9.55, 2016-02-08, 1.0
9.12, 2016-02-09, 1.0
9.15, 2016-02-10, 1.0
9.31, 2016-02-11, 1.0
9.58, 2016-02-12, 1.0
9.36, 2016-02-16, 1.0
9.76, 2016-02-17, 1.0
9.6, 2016-02-18, 1.0
9.44, 2016-02-19, 1.0
9.69, 2016-02-22, 1.0
9.43, 2016-02-23, 1.0
9.67, 2016-02-24, 1.0
9.7, 2016-02-25, 1.0
9.66, 2016-02-26, 1.0
9.84, 2016-02-29, 1.0
9.88, 2016-03-01, 1.0
9.92, 2016-03-02, 1.0
9.94, 2016-03-03, 1.0
10.23, 2016-03-04, 1.0
10.6, 2016-03-07, 1.0
10.372, 2016-03-08, 1.0
10.68, 2016-03-09, 1.0
10.61, 2016-03-10, 1.0
10.635, 2016-03-11, 1.0
10.44, 2016-03-14, 1.0
10.34, 2016-03-15, 1.0
10.61, 2016-03-16, 1.0
10.79, 2016-03-17, 1.0
10.7699, 2016-03-18, 1.0
10.7818, 2016-03-21, 1.0
10.905, 2016-03-22, 1.0
10.58, 2016-03-23, 1.0
10.5922, 2016-03-24, 1.0
10.54, 2016-03-28, 1.0
10.47, 2016-03-29, 1.0
10.46, 2016-03-30, 1.0
10.44, 2016-03-31, 1.0
10.08, 2016-04-01, 1.0
9.8823, 2016-04-04, 1.0
9.79, 2016-04-05, 1.0
10.15, 2016-04-06, 1.0
10.1, 2016-04-07, 1.0
10.54, 2016-04-08, 1.0
10.77, 2016-04-11, 1.0
11.09, 2016-04-12, 1.0
11.06, 2016-04-13, 1.0
10.98, 2016-04-14, 1.0
10.77, 2016-04-15, 1.0
10.72, 2016-04-18, 1.0
11.04, 2016-04-19, 1.0
11.32, 2016-04-20, 1.0
11.28, 2016-04-21, 1.0
11.38, 2016-04-22, 1.0
11.24, 2016-04-25, 1.0
11.45, 2016-04-26, 1.0
11.71, 2016-04-27, 1.0
11.75, 2016-04-28, 1.0
11.78, 2016-04-29, 1.0
11.51, 2016-05-02, 1.0
11.36, 2016-05-03, 1.0
11.3292, 2016-05-04, 1.0
11.29, 2016-05-05, 1.0
11.35, 2016-05-06, 1.0
11.04, 2016-05-09, 1.0
11.46, 2016-05-10, 1.0
11.82, 2016-05-11, 1.0
11.87, 2016-05-12, 1.0
11.83, 2016-05-13, 1.0
12.0592, 2016-05-16, 1.0
12.21, 2016-05-17, 1.0
12.07, 2016-05-18, 1.0
12.15, 2016-05-19, 1.0
12.1401, 2016-05-20, 1.0
12.15, 2016-05-23, 1.0
12.21, 2016-05-24, 1.0
12.34, 2016-05-25, 1.0
12.2975, 2016-05-26, 1.0
12.32, 2016-05-27, 1.0
12.26, 2016-05-31, 1.0
12.41, 2016-06-01, 1.0
12.4, 2016-06-02, 1.0
12.3392, 2016-06-03, 1.0
12.52, 2016-06-06, 1.0
12.71, 2016-06-07, 1.0
12.89, 2016-06-08, 1.0
12.89, 2016-06-09, 1.0
12.57, 2016-06-10, 1.0
12.49, 2016-06-13, 1.0
12.42, 2016-06-14, 1.0
12.21, 2016-06-15, 1.0
11.96, 2016-06-16, 1.0
12.3901, 2016-06-17, 1.0
12.68, 2016-06-20, 1.0
12.73, 2016-06-21, 1.0
12.6, 2016-06-22, 1.0
12.81, 2016-06-23, 1.0
12.29, 2016-06-24, 1.0
12.1501, 2016-06-27, 1.0
12.46, 2016-06-28, 1.0
12.71, 2016-06-29, 1.0
12.57, 2016-06-30, 1.0
12.85, 2016-07-01, 1.0
12.21, 2016-07-05, 1.0
12.38, 2016-07-06, 1.0
11.92, 2016-07-07, 1.0
11.97, 2016-07-08, 1.0
11.86, 2016-07-11, 1.0
12.28, 2016-07-12, 1.0
11.89, 2016-07-13, 1.0
12.02, 2016-07-14, 1.0
12.08, 2016-07-15, 1.0
11.92, 2016-07-18, 1.0
11.9, 2016-07-19, 1.0
11.86, 2016-07-20, 1.0
11.68, 2016-07-21, 1.0
11.63, 2016-07-22, 1.0
11.43, 2016-07-25, 1.0
11.39, 2016-07-26, 1.0
11.17, 2016-07-27, 1.0
11.11, 2016-07-28, 1.0
11.22, 2016-07-29, 1.0
10.93, 2016-08-01, 1.0
10.86, 2016-08-02, 1.0
11.17, 2016-08-03, 1.0
11.29, 2016-08-04, 1.0
11.29, 2016-08-05, 1.0
11.44, 2016-08-08, 1.0
11.39, 2016-08-09, 1.0
11.16, 2016-08-10, 1.0
11.53, 2016-08-11, 1.0
11.75, 2016-08-12, 1.0
12.0, 2016-08-15, 1.0
12.14, 2016-08-16, 1.0
12.32, 2016-08-17, 1.0
12.51, 2016-08-18, 1.0
12.51, 2016-08-19, 1.0
12.22, 2016-08-22, 1.0
12.36, 2016-08-23, 1.0
12.22, 2016-08-24, 1.0
12.35, 2016-08-25, 1.0
12.34, 2016-08-26, 1.0
12.24, 2016-08-29, 1.0
12.11, 2016-08-30, 1.0
11.77, 2016-08-31, 1.0
11.46, 2016-09-01, 1.0
11.59, 2016-09-02, 1.0
11.723, 2016-09-06, 1.0
11.85, 2016-09-07, 1.0
12.32, 2016-09-08, 1.0
11.96, 2016-09-09, 1.0
12.0, 2016-09-12, 1.0
11.85, 2016-09-13, 1.0
11.61, 2016-09-14, 1.0
11.76, 2016-09-15, 1.0
11.63, 2016-09-16, 1.0
11.6, 2016-09-19, 1.0
11.64, 2016-09-20, 1.0
11.87, 2016-09-21, 1.0
11.98, 2016-09-22, 1.0
11.67, 2016-09-23, 1.0
11.9567, 2016-09-26, 1.0
11.64, 2016-09-27, 1.0
12.11, 2016-09-28, 1.0
12.31, 2016-09-29, 1.0
12.37, 2016-09-30, 1.0
12.55, 2016-10-03, 1.0
12.64, 2016-10-04, 1.0
12.79, 2016-10-05, 1.0
12.91, 2016-10-06, 1.0
12.82, 2016-10-07, 1.0
13.04, 2016-10-10, 1.0
12.97, 2016-10-11, 1.0
12.86, 2016-10-12, 1.0
12.95, 2016-10-13, 1.0
12.98, 2016-10-14, 1.0
12.92, 2016-10-17, 1.0
13.0, 2016-10-18, 1.0
13.11, 2016-10-19, 1.0
12.94, 2016-10-20, 1.0
13.06, 2016-10-21, 1.0
13.0, 2016-10-24, 1.0
12.86, 2016-10-25, 1.0
12.67, 2016-10-26, 1.0
12.76, 2016-10-27, 1.0
12.62, 2016-10-28, 1.0
12.23, 2016-10-31, 1.0
12.37, 2016-11-01, 1.0
12.1, 2016-11-02, 1.0
11.9601, 2016-11-03, 1.0
11.81, 2016-11-04, 1.0
11.8921, 2016-11-07, 1.0
11.84, 2016-11-08, 1.0
11.97, 2016-11-09, 1.0
11.78, 2016-11-10, 1.0
11.5, 2016-11-11, 1.0
11.49, 2016-11-14, 1.0
11.88, 2016-11-15, 1.0
11.77, 2016-11-16, 1.0
11.77, 2016-11-17, 1.0
11.93, 2016-11-18, 1.0
12.43, 2016-11-21, 1.0
12.38, 2016-11-22, 1.0
12.48, 2016-11-23, 1.0
12.21, 2016-11-25, 1.0
12.33, 2016-11-28, 1.0
12.05, 2016-11-29, 1.0
12.75, 2016-11-30, 1.0
13.2, 2016-12-01, 1.0
13.32, 2016-12-02, 1.0
13.35, 2016-12-05, 1.0
13.24, 2016-12-06, 1.0
13.1, 2016-12-07, 1.0
13.2, 2016-12-08, 1.0
13.25, 2016-12-09, 1.0
13.391, 2016-12-12, 1.0
13.47, 2016-12-13, 1.0
13.29, 2016-12-14, 1.0
13.29, 2016-12-15, 1.0
13.42, 2016-12-16, 1.0
13.39, 2016-12-19, 1.0
13.51, 2016-12-20, 1.0
13.4, 2016-12-21, 1.0
13.38, 2016-12-22, 1.0
13.54, 2016-12-23, 1.0
13.72, 2016-12-27, 1.0
13.7999, 2016-12-28, 1.0
13.79, 2016-12-29, 1.0
13.81, 2016-12-30, 1.0
13.52, 2017-01-03, 1.0
13.56, 2017-01-04, 1.0
13.63, 2017-01-05, 1.0
13.62, 2017-01-06, 1.0
13.18, 2017-01-09, 1.0
13.03, 2017-01-10, 1.0
13.29, 2017-01-11, 1.0
13.48, 2017-01-12, 1.0
13.39, 2017-01-13, 1.0
13.38, 2017-01-17, 1.0
13.13, 2017-01-18, 1.0
13.16, 2017-01-19, 1.0
13.32, 2017-01-20, 1.0
13.29, 2017-01-23, 1.0
13.32, 2017-01-24, 1.0
13.26, 2017-01-25, 1.0
13.42, 2017-01-26, 1.0
13.2, 2017-01-27, 1.0
13.14, 2017-01-30, 1.0
13.14, 2017-01-31, 1.0
13.32, 2017-02-01, 1.0
13.34, 2017-02-02, 1.0
13.34, 2017-02-03, 1.0
13.2, 2017-02-06, 1.0
13.09, 2017-02-07, 1.0
13.12, 2017-02-08, 1.0
13.2, 2017-02-09, 1.0
13.34, 2017-02-10, 1.0
13.09, 2017-02-13, 1.0
13.13, 2017-02-14, 1.0
13.1, 2017-02-15, 1.0
13.03, 2017-02-16, 1.0
13.03, 2017-02-17, 1.0
12.96, 2017-02-21, 1.0
12.89, 2017-02-22, 1.0
13.01, 2017-02-23, 1.0
12.98, 2017-02-24, 1.0
13.0, 2017-02-27, 1.0
13.02, 2017-02-28, 1.0
12.98, 2017-03-01, 1.0
12.78, 2017-03-02, 1.0
12.85, 2017-03-03, 1.0
12.91, 2017-03-06, 1.0
12.91, 2017-03-07, 1.0
12.48, 2017-03-08, 1.0
12.36, 2017-03-09, 1.0
12.15, 2017-03-10, 1.0
12.1, 2017-03-13, 1.0
12.05, 2017-03-14, 1.0
12.13, 2017-03-15, 1.0
12.09, 2017-03-16, 1.0
12.11, 2017-03-17, 1.0
12.17, 2017-03-20, 1.0
12.08, 2017-03-21, 1.0
12.06, 2017-03-22, 1.0
12.03, 2017-03-23, 1.0
12.09, 2017-03-24, 1.0
12.09, 2017-03-27, 1.0
12.16, 2017-03-28, 1.0
12.35, 2017-03-29, 1.0
12.49, 2017-03-30, 1.0
12.59, 2017-03-31, 1.0
12.52, 2017-04-03, 1.0
12.76, 2017-04-04, 1.0
12.75, 2017-04-05, 1.0
12.88, 2017-04-06, 1.0
12.95, 2017-04-07, 1.0
13.11, 2017-04-10, 1.0
13.15, 2017-04-11, 1.0
13.12, 2017-04-12, 1.0
13.17, 2017-04-13, 1.0
13.1, 2017-04-17, 1.0
13.04, 2017-04-18, 1.0
12.67, 2017-04-19, 1.0
12.63, 2017-04-20, 1.0
12.43, 2017-04-21, 1.0
12.34, 2017-04-24, 1.0
12.4, 2017-04-25, 1.0
12.3, 2017-04-26, 1.0
12.25, 2017-04-27, 1.0
12.18, 2017-04-28, 1.0
12.09, 2017-05-01, 1.0
11.89, 2017-05-02, 1.0
11.94, 2017-05-03, 1.0
11.52, 2017-05-04, 1.0
11.742, 2017-05-05, 1.0
11.75, 2017-05-08, 1.0
11.66, 2017-05-09, 1.0
11.92, 2017-05-10, 1.0
12.03, 2017-05-11, 1.0
12.04, 2017-05-12, 1.0
12.16, 2017-05-15, 1.0
12.13, 2017-05-16, 1.0
12.23, 2017-05-17, 1.0
12.26, 2017-05-18, 1.0
12.5, 2017-05-19, 1.0
12.61, 2017-05-22, 1.0
12.63, 2017-05-23, 1.0
12.57, 2017-05-24, 1.0
12.12, 2017-05-25, 1.0
12.3, 2017-05-26, 1.0
12.19, 2017-05-30, 1.0
11.93, 2017-05-31, 1.0
11.86, 2017-06-01, 1.0
11.78, 2017-06-02, 1.0
11.66, 2017-06-05, 1.0
11.78, 2017-06-06, 1.0
11.44, 2017-06-07, 1.0
11.43, 2017-06-08, 1.0
11.5, 2017-06-09, 1.0
11.46, 2017-06-12, 1.0
11.52, 2017-06-13, 1.0
11.22, 2017-06-14, 1.0
11.24, 2017-06-15, 1.0
11.3, 2017-06-16, 1.0
11.17, 2017-06-19, 1.0
11.01, 2017-06-20, 1.0
10.79, 2017-06-21, 1.0
10.8799, 2017-06-22, 1.0
10.93, 2017-06-23, 1.0
11.05, 2017-06-26, 1.0
11.21, 2017-06-27, 1.0
11.35, 2017-06-28, 1.0
11.35, 2017-06-29, 1.0
11.61, 2017-06-30, 1.0
11.71, 2017-07-03, 1.0
11.37, 2017-07-05, 1.0
11.41, 2017-07-06, 1.0
11.19, 2017-07-07, 1.0
11.25, 2017-07-10, 1.0
11.41, 2017-07-11, 1.0
11.39, 2017-07-12, 1.0
11.5, 2017-07-13, 1.0
11.64, 2017-07-14, 1.0
11.56, 2017-07-17, 1.0
11.65, 2017-07-18, 1.0
11.84, 2017-07-19, 1.0
11.76, 2017-07-20, 1.0
11.48, 2017-07-21, 1.0
11.57, 2017-07-24, 1.0
11.83, 2017-07-25, 1.0
11.9499, 2017-07-26, 1.0
12.06, 2017-07-27, 1.0
12.18, 2017-07-28, 1.0
12.28, 2017-07-31, 1.0
12.14, 2017-08-01, 1.0
12.17, 2017-08-02, 1.0
12.1, 2017-08-03, 1.0
12.16, 2017-08-04, 1.0
12.15, 2017-08-07, 1.0
12.1, 2017-08-08, 1.0
12.2, 2017-08-09, 1.0
11.99, 2017-08-10, 1.0
12.05, 2017-08-11, 1.0
11.82, 2017-08-14, 1.0
11.82, 2017-08-15, 1.0
11.7, 2017-08-16, 1.0
11.76, 2017-08-17, 1.0
12.11, 2017-08-18, 1.0
11.84, 2017-08-21, 1.0
11.92, 2017-08-22, 1.0
12.06, 2017-08-23, 1.0
12.01, 2017-08-24, 1.0
11.99, 2017-08-25, 1.0
11.95, 2017-08-28, 1.0
11.99, 2017-08-29, 1.0
11.84, 2017-08-30, 1.0
12.27, 2017-08-31, 1.0
12.29, 2017-09-01, 1.0
12.33, 2017-09-05, 1.0
12.47, 2017-09-06, 1.0
12.51, 2017-09-07, 1.0
12.37, 2017-09-08, 1.0
12.39, 2017-09-11, 1.0
12.48, 2017-09-12, 1.0
12.6, 2017-09-13, 1.0
12.61, 2017-09-14, 1.0
12.749, 2017-09-15, 1.0
12.69, 2017-09-18, 1.0
12.65, 2017-09-19, 1.0
12.78, 2017-09-20, 1.0
12.817, 2017-09-21, 1.0
12.84, 2017-09-22, 1.0
13.1823, 2017-09-25, 1.0
13.07, 2017-09-26, 1.0
12.98, 2017-09-27, 1.0
12.94, 2017-09-28, 1.0
12.83, 2017-09-29, 1.0
12.69, 2017-10-02, 1.0
12.68, 2017-10-03, 1.0
12.71, 2017-10-04, 1.0
12.91, 2017-10-05, 1.0
12.59, 2017-10-06, 1.0
12.57, 2017-10-09, 1.0
12.83, 2017-10-10, 1.0
12.89, 2017-10-11, 1.0
12.78, 2017-10-12, 1.0
12.97, 2017-10-13, 1.0
13.07, 2017-10-16, 1.0
13.1, 2017-10-17, 1.0
13.14, 2017-10-18, 1.0
13.0, 2017-10-19, 1.0
13.18, 2017-10-20, 1.0
13.11, 2017-10-23, 1.0
13.32, 2017-10-24, 1.0
13.33, 2017-10-25, 1.0
13.43, 2017-10-26, 1.0
13.6, 2017-10-27, 1.0
13.655, 2017-10-30, 1.0
13.71, 2017-10-31, 1.0
13.69, 2017-11-01, 1.0
13.8, 2017-11-02, 1.0
13.99, 2017-11-03, 1.0
14.39, 2017-11-06, 1.0
14.34, 2017-11-07, 1.0
14.29, 2017-11-08, 1.0
14.35, 2017-11-09, 1.0
14.3447, 2017-11-10, 1.0
14.24, 2017-11-13, 1.0
13.98, 2017-11-14, 1.0
13.96, 2017-11-15, 1.0
13.86, 2017-11-16, 1.0
14.148, 2017-11-17, 1.0
14.06, 2017-11-20, 1.0
14.14, 2017-11-21, 1.0
14.2039, 2017-11-22, 1.0
14.3, 2017-11-24, 1.0
14.28, 2017-11-27, 1.0
14.25, 2017-11-28, 1.0
14.1122, 2017-11-29, 1.0
14.05, 2017-11-30, 1.0
14.22, 2017-12-01, 1.0
13.96, 2017-12-04, 1.0
14.04, 2017-12-05, 1.0
13.73, 2017-12-06, 1.0
13.85, 2017-12-07, 1.0
14.01, 2017-12-08, 1.0
14.13, 2017-12-11, 1.0
13.93, 2017-12-12, 1.0
13.72, 2017-12-13, 1.0
13.85, 2017-12-14, 1.0
13.79, 2017-12-15, 1.0
13.86, 2017-12-18, 1.0
13.99, 2017-12-19, 1.0
14.05, 2017-12-20, 1.0
14.07, 2017-12-21, 1.0
14.14, 2017-12-22, 1.0
14.44, 2017-12-26, 1.0
14.43, 2017-12-27, 1.0
14.51, 2017-12-28, 1.0
14.53, 2017-12-29, 1.0
14.56, 2018-01-02, 1.0
14.78, 2018-01-03, 1.0
14.76, 2018-01-04, 1.0
14.71, 2018-01-05, 1.0
14.74, 2018-01-08, 1.0
14.96, 2018-01-09, 1.0
14.98, 2018-01-10, 1.0
15.01, 2018-01-11, 1.0
15.1399, 2018-01-12, 1.0
15.08, 2018-01-16, 1.0
15.1, 2018-01-17, 1.0
15.12, 2018-01-18, 1.0
15.04, 2018-01-19, 1.0
15.12, 2018-01-22, 1.0
15.2939, 2018-01-23, 1.0
15.43, 2018-01-24, 1.0
15.32, 2018-01-25, 1.0
15.43, 2018-01-26, 1.0
15.34, 2018-01-29, 1.0
15.15, 2018-01-30, 1.0
15.2, 2018-01-31, 1.0
15.35, 2018-02-01, 1.0
15.07, 2018-02-02, 1.0
14.86, 2018-02-05, 1.0
14.71, 2018-02-06, 1.0
14.4189, 2018-02-07, 1.0
14.21, 2018-02-08, 1.0
13.9, 2018-02-09, 1.0
13.91, 2018-02-12, 1.0
13.927, 2018-02-13, 1.0
14.17, 2018-02-14, 1.0
14.19, 2018-02-15, 1.0
14.32, 2018-02-16, 1.0
14.45, 2018-02-20, 1.0
14.44, 2018-02-21, 1.0
14.63, 2018-02-22, 1.0
14.84, 2018-02-23, 1.0
14.9, 2018-02-26, 1.0
14.78, 2018-02-27, 1.0
14.41, 2018-02-28, 1.0
14.36, 2018-03-01, 1.0
14.37, 2018-03-02, 1.0
14.53, 2018-03-05, 1.0
14.59, 2018-03-06, 1.0
14.46, 2018-03-07, 1.0
14.32, 2018-03-08, 1.0
14.54, 2018-03-09, 1.0
14.53, 2018-03-12, 1.0
14.45, 2018-03-13, 1.0
14.52, 2018-03-14, 1.0
14.52, 2018-03-15, 1.0
14.69, 2018-03-16, 1.0
14.61, 2018-03-19, 1.0
14.84, 2018-03-20, 1.0
15.22, 2018-03-21, 1.0
15.07, 2018-03-22, 1.0
15.31, 2018-03-23, 1.0
15.28, 2018-03-26, 1.0
15.23, 2018-03-27, 1.0
15.2, 2018-03-28, 1.0
15.27, 2018-03-29, 1.0
14.93, 2018-04-02, 1.0
15.05, 2018-04-03, 1.0
15.06, 2018-04-04, 1.0
15.08, 2018-04-05, 1.0
14.86, 2018-04-06, 1.0
15.09, 2018-04-09, 1.0
15.44, 2018-04-10, 1.0
15.65, 2018-04-11, 1.0
15.64, 2018-04-12, 1.0
15.68, 2018-04-13, 1.0
15.58, 2018-04-16, 1.0
15.57, 2018-04-17, 1.0
15.89, 2018-04-18, 1.0
15.859, 2018-04-19, 1.0
15.88, 2018-04-20, 1.0
16.09, 2018-04-23, 1.0
15.905, 2018-04-24, 1.0
15.935, 2018-04-25, 1.0
16.05, 2018-04-26, 1.0
15.99, 2018-04-27, 1.0
16.1, 2018-04-30, 1.0
15.89, 2018-05-01, 1.0
15.8966, 2018-05-02, 1.0
16.0, 2018-05-03, 1.0
16.25, 2018-05-04, 1.0
16.349, 2018-05-07, 1.0
16.3448, 2018-05-08, 1.0
16.63, 2018-05-09, 1.0
16.7501, 2018-05-10, 1.0
16.7198, 2018-05-11, 1.0
16.91, 2018-05-14, 1.0
16.93, 2018-05-15, 1.0
17.11, 2018-05-16, 1.0
17.16, 2018-05-17, 1.0
17.09, 2018-05-18, 1.0
17.24, 2018-05-21, 1.0
17.26, 2018-05-22, 1.0
17.29, 2018-05-23, 1.0
17.1101, 2018-05-24, 1.0
16.65, 2018-05-25, 1.0
16.47, 2018-05-29, 1.0
16.8399, 2018-05-30, 1.0
16.76, 2018-05-31, 1.0
16.57, 2018-06-01, 1.0
16.42, 2018-06-04, 1.0
16.34, 2018-06-05, 1.0
16.37, 2018-06-06, 1.0
16.65, 2018-06-07, 1.0
16.55, 2018-06-08, 1.0
16.56, 2018-06-11, 1.0
16.5, 2018-06-12, 1.0
16.66, 2018-06-13, 1.0
16.5, 2018-06-14, 1.0
16.02, 2018-06-15, 1.0
16.31, 2018-06-18, 1.0
16.22, 2018-06-19, 1.0
16.16, 2018-06-20, 1.0
15.97, 2018-06-21, 1.0
16.46, 2018-06-22, 1.0
16.34, 2018-06-25, 1.0
16.6099, 2018-06-26, 1.0
16.8199, 2018-06-27, 1.0
16.85, 2018-06-28, 1.0
17.08, 2018-06-29, 1.0
16.75, 2018-07-02, 1.0
16.71, 2018-07-03, 1.0
16.9, 2018-07-05, 1.0
16.88, 2018-07-06, 1.0
17.07, 2018-07-09, 1.0
17.13, 2018-07-10, 1.0
16.4, 2018-07-11, 1.0
16.5, 2018-07-12, 1.0
16.59, 2018-07-13, 1.0
15.99, 2018-07-16, 1.0
16.04, 2018-07-17, 1.0
16.24, 2018-07-18, 1.0
16.2, 2018-07-19, 1.0
16.28, 2018-07-20, 1.0
16.41, 2018-07-23, 1.0
16.48, 2018-07-24, 1.0
16.68, 2018-07-25, 1.0
16.78, 2018-07-26, 1.0
16.69, 2018-07-27, 1.0
16.81, 2018-07-30, 1.0
16.56, 2018-07-31, 1.0
16.26, 2018-08-01, 1.0
16.45, 2018-08-02, 1.0
16.48, 2018-08-03, 1.0
16.53, 2018-08-06, 1.0
16.7372, 2018-08-07, 1.0
16.31, 2018-08-08, 1.0
16.25, 2018-08-09, 1.0
16.44, 2018-08-10, 1.0
16.4, 2018-08-13, 1.0
16.415, 2018-08-14, 1.0
16.04, 2018-08-15, 1.0
16.13, 2018-08-16, 1.0
16.17, 2018-08-17, 1.0
16.24, 2018-08-20, 1.0
16.3, 2018-08-21, 1.0
16.73, 2018-08-22, 1.0
16.75, 2018-08-23, 1.0
16.89, 2018-08-24, 1.0
16.99, 2018-08-27, 1.0
16.89, 2018-08-28, 1.0
17.16, 2018-08-29, 1.0
17.16, 2018-08-30, 1.0
17.145, 2018-08-31, 1.0
17.09, 2018-09-04, 1.0
16.985, 2018-09-05, 1.0
16.84, 2018-09-06, 1.0
16.91, 2018-09-07, 1.0
16.92, 2018-09-10, 1.0
17.26, 2018-09-11, 1.0
17.4, 2018-09-12, 1.0
17.15, 2018-09-13, 1.0
17.06, 2018-09-14, 1.0
17.04, 2018-09-17, 1.0
17.28, 2018-09-18, 1.0
17.37, 2018-09-19, 1.0
17.26, 2018-09-20, 1.0
17.29, 2018-09-21, 1.0
17.75, 2018-09-24, 1.0
17.809, 2018-09-25, 1.0
17.71, 2018-09-26, 1.0
17.86, 2018-09-27, 1.0
18.1285, 2018-09-28, 1.0
18.58, 2018-10-01, 1.0
18.53, 2018-10-02, 1.0
18.74, 2018-10-03, 1.0
18.5, 2018-10-04, 1.0
18.41, 2018-10-05, 1.0
18.38, 2018-10-08, 1.0
18.53, 2018-10-09, 1.0
18.1, 2018-10-10, 1.0
17.58, 2018-10-11, 1.0
17.69, 2018-10-12, 1.0
17.69, 2018-10-15, 1.0
17.84, 2018-10-16, 1.0
17.56, 2018-10-17, 1.0
17.33, 2018-10-18, 1.0
17.49, 2018-10-19, 1.0
17.52, 2018-10-22, 1.0
16.852, 2018-10-23, 1.0
16.72, 2018-10-24, 1.0
16.9, 2018-10-25, 1.0
17.0568, 2018-10-26, 1.0
16.86, 2018-10-29, 1.0
16.78, 2018-10-30, 1.0
16.51, 2018-10-31, 1.0
16.14, 2018-11-01, 1.0
16.03, 2018-11-02, 1.0
16.02, 2018-11-05, 1.0
15.98, 2018-11-06, 1.0
15.94, 2018-11-07, 1.0
15.75, 2018-11-08, 1.0
15.59, 2018-11-09, 1.0
15.47, 2018-11-12, 1.0
14.76, 2018-11-13, 1.0
14.98, 2018-11-14, 1.0
14.86, 2018-11-15, 1.0
15.0, 2018-11-16, 1.0
15.04, 2018-11-19, 1.0
14.26, 2018-11-20, 1.0
14.39, 2018-11-21, 1.0
13.72, 2018-11-23, 1.0
13.85, 2018-11-26, 1.0
13.84, 2018-11-27, 1.0
13.59, 2018-11-28, 1.0
13.77, 2018-11-29, 1.0
13.6, 2018-11-30, 1.0
14.07, 2018-12-03, 1.0
14.08, 2018-12-04, 1.0
13.9, 2018-12-06, 1.0
14.1, 2018-12-07, 1.0
13.74, 2018-12-10, 1.0
13.86, 2018-12-11, 1.0
13.77, 2018-12-12, 1.0
14.1, 2018-12-13, 1.0
13.77, 2018-12-14, 1.0
13.45, 2018-12-17, 1.0
12.94, 2018-12-18, 1.0
13.11, 2018-12-19, 1.0
12.82, 2018-12-20, 1.0
12.65, 2018-12-21, 1.0
12.16, 2018-12-24, 1.0
12.72, 2018-12-26, 1.0
12.47, 2018-12-27, 1.0
12.27, 2018-12-28, 1.0
12.44, 2018-12-31, 1.0
12.54, 2019-01-02, 1.0
12.69, 2019-01-03, 1.0
12.93, 2019-01-04, 1.0
13.0, 2019-01-07, 1.0
13.25, 2019-01-08, 1.0
13.74, 2019-01-09, 1.0
13.8, 2019-01-10, 1.0
13.64, 2019-01-11, 1.0
13.43, 2019-01-14, 1.0
13.65, 2019-01-15, 1.0
13.74, 2019-01-16, 1.0
13.72, 2019-01-17, 1.0
13.95, 2019-01-18, 1.0
13.79, 2019-01-22, 1.0
13.71, 2019-01-23, 1.0
13.79, 2019-01-24, 1.0
13.84, 2019-01-25, 1.0
13.49, 2019-01-28, 1.0
13.7403, 2019-01-29, 1.0
13.86, 2019-01-30, 1.0
13.73, 2019-01-31, 1.0
13.97, 2019-02-01, 1.0
13.9, 2019-02-04, 1.0
13.78, 2019-02-05, 1.0
13.86, 2019-02-06, 1.0
13.6507, 2019-02-07, 1.0
13.7, 2019-02-08, 1.0
13.67, 2019-02-11, 1.0
13.8, 2019-02-12, 1.0
13.97, 2019-02-13, 1.0
14.12, 2019-02-14, 1.0
14.48, 2019-02-15, 1.0
14.51, 2019-02-19, 1.0
14.6, 2019-02-20, 1.0
14.65, 2019-02-21, 1.0
14.66, 2019-02-22, 1.0
14.33, 2019-02-25, 1.0
14.48, 2019-02-26, 1.0
14.64, 2019-02-27, 1.0
14.64, 2019-02-28, 1.0
14.47, 2019-03-01, 1.0
14.58, 2019-03-04, 1.0
14.64, 2019-03-05, 1.0
14.62, 2019-03-06, 1.0
14.65, 2019-03-07, 1.0
14.59, 2019-03-08, 1.0
14.64, 2019-03-11, 1.0
14.64, 2019-03-12, 1.0
14.84, 2019-03-13, 1.0
14.75, 2019-03-14, 1.0
14.68, 2019-03-15, 1.0
14.75, 2019-03-18, 1.0
14.81, 2019-03-19, 1.0
14.93, 2019-03-20, 1.0
14.83, 2019-03-21, 1.0
14.63, 2019-03-22, 1.0
14.7, 2019-03-25, 1.0
14.76, 2019-03-26, 1.0
14.645, 2019-03-27, 1.0
14.63, 2019-03-28, 1.0
14.69, 2019-03-29, 1.0
14.89, 2019-04-01, 1.0
14.98, 2019-04-02, 1.0
14.97, 2019-04-03, 1.0
14.93, 2019-04-04, 1.0
15.12, 2019-04-05, 1.0
15.2, 2019-04-08, 1.0
15.15, 2019-04-09, 1.0
15.36, 2019-04-10, 1.0
15.3, 2019-04-11, 1.0
15.33, 2019-04-12, 1.0
15.3, 2019-04-15, 1.0
15.37, 2019-04-16, 1.0
15.31, 2019-04-17, 1.0
15.32, 2019-04-18, 1.0
15.55, 2019-04-22, 1.0
15.63, 2019-04-23, 1.0
15.57, 2019-04-24, 1.0
15.54, 2019-04-25, 1.0
15.17, 2019-04-26, 1.0
15.26, 2019-04-29, 1.0
15.3485, 2019-04-30, 1.0
15.36, 2019-05-01, 1.0
15.06, 2019-05-02, 1.0
15.09, 2019-05-03, 1.0
15.19, 2019-05-06, 1.0
14.83, 2019-05-07, 1.0
15.01, 2019-05-08, 1.0
14.9404, 2019-05-09, 1.0
15.01, 2019-05-10, 1.0
14.84, 2019-05-13, 1.0
15.05, 2019-05-14, 1.0
15.23, 2019-05-15, 1.0
15.36, 2019-05-16, 1.0
15.21, 2019-05-17, 1.0
15.245, 2019-05-20, 1.0
15.26, 2019-05-21, 1.0
14.93, 2019-05-22, 1.0
14.34, 2019-05-23, 1.0
14.52, 2019-05-24, 1.0
14.61, 2019-05-28, 1.0
14.57, 2019-05-29, 1.0
14.11, 2019-05-30, 1.0
13.46, 2019-05-31, 1.0
13.33, 2019-06-03, 1.0
13.46, 2019-06-04, 1.0
13.1, 2019-06-05, 1.0
13.37, 2019-06-06, 1.0
13.55, 2019-06-07, 1.0
13.46, 2019-06-10, 1.0
13.55, 2019-06-11, 1.0
13.11, 2019-06-12, 1.0
13.3699, 2019-06-13, 1.0
13.44, 2019-06-14, 1.0
13.27, 2019-06-17, 1.0
13.56, 2019-06-18, 1.0
13.6, 2019-06-19, 1.0
13.95, 2019-06-20, 1.0
14.1, 2019-06-21, 1.0
14.13, 2019-06-24, 1.0
14.17, 2019-06-25, 1.0
14.4, 2019-06-26, 1.0
14.4, 2019-06-27, 1.0
14.17, 2019-06-28, 1.0
14.39, 2019-07-01, 1.0
13.92, 2019-07-02, 1.0
14.02, 2019-07-03, 1.0
14.19, 2019-07-05, 1.0
14.15, 2019-07-08, 1.0
14.3, 2019-07-09, 1.0
14.71, 2019-07-10, 1.0
14.73, 2019-07-11, 1.0
14.68, 2019-07-12, 1.0
14.46, 2019-07-15, 1.0
14.23, 2019-07-16, 1.0
14.02, 2019-07-17, 1.0
13.84, 2019-07-18, 1.0
13.95, 2019-07-19, 1.0
14.0, 2019-07-22, 1.0
14.1, 2019-07-23, 1.0
13.93, 2019-07-24, 1.0
13.96, 2019-07-25, 1.0
13.97, 2019-07-26, 1.0
14.04, 2019-07-29, 1.0
14.24, 2019-07-30, 1.0
14.22, 2019-07-31, 1.0
13.5493, 2019-08-01, 1.0
13.625, 2019-08-02, 1.0
13.37, 2019-08-05, 1.0
13.23, 2019-08-06, 1.0
12.88, 2019-08-07, 1.0
12.93, 2019-08-08, 1.0
13.08, 2019-08-09, 1.0
13.13, 2019-08-12, 1.0
13.63, 2019-08-13, 1.0
13.23, 2019-08-14, 1.0
13.07, 2019-08-15, 1.0
13.1, 2019-08-16, 1.0
13.26, 2019-08-19, 1.0
13.33, 2019-08-20, 1.0
13.39, 2019-08-21, 1.0
13.3, 2019-08-22, 1.0
13.11, 2019-08-23, 1.0
13.06, 2019-08-26, 1.0
13.23, 2019-08-27, 1.0
13.41, 2019-08-28, 1.0
13.49, 2019-08-29, 1.0
13.147, 2019-08-30, 1.0
13.01, 2019-09-03, 1.0
13.51, 2019-09-04, 1.0
13.54, 2019-09-05, 1.0
13.67, 2019-09-06, 1.0
13.9092, 2019-09-09, 1.0
13.87, 2019-09-10, 1.0
13.67, 2019-09-11, 1.0
13.4801, 2019-09-12, 1.0
13.46, 2019-09-13, 1.0
14.59, 2019-09-16, 1.0
14.11, 2019-09-17, 1.0
13.99, 2019-09-18, 1.0
14.13, 2019-09-19, 1.0
14.14, 2019-09-20, 1.0
14.1463, 2019-09-23, 1.0
13.81, 2019-09-24, 1.0
13.78, 2019-09-25, 1.0
13.78, 2019-09-26, 1.0
13.66, 2019-09-27, 1.0
13.3791, 2019-09-30, 1.0
13.32, 2019-10-01, 1.0
13.09, 2019-10-02, 1.0
13.0899, 2019-10-03, 1.0
13.2498, 2019-10-04, 1.0
13.28, 2019-10-07, 1.0
13.17, 2019-10-08, 1.0
13.25, 2019-10-09, 1.0
13.4412, 2019-10-10, 1.0
13.7, 2019-10-11, 1.0
13.53, 2019-10-14, 1.0
13.48, 2019-10-15, 1.0
13.55, 2019-10-16, 1.0
13.6106, 2019-10-17, 1.0
13.54, 2019-10-18, 1.0
13.5, 2019-10-21, 1.0
13.6, 2019-10-22, 1.0
13.88, 2019-10-23, 1.0
13.9853, 2019-10-24, 1.0
14.05, 2019-10-25, 1.0
13.98, 2019-10-28, 1.0
13.96, 2019-10-29, 1.0
13.76, 2019-10-30, 1.0
13.62, 2019-10-31, 1.0
14.06, 2019-11-01, 1.0
14.1896, 2019-11-04, 1.0
14.3, 2019-11-05, 1.0
14.07, 2019-11-06, 1.0
14.11, 2019-11-07, 1.0
14.21, 2019-11-08, 1.0
14.0963, 2019-11-11, 1.0
14.09, 2019-11-12, 1.0
14.19, 2019-11-13, 1.0
14.15, 2019-11-14, 1.0
14.3, 2019-11-15, 1.0
14.05, 2019-11-18, 1.0
13.8106, 2019-11-19, 1.0
14.15, 2019-11-20, 1.0
14.43, 2019-11-21, 1.0
14.3612, 2019-11-22, 1.0
14.3798, 2019-11-25, 1.0
14.49, 2019-11-26, 1.0
14.4, 2019-11-27, 1.0
13.85, 2019-11-29, 1.0
13.82, 2019-12-02, 1.0
13.87, 2019-12-03, 1.0
14.23, 2019-12-04, 1.0
14.3, 2019-12-05, 1.0
14.43, 2019-12-06, 1.0
14.4075, 2019-12-09, 1.0
14.49, 2019-12-10, 1.0
14.34, 2019-12-11, 1.0
14.48, 2019-12-12, 1.0
14.57, 2019-12-13, 1.0
14.69, 2019-12-16, 1.0
14.84, 2019-12-17, 1.0
14.83, 2019-12-18, 1.0
14.86, 2019-12-19, 1.0
14.8, 2019-12-20, 1.0
14.59, 2019-12-23, 1.0
14.6667, 2019-12-24, 1.0
14.78, 2019-12-26, 1.0
14.81, 2019-12-27, 1.0
14.75, 2019-12-30, 1.0
14.63, 2019-12-31, 1.0
14.63, 2020-01-02, 1.0
14.98, 2020-01-03, 1.0
14.97, 2020-01-06, 1.0
14.93, 2020-01-07, 1.0
14.56, 2020-01-08, 1.0
14.43, 2020-01-09, 1.0
14.35, 2020-01-10, 1.0
14.1659, 2020-01-13, 1.0
14.23, 2020-01-14, 1.0
14.09, 2020-01-15, 1.0
14.13, 2020-01-16, 1.0
14.1197, 2020-01-17, 1.0
13.98, 2020-01-21, 1.0
13.705, 2020-01-22, 1.0
13.5, 2020-01-23, 1.0
13.21, 2020-01-24, 1.0
12.8597, 2020-01-27, 1.0
13.03, 2020-01-28, 1.0
12.96, 2020-01-29, 1.0
12.81, 2020-01-30, 1.0
12.59, 2020-01-31, 1.0
12.21, 2020-02-03, 1.0
12.26, 2020-02-04, 1.0
12.53, 2020-02-05, 1.0
12.58, 2020-02-06, 1.0
12.4811, 2020-02-07, 1.0
12.29, 2020-02-10, 1.0
12.4, 2020-02-11, 1.0
12.69, 2020-02-12, 1.0
12.685, 2020-02-13, 1.0
12.76, 2020-02-14, 1.0
12.78, 2020-02-18, 1.0
12.96, 2020-02-19, 1.0
12.9, 2020-02-20, 1.0
12.79, 2020-02-21, 1.0
12.45, 2020-02-24, 1.0
12.08, 2020-02-25, 1.0
11.84, 2020-02-26, 1.0
11.545, 2020-02-27, 1.0
11.3, 2020-02-28, 1.0
11.7583, 2020-03-02, 1.0
11.72, 2020-03-03, 1.0
11.78, 2020-03-04, 1.0
11.51, 2020-03-05, 1.0
10.8198, 2020-03-06, 1.0
9.3, 2020-03-09, 1.0
9.91, 2020-03-10, 1.0
9.69, 2020-03-11, 1.0
9.19, 2020-03-12, 1.0
9.32, 2020-03-13, 1.0
8.4214, 2020-03-16, 1.0
8.26, 2020-03-17, 1.0
7.76, 2020-03-18, 1.0
8.17, 2020-03-19, 1.0
8.04, 2020-03-20, 1.0
8.0, 2020-03-23, 1.0
8.11, 2020-03-24, 1.0
8.43, 2020-03-25, 1.0
8.29, 2020-03-26, 1.0
8.32, 2020-03-27, 1.0
8.28, 2020-03-30, 1.0
8.12, 2020-03-31, 1.0
7.86, 2020-04-01, 1.0
8.08, 2020-04-02, 1.0
8.46, 2020-04-03, 1.0
8.505, 2020-04-06, 1.0
8.56, 2020-04-07, 1.0
8.5649, 2020-04-08, 1.0
8.46, 2020-04-09, 1.0
8.71, 2020-04-13, 1.0
8.64, 2020-04-14, 1.0
8.29, 2020-04-15, 1.0
8.31, 2020-04-16, 1.0
8.37, 2020-04-17, 1.0
8.17, 2020-04-20, 1.0
7.25, 2020-04-21, 1.0
7.56, 2020-04-22, 1.0
7.43, 2020-04-23, 1.0
7.3, 2020-04-24, 1.0
7.09, 2020-04-27, 1.0
7.1, 2020-04-28, 1.0
7.28, 2020-04-29, 1.0
7.61, 2020-04-30, 1.0
7.39, 2020-05-01, 1.0
7.64, 2020-05-04, 1.0
8.02, 2020-05-05, 1.0
7.73, 2020-05-06, 1.0
7.7, 2020-05-07, 1.0
8.01, 2020-05-08, 1.0
7.85, 2020-05-11, 1.0
7.75, 2020-05-12, 1.0
7.61, 2020-05-13, 1.0
7.88, 2020-05-14, 1.0
8.0, 2020-05-15, 1.0
8.47, 2020-05-18, 1.0
8.38, 2020-05-19, 1.0
8.56, 2020-05-20, 1.0
8.63, 2020-05-21, 1.0
8.52, 2020-05-22, 1.0
8.66, 2020-05-26, 1.0
8.49, 2020-05-27, 1.0
8.52, 2020-05-28, 1.0
8.74, 2020-05-29, 1.0
8.8, 2020-06-01, 1.0
9.0, 2020-06-02, 1.0
9.0, 2020-06-03, 1.0
9.1, 2020-06-04, 1.0
9.43, 2020-06-05, 1.0
9.2785, 2020-06-08, 1.0
9.38, 2020-06-09, 1.0
9.36, 2020-06-10, 1.0
8.86, 2020-06-11, 1.0
8.95, 2020-06-12, 1.0
9.12, 2020-06-15, 1.0
9.3, 2020-06-16, 1.0
9.2, 2020-06-17, 1.0
9.36, 2020-06-18, 1.0
9.4, 2020-06-19, 1.0
9.6, 2020-06-22, 1.0
9.54, 2020-06-23, 1.0
9.13, 2020-06-24, 1.0
9.28, 2020-06-25, 1.0
9.06, 2020-06-26, 1.0
9.33, 2020-06-29, 1.0
9.27, 2020-06-30, 1.0
9.33, 2020-07-01, 1.0
9.46, 2020-07-02, 1.0
9.54, 2020-07-06, 1.0
9.56, 2020-07-07, 1.0
9.66, 2020-07-08, 1.0
9.46, 2020-07-09, 1.0
9.61, 2020-07-10, 1.0
9.46, 2020-07-13, 1.0
9.53, 2020-07-14, 1.0
9.64, 2020-07-15, 1.0
9.57, 2020-07-16, 1.0
9.53, 2020-07-17, 1.0
9.57, 2020-07-20, 1.0
9.76, 2020-07-21, 1.0
9.78, 2020-07-22, 1.0
9.695, 2020-07-23, 1.0
9.73, 2020-07-24, 1.0
9.79, 2020-07-27, 1.0
9.725, 2020-07-28, 1.0
9.785, 2020-07-29, 1.0
9.615, 2020-07-30, 1.0
9.62, 2020-07-31, 1.0
9.765, 2020-08-03, 1.0
9.85, 2020-08-04, 1.0
9.98, 2020-08-05, 1.0
9.98, 2020-08-06, 1.0
9.88, 2020-08-07, 1.0
10.0, 2020-08-10, 1.0
9.95, 2020-08-11, 1.0
10.1, 2020-08-12, 1.0
10.07, 2020-08-13, 1.0
10.07, 2020-08-14, 1.0
10.185, 2020-08-17, 1.0
10.2, 2020-08-18, 1.0
10.2086, 2020-08-19, 1.0
10.1795, 2020-08-20, 1.0
10.03, 2020-08-21, 1.0
10.18, 2020-08-24, 1.0
10.29, 2020-08-25, 1.0
10.26, 2020-08-26, 1.0
10.135, 2020-08-27, 1.0
10.235, 2020-08-28, 1.0
10.14, 2020-08-31, 1.0
10.18, 2020-09-01, 1.0
9.95, 2020-09-02, 1.0
9.92, 2020-09-03, 1.0
9.64, 2020-09-04, 1.0
9.18, 2020-09-08, 1.0
9.34, 2020-09-09, 1.0
9.1629, 2020-09-10, 1.0
9.21, 2020-09-11, 1.0
9.2, 2020-09-14, 1.0
9.34, 2020-09-15, 1.0
9.65, 2020-09-16, 1.0
9.84, 2020-09-17, 1.0
9.8104, 2020-09-18, 1.0
9.54, 2020-09-21, 1.0
9.475, 2020-09-22, 1.0
9.48, 2020-09-23, 1.0
9.58, 2020-09-24, 1.0
9.6, 2020-09-25, 1.0
9.71, 2020-09-28, 1.0
9.39, 2020-09-29, 1.0
9.55, 2020-09-30, 1.0
9.33, 2020-10-01, 1.0
9.02, 2020-10-02, 1.0
9.51, 2020-10-05, 1.0
9.64, 2020-10-06, 1.0
9.63, 2020-10-07, 1.0
9.83, 2020-10-08, 1.0
9.7212, 2020-10-09, 1.0
9.56, 2020-10-12, 1.0
9.64, 2020-10-13, 1.0
9.791, 2020-10-14, 1.0
9.76, 2020-10-15, 1.0
9.68, 2020-10-16, 1.0
9.63, 2020-10-19, 1.0
9.75, 2020-10-20, 1.0
9.52, 2020-10-21, 1.0
9.6322, 2020-10-22, 1.0
9.48, 2020-10-23, 1.0
9.2615, 2020-10-26, 1.0
9.44, 2020-10-27, 1.0
9.04, 2020-10-28, 1.0
8.84, 2020-10-29, 1.0
8.78, 2020-10-30, 1.0
9.049, 2020-11-02, 1.0
9.16, 2020-11-03, 1.0
9.33, 2020-11-04, 1.0
9.2815, 2020-11-05, 1.0
9.091, 2020-11-06, 1.0
9.53, 2020-11-09, 1.0
9.8, 2020-11-10, 1.0
9.8203, 2020-11-11, 1.0
9.6801, 2020-11-12, 1.0
9.53, 2020-11-13, 1.0
9.645, 2020-11-16, 1.0
9.665, 2020-11-17, 1.0
9.69, 2020-11-18, 1.0
9.703, 2020-11-19, 1.0
9.79, 2020-11-20, 1.0
9.86, 2020-11-23, 1.0
10.31, 2020-11-24, 1.0
10.45, 2020-11-25, 1.0
10.3626, 2020-11-27, 1.0
10.28, 2020-11-30, 1.0
10.17, 2020-12-01, 1.0
10.26, 2020-12-02, 1.0
10.29, 2020-12-03, 1.0
10.38, 2020-12-04, 1.0
10.28, 2020-12-07, 1.0
10.38, 2020-12-08, 1.0
10.34, 2020-12-09, 1.0
10.6, 2020-12-10, 1.0
10.55, 2020-12-11, 1.0
10.6384, 2020-12-14, 1.0
10.73, 2020-12-15, 1.0
10.8, 2020-12-16, 1.0
10.91, 2020-12-17, 1.0
10.99, 2020-12-18, 1.0
10.77, 2020-12-21, 1.0
10.655, 2020-12-22, 1.0
10.81, 2020-12-23, 1.0
10.8192, 2020-12-24, 1.0
10.7, 2020-12-28, 1.0
10.765, 2020-12-29, 1.0
10.78, 2020-12-30, 1.0
10.84, 2020-12-31, 1.0
10.695, 2021-01-04, 1.0
11.16, 2021-01-05, 1.0
11.19, 2021-01-06, 1.0
11.26, 2021-01-07, 1.0
11.55, 2021-01-08, 1.0
11.45, 2021-01-11, 1.0
11.65, 2021-01-12, 1.0
11.61, 2021-01-13, 1.0
11.71, 2021-01-14, 1.0
11.5162, 2021-01-15, 1.0
11.57, 2021-01-19, 1.0
11.57, 2021-01-20, 1.0
11.59, 2021-01-21, 1.0
