99.92, 2007-01-11, 1.0
99.93, 2007-01-12, 1.0
99.83, 2007-01-16, 1.0
99.82, 2007-01-17, 1.0
99.91, 2007-01-18, 1.0
99.8, 2007-01-19, 1.0
99.85, 2007-01-22, 1.0
99.71, 2007-01-23, 1.0
99.75, 2007-01-24, 1.0
99.55, 2007-01-25, 1.0
99.56, 2007-01-26, 1.0
99.53, 2007-01-29, 1.0
99.58, 2007-01-30, 1.0
99.84, 2007-01-31, 1.0
99.53, 2007-02-01, 1.0
99.58, 2007-02-02, 1.0
99.71, 2007-02-05, 1.0
99.88, 2007-02-06, 1.0
99.99, 2007-02-07, 1.0
100.03, 2007-02-08, 1.0
99.81, 2007-02-09, 1.0
99.73, 2007-02-12, 1.0
99.69, 2007-02-13, 1.0
100.12, 2007-02-14, 1.0
100.27, 2007-02-15, 1.0
100.28, 2007-02-16, 1.0
100.27, 2007-02-20, 1.0
100.36, 2007-02-21, 1.0
100.21, 2007-02-22, 1.0
100.42, 2007-02-23, 1.0
100.59, 2007-02-26, 1.0
101.2, 2007-02-27, 1.0
101.02, 2007-02-28, 1.0
100.68, 2007-03-01, 1.0
100.96, 2007-03-02, 1.0
100.99, 2007-03-05, 1.0
100.89, 2007-03-06, 1.0
101.03, 2007-03-07, 1.0
101.05, 2007-03-08, 1.0
100.69, 2007-03-09, 1.0
100.87, 2007-03-12, 1.0
101.18, 2007-03-13, 1.0
101.16, 2007-03-14, 1.0
101.06, 2007-03-15, 1.0
101.08, 2007-03-16, 1.0
100.91, 2007-03-19, 1.0
101.07, 2007-03-20, 1.0
101.27, 2007-03-21, 1.0
101.08, 2007-03-22, 1.0
100.98, 2007-03-23, 1.0
101.11, 2007-03-26, 1.0
101.09, 2007-03-27, 1.0
101.12, 2007-03-28, 1.0
101.01, 2007-03-29, 1.0
101.0, 2007-03-30, 1.0
100.64, 2007-04-02, 1.0
100.55, 2007-04-03, 1.0
100.79, 2007-04-04, 1.0
100.62, 2007-04-05, 1.0
100.22, 2007-04-09, 1.0
100.35, 2007-04-10, 1.0
100.34, 2007-04-11, 1.0
100.32, 2007-04-12, 1.0
100.21, 2007-04-13, 1.0
100.28, 2007-04-16, 1.0
100.6, 2007-04-17, 1.0
100.75, 2007-04-18, 1.0
100.75, 2007-04-19, 1.0
100.72, 2007-04-20, 1.0
100.86, 2007-04-23, 1.0
101.03, 2007-04-24, 1.0
100.92, 2007-04-25, 1.0
100.76, 2007-04-26, 1.0
100.76, 2007-04-27, 1.0
101.06, 2007-04-30, 1.0
100.63, 2007-05-01, 1.0
100.59, 2007-05-02, 1.0
100.5, 2007-05-03, 1.0
100.65, 2007-05-04, 1.0
100.69, 2007-05-07, 1.0
100.71, 2007-05-08, 1.0
100.55, 2007-05-09, 1.0
100.65, 2007-05-10, 1.0
100.58, 2007-05-11, 1.0
100.43, 2007-05-14, 1.0
100.44, 2007-05-15, 1.0
100.51, 2007-05-16, 1.0
100.28, 2007-05-17, 1.0
100.1, 2007-05-18, 1.0
100.24, 2007-05-21, 1.0
99.99, 2007-05-22, 1.0
99.99, 2007-05-23, 1.0
100.03, 2007-05-24, 1.0
99.93, 2007-05-25, 1.0
99.84, 2007-05-29, 1.0
99.9, 2007-05-30, 1.0
99.81, 2007-05-31, 1.0
99.12, 2007-06-01, 1.0
99.25, 2007-06-04, 1.0
99.04, 2007-06-05, 1.0
99.2, 2007-06-06, 1.0
98.75, 2007-06-07, 1.0
98.75, 2007-06-08, 1.0
98.77, 2007-06-11, 1.0
98.35, 2007-06-12, 1.0
98.51, 2007-06-13, 1.0
98.47, 2007-06-14, 1.0
98.76, 2007-06-15, 1.0
98.8299, 2007-06-18, 1.0
99.1, 2007-06-19, 1.0
98.93, 2007-06-20, 1.0
98.89, 2007-06-21, 1.0
99.1, 2007-06-22, 1.0
99.23, 2007-06-25, 1.0
99.28, 2007-06-26, 1.0
99.4, 2007-06-27, 1.0
99.26, 2007-06-28, 1.0
99.58, 2007-06-29, 1.0
99.33, 2007-07-02, 1.0
99.19, 2007-07-03, 1.0
98.78, 2007-07-05, 1.0
98.63, 2007-07-06, 1.0
98.73, 2007-07-09, 1.0
99.31, 2007-07-10, 1.0
99.07, 2007-07-11, 1.0
98.96, 2007-07-12, 1.0
99.04, 2007-07-13, 1.0
99.27, 2007-07-16, 1.0
99.19, 2007-07-17, 1.0
99.44, 2007-07-18, 1.0
99.4, 2007-07-19, 1.0
99.76, 2007-07-20, 1.0
99.76, 2007-07-23, 1.0
99.94, 2007-07-24, 1.0
100.03, 2007-07-25, 1.0
100.7, 2007-07-26, 1.0
100.79, 2007-07-27, 1.0
100.58, 2007-07-30, 1.0
100.81, 2007-07-31, 1.0
100.25, 2007-08-01, 1.0
100.44, 2007-08-02, 1.0
100.85, 2007-08-03, 1.0
100.53, 2007-08-06, 1.0
100.39, 2007-08-07, 1.0
100.23, 2007-08-08, 1.0
100.66, 2007-08-09, 1.0
100.52, 2007-08-10, 1.0
100.7, 2007-08-13, 1.0
101.92, 2007-08-14, 1.0
101.14, 2007-08-15, 1.0
101.87, 2007-08-16, 1.0
101.58, 2007-08-17, 1.0
101.76, 2007-08-20, 1.0
102.05, 2007-08-21, 1.0
101.73, 2007-08-22, 1.0
101.6, 2007-08-23, 1.0
101.53, 2007-08-24, 1.0
101.71, 2007-08-27, 1.0
102.3, 2007-08-28, 1.0
101.95, 2007-08-29, 1.0
102.33, 2007-08-30, 1.0
102.3, 2007-08-31, 1.0
101.85, 2007-09-04, 1.0
102.35, 2007-09-05, 1.0
102.1, 2007-09-06, 1.0
102.78, 2007-09-07, 1.0
103.0, 2007-09-10, 1.0
102.74, 2007-09-11, 1.0
102.67, 2007-09-12, 1.0
102.24, 2007-09-13, 1.0
102.34, 2007-09-14, 1.0
102.32, 2007-09-17, 1.0
102.45, 2007-09-18, 1.0
102.4, 2007-09-19, 1.0
101.65, 2007-09-20, 1.0
101.95, 2007-09-21, 1.0
102.04, 2007-09-24, 1.0
102.171, 2007-09-25, 1.0
102.22, 2007-09-26, 1.0
102.45, 2007-09-27, 1.0
102.4, 2007-09-28, 1.0
102.09, 2007-10-01, 1.0
102.24, 2007-10-02, 1.0
102.13, 2007-10-03, 1.0
102.23, 2007-10-04, 1.0
101.75, 2007-10-05, 1.0
101.99, 2007-10-08, 1.0
101.61, 2007-10-09, 1.0
101.66, 2007-10-10, 1.0
101.71, 2007-10-11, 1.0
101.57, 2007-10-12, 1.0
101.49, 2007-10-15, 1.0
101.72, 2007-10-16, 1.0
102.0595, 2007-10-17, 1.0
102.53, 2007-10-18, 1.0
102.94, 2007-10-19, 1.0
102.94, 2007-10-22, 1.0
102.9, 2007-10-23, 1.0
103.282, 2007-10-24, 1.0
103.3, 2007-10-25, 1.0
103.21, 2007-10-26, 1.0
103.19, 2007-10-29, 1.0
103.21, 2007-10-30, 1.0
102.85, 2007-10-31, 1.0
103.05, 2007-11-01, 1.0
103.18, 2007-11-02, 1.0
103.22, 2007-11-05, 1.0
103.13, 2007-11-06, 1.0
103.5, 2007-11-07, 1.0
103.82, 2007-11-08, 1.0
104.16, 2007-11-09, 1.0
104.29, 2007-11-12, 1.0
103.67, 2007-11-13, 1.0
103.9, 2007-11-14, 1.0
104.3001, 2007-11-15, 1.0
104.3, 2007-11-16, 1.0
104.98, 2007-11-19, 1.0
105.0, 2007-11-20, 1.0
105.65, 2007-11-21, 1.0
105.28, 2007-11-23, 1.0
106.1564, 2007-11-26, 1.0
105.59, 2007-11-27, 1.0
105.34, 2007-11-28, 1.0
105.72, 2007-11-29, 1.0
105.9, 2007-11-30, 1.0
106.0, 2007-12-03, 1.0
105.96, 2007-12-04, 1.0
105.82, 2007-12-05, 1.0
105.39, 2007-12-06, 1.0
105.12, 2007-12-07, 1.0
104.81, 2007-12-10, 1.0
106.0, 2007-12-11, 1.0
105.23, 2007-12-12, 1.0
104.94, 2007-12-13, 1.0
104.56, 2007-12-14, 1.0
105.11, 2007-12-17, 1.0
105.07, 2007-12-18, 1.0
105.59, 2007-12-19, 1.0
105.61, 2007-12-20, 1.0
105.08, 2007-12-21, 1.0
104.86, 2007-12-24, 1.0
104.54, 2007-12-26, 1.0
104.66, 2007-12-27, 1.0
105.2, 2007-12-28, 1.0
105.52, 2007-12-31, 1.0
106.07, 2008-01-02, 1.0
106.23, 2008-01-03, 1.0
106.59, 2008-01-04, 1.0
106.7, 2008-01-07, 1.0
106.78, 2008-01-08, 1.0
106.83, 2008-01-09, 1.0
106.77, 2008-01-10, 1.0
107.1799, 2008-01-11, 1.0
107.25, 2008-01-14, 1.0
107.53, 2008-01-15, 1.0
107.5, 2008-01-16, 1.0
108.04, 2008-01-17, 1.0
108.0, 2008-01-18, 1.0
108.97, 2008-01-22, 1.0
108.759, 2008-01-23, 1.0
108.11, 2008-01-24, 1.0
108.59, 2008-01-25, 1.0
108.43, 2008-01-28, 1.0
108.115, 2008-01-29, 1.0
108.24, 2008-01-30, 1.0
108.61, 2008-01-31, 1.0
108.57, 2008-02-01, 1.0
108.2534, 2008-02-04, 1.0
108.95, 2008-02-05, 1.0
108.82, 2008-02-06, 1.0
108.2, 2008-02-07, 1.0
108.77, 2008-02-08, 1.0
108.91, 2008-02-11, 1.0
108.83, 2008-02-12, 1.0
108.68, 2008-02-13, 1.0
108.48, 2008-02-14, 1.0
108.59, 2008-02-15, 1.0
107.9102, 2008-02-19, 1.0
107.76, 2008-02-20, 1.0
108.53, 2008-02-21, 1.0
108.28, 2008-02-22, 1.0
107.84, 2008-02-25, 1.0
108.08, 2008-02-26, 1.0
108.26, 2008-02-27, 1.0
109.11, 2008-02-28, 1.0
110.02, 2008-02-29, 1.0
109.62, 2008-03-03, 1.0
109.58, 2008-03-04, 1.0
109.34, 2008-03-05, 1.0
109.89, 2008-03-06, 1.0
110.19, 2008-03-07, 1.0
110.57, 2008-03-10, 1.0
109.52, 2008-03-11, 1.0
110.36, 2008-03-12, 1.0
110.17, 2008-03-13, 1.0
110.91, 2008-03-14, 1.0
111.44, 2008-03-17, 1.0
110.75, 2008-03-18, 1.0
111.2699, 2008-03-19, 1.0
111.15, 2008-03-20, 1.0
109.87, 2008-03-24, 1.0
109.95, 2008-03-25, 1.0
110.25, 2008-03-26, 1.0
110.21, 2008-03-27, 1.0
110.42, 2008-03-28, 1.0
110.63, 2008-03-31, 1.0
109.5, 2008-04-01, 1.0
109.19, 2008-04-02, 1.0
109.03, 2008-04-03, 1.0
109.56, 2008-04-04, 1.0
109.0, 2008-04-07, 1.0
109.05, 2008-04-08, 1.0
109.6196, 2008-04-09, 1.0
109.37, 2008-04-10, 1.0
109.75, 2008-04-11, 1.0
109.5946, 2008-04-14, 1.0
109.27, 2008-04-15, 1.0
108.65, 2008-04-16, 1.0
108.44, 2008-04-17, 1.0
108.23, 2008-04-18, 1.0
108.13, 2008-04-21, 1.0
108.17, 2008-04-22, 1.0
108.0, 2008-04-23, 1.0
107.44, 2008-04-24, 1.0
107.23, 2008-04-25, 1.0
107.48, 2008-04-28, 1.0
107.67, 2008-04-29, 1.0
107.84, 2008-04-30, 1.0
107.36, 2008-05-01, 1.0
106.98, 2008-05-02, 1.0
107.15, 2008-05-05, 1.0
107.07, 2008-05-06, 1.0
107.37, 2008-05-07, 1.0
107.87, 2008-05-08, 1.0
107.89, 2008-05-09, 1.0
107.7, 2008-05-12, 1.0
107.02, 2008-05-13, 1.0
106.8768, 2008-05-14, 1.0
107.36, 2008-05-15, 1.0
107.18, 2008-05-16, 1.0
107.43, 2008-05-19, 1.0
107.65, 2008-05-20, 1.0
107.44, 2008-05-21, 1.0
106.815, 2008-05-22, 1.0
107.27, 2008-05-23, 1.0
106.8, 2008-05-27, 1.0
106.29, 2008-05-28, 1.0
106.04, 2008-05-29, 1.0
106.25, 2008-05-30, 1.0
106.44, 2008-06-02, 1.0
106.99, 2008-06-03, 1.0
106.79, 2008-06-04, 1.0
106.3901, 2008-06-05, 1.0
107.07, 2008-06-06, 1.0
106.2, 2008-06-09, 1.0
105.56, 2008-06-10, 1.0
105.89, 2008-06-11, 1.0
104.94, 2008-06-12, 1.0
104.83, 2008-06-13, 1.0
104.8, 2008-06-16, 1.0
105.24, 2008-06-17, 1.0
105.57, 2008-06-18, 1.0
105.12, 2008-06-19, 1.0
105.52, 2008-06-20, 1.0
105.3832, 2008-06-23, 1.0
105.76, 2008-06-24, 1.0
105.84, 2008-06-25, 1.0
106.4, 2008-06-26, 1.0
106.7, 2008-06-27, 1.0
106.75, 2008-06-30, 1.0
106.36, 2008-07-01, 1.0
106.61, 2008-07-02, 1.0
106.78, 2008-07-03, 1.0
107.04, 2008-07-07, 1.0
107.12, 2008-07-08, 1.0
107.572, 2008-07-09, 1.0
107.53, 2008-07-10, 1.0
106.78, 2008-07-11, 1.0
107.22, 2008-07-14, 1.0
107.57, 2008-07-15, 1.0
107.1, 2008-07-16, 1.0
106.65, 2008-07-17, 1.0
106.29, 2008-07-18, 1.0
106.41, 2008-07-21, 1.0
106.15, 2008-07-22, 1.0
106.04, 2008-07-23, 1.0
106.71, 2008-07-24, 1.0
106.4, 2008-07-25, 1.0
106.88, 2008-07-28, 1.0
106.58, 2008-07-29, 1.0
106.72, 2008-07-30, 1.0
107.24, 2008-07-31, 1.0
107.09, 2008-08-01, 1.0
107.03, 2008-08-04, 1.0
106.81, 2008-08-05, 1.0
106.77, 2008-08-06, 1.0
107.44, 2008-08-07, 1.0
107.27, 2008-08-08, 1.0
106.94, 2008-08-11, 1.0
107.47, 2008-08-12, 1.0
107.29, 2008-08-13, 1.0
107.5, 2008-08-14, 1.0
107.72, 2008-08-15, 1.0
107.93, 2008-08-18, 1.0
107.92, 2008-08-19, 1.0
108.17, 2008-08-20, 1.0
107.93, 2008-08-21, 1.0
107.68, 2008-08-22, 1.0
108.03, 2008-08-25, 1.0
108.1, 2008-08-26, 1.0
108.23, 2008-08-27, 1.0
108.1, 2008-08-28, 1.0
108.02, 2008-08-29, 1.0
108.13, 2008-09-02, 1.0
108.4, 2008-09-03, 1.0
108.77, 2008-09-04, 1.0
108.57, 2008-09-05, 1.0
108.43, 2008-09-08, 1.0
108.77, 2008-09-09, 1.0
108.64, 2008-09-10, 1.0
108.6, 2008-09-11, 1.0
108.43, 2008-09-12, 1.0
110.01, 2008-09-15, 1.0
109.61, 2008-09-16, 1.0
110.63, 2008-09-17, 1.0
109.99, 2008-09-18, 1.0
108.19, 2008-09-19, 1.0
108.31, 2008-09-22, 1.0
108.41, 2008-09-23, 1.0
108.98, 2008-09-24, 1.0
108.37, 2008-09-25, 1.0
108.33, 2008-09-26, 1.0
109.74, 2008-09-29, 1.0
108.83, 2008-09-30, 1.0
109.09, 2008-10-01, 1.0
109.91, 2008-10-02, 1.0
110.22, 2008-10-03, 1.0
110.971, 2008-10-06, 1.0
111.21, 2008-10-07, 1.0
109.83, 2008-10-08, 1.0
109.44, 2008-10-09, 1.0
109.48, 2008-10-10, 1.0
108.0, 2008-10-13, 1.0
108.54, 2008-10-14, 1.0
109.1599, 2008-10-15, 1.0
109.34, 2008-10-16, 1.0
109.29, 2008-10-17, 1.0
109.55, 2008-10-20, 1.0
110.07, 2008-10-21, 1.0
110.605, 2008-10-22, 1.0
110.55, 2008-10-23, 1.0
110.406, 2008-10-24, 1.0
110.34, 2008-10-27, 1.0
110.09, 2008-10-28, 1.0
110.28, 2008-10-29, 1.0
109.76, 2008-10-30, 1.0
110.17, 2008-10-31, 1.0
110.45, 2008-11-03, 1.0
111.25, 2008-11-04, 1.0
111.4, 2008-11-05, 1.0
111.4847, 2008-11-06, 1.0
111.07, 2008-11-07, 1.0
111.27, 2008-11-10, 1.0
111.48, 2008-11-11, 1.0
111.86, 2008-11-12, 1.0
111.49, 2008-11-13, 1.0
112.15, 2008-11-14, 1.0
112.224, 2008-11-17, 1.0
112.73, 2008-11-18, 1.0
113.37, 2008-11-19, 1.0
114.09, 2008-11-20, 1.0
113.54, 2008-11-21, 1.0
112.61, 2008-11-24, 1.0
113.52, 2008-11-25, 1.0
113.684, 2008-11-26, 1.0
114.11, 2008-11-28, 1.0
115.06, 2008-12-01, 1.0
115.1692, 2008-12-02, 1.0
115.35, 2008-12-03, 1.0
115.79, 2008-12-04, 1.0
114.89, 2008-12-05, 1.0
114.51, 2008-12-08, 1.0
115.22, 2008-12-09, 1.0
115.37, 2008-12-10, 1.0
115.49, 2008-12-11, 1.0
115.85, 2008-12-12, 1.0
115.95, 2008-12-15, 1.0
116.92, 2008-12-16, 1.0
116.4, 2008-12-17, 1.0
116.82, 2008-12-18, 1.0
116.58, 2008-12-19, 1.0
116.1104, 2008-12-22, 1.0
116.06, 2008-12-23, 1.0
115.998, 2008-12-24, 1.0
116.12, 2008-12-26, 1.0
116.14, 2008-12-29, 1.0
116.01, 2008-12-30, 1.0
115.5604, 2008-12-31, 1.0
114.82, 2009-01-02, 1.0
114.9, 2009-01-05, 1.0
115.01, 2009-01-06, 1.0
115.19, 2009-01-07, 1.0
115.41, 2009-01-08, 1.0
115.76, 2009-01-09, 1.0
116.0194, 2009-01-12, 1.0
115.97, 2009-01-13, 1.0
116.32, 2009-01-14, 1.0
116.16, 2009-01-15, 1.0
115.77, 2009-01-16, 1.0
115.7934, 2009-01-20, 1.0
115.2, 2009-01-21, 1.0
114.97, 2009-01-22, 1.0
114.85, 2009-01-23, 1.0
114.67, 2009-01-26, 1.0
114.99, 2009-01-27, 1.0
114.44, 2009-01-28, 1.0
113.97, 2009-01-29, 1.0
114.08, 2009-01-30, 1.0
114.37, 2009-02-02, 1.0
113.43, 2009-02-03, 1.0
113.37, 2009-02-04, 1.0
113.45, 2009-02-05, 1.0
112.98, 2009-02-06, 1.0
112.83, 2009-02-09, 1.0
113.79, 2009-02-10, 1.0
113.89, 2009-02-11, 1.0
113.95, 2009-02-12, 1.0
113.33, 2009-02-13, 1.0
114.39, 2009-02-17, 1.0
113.75, 2009-02-18, 1.0
113.5766, 2009-02-19, 1.0
113.82, 2009-02-20, 1.0
113.71, 2009-02-23, 1.0
113.47, 2009-02-24, 1.0
112.88, 2009-02-25, 1.0
112.71, 2009-02-26, 1.0
113.1, 2009-02-27, 1.0
113.606, 2009-03-02, 1.0
113.45, 2009-03-03, 1.0
113.11, 2009-03-04, 1.0
113.712, 2009-03-05, 1.0
113.3799, 2009-03-06, 1.0
113.3, 2009-03-09, 1.0
112.81, 2009-03-10, 1.0
112.97, 2009-03-11, 1.0
113.16, 2009-03-12, 1.0
113.46, 2009-03-13, 1.0
113.03, 2009-03-16, 1.0
112.77, 2009-03-17, 1.0
114.85, 2009-03-18, 1.0
114.56, 2009-03-19, 1.0
114.52, 2009-03-20, 1.0
114.32, 2009-03-23, 1.0
114.21, 2009-03-24, 1.0
113.92, 2009-03-25, 1.0
114.19, 2009-03-26, 1.0
114.2, 2009-03-27, 1.0
114.44, 2009-03-30, 1.0
114.858, 2009-03-31, 1.0
114.73, 2009-04-01, 1.0
114.26, 2009-04-02, 1.0
113.39, 2009-04-03, 1.0
113.25, 2009-04-06, 1.0
113.42, 2009-04-07, 1.0
113.55, 2009-04-08, 1.0
113.31, 2009-04-09, 1.0
113.8, 2009-04-13, 1.0
114.13, 2009-04-14, 1.0
114.17, 2009-04-15, 1.0
113.85, 2009-04-16, 1.0
113.33, 2009-04-17, 1.0
113.78, 2009-04-20, 1.0
113.498, 2009-04-21, 1.0
113.4499, 2009-04-22, 1.0
113.41, 2009-04-23, 1.0
113.18, 2009-04-24, 1.0
113.66, 2009-04-27, 1.0
113.27, 2009-04-28, 1.0
112.92, 2009-04-29, 1.0
113.04, 2009-04-30, 1.0
112.62, 2009-05-01, 1.0
112.62, 2009-05-04, 1.0
112.517, 2009-05-05, 1.0
112.605, 2009-05-06, 1.0
112.113, 2009-05-07, 1.0
112.2, 2009-05-08, 1.0
112.7588, 2009-05-11, 1.0
112.83, 2009-05-12, 1.0
113.03, 2009-05-13, 1.0
113.1, 2009-05-14, 1.0
112.96, 2009-05-15, 1.0
112.53, 2009-05-18, 1.0
112.47, 2009-05-19, 1.0
112.81, 2009-05-20, 1.0
112.2932, 2009-05-21, 1.0
111.98, 2009-05-22, 1.0
111.51, 2009-05-26, 1.0
111.077, 2009-05-27, 1.0
111.06, 2009-05-28, 1.0
111.74, 2009-05-29, 1.0
110.53, 2009-06-01, 1.0
110.64, 2009-06-02, 1.0
111.05, 2009-06-03, 1.0
110.47, 2009-06-04, 1.0
109.17, 2009-06-05, 1.0
108.57, 2009-06-08, 1.0
109.0, 2009-06-09, 1.0
108.79, 2009-06-10, 1.0
109.19, 2009-06-11, 1.0
109.42, 2009-06-12, 1.0
109.67, 2009-06-15, 1.0
109.93, 2009-06-16, 1.0
110.03, 2009-06-17, 1.0
109.2, 2009-06-18, 1.0
109.39, 2009-06-19, 1.0
109.81, 2009-06-22, 1.0
109.93, 2009-06-23, 1.0
109.82, 2009-06-24, 1.0
110.62, 2009-06-25, 1.0
110.77, 2009-06-26, 1.0
110.8, 2009-06-29, 1.0
110.79, 2009-06-30, 1.0
110.69, 2009-07-01, 1.0
111.04, 2009-07-02, 1.0
111.32, 2009-07-06, 1.0
111.44, 2009-07-07, 1.0
112.13, 2009-07-08, 1.0
111.72, 2009-07-09, 1.0
112.22, 2009-07-10, 1.0
111.93, 2009-07-13, 1.0
111.6499, 2009-07-14, 1.0
110.67, 2009-07-15, 1.0
111.08, 2009-07-16, 1.0
110.83, 2009-07-17, 1.0
111.096, 2009-07-20, 1.0
111.75, 2009-07-21, 1.0
111.38, 2009-07-22, 1.0
110.58, 2009-07-23, 1.0
110.75, 2009-07-24, 1.0
110.53, 2009-07-27, 1.0
110.46, 2009-07-28, 1.0
110.33, 2009-07-29, 1.0
110.51, 2009-07-30, 1.0
111.17, 2009-07-31, 1.0
110.22, 2009-08-03, 1.0
110.1, 2009-08-04, 1.0
109.89, 2009-08-05, 1.0
109.91, 2009-08-06, 1.0
109.42, 2009-08-07, 1.0
109.94, 2009-08-10, 1.0
110.23, 2009-08-11, 1.0
110.2339, 2009-08-12, 1.0
110.73, 2009-08-13, 1.0
110.98, 2009-08-14, 1.0
111.52, 2009-08-17, 1.0
111.28, 2009-08-18, 1.0
111.43, 2009-08-19, 1.0
111.55, 2009-08-20, 1.0
110.8, 2009-08-21, 1.0
111.28, 2009-08-24, 1.0
111.46, 2009-08-25, 1.0
111.53, 2009-08-26, 1.0
111.39, 2009-08-27, 1.0
111.64, 2009-08-28, 1.0
111.9, 2009-08-31, 1.0
111.94, 2009-09-01, 1.0
112.37, 2009-09-02, 1.0
112.1, 2009-09-03, 1.0
111.83, 2009-09-04, 1.0
111.75, 2009-09-08, 1.0
111.78, 2009-09-09, 1.0
112.19, 2009-09-10, 1.0
112.21, 2009-09-11, 1.0
111.98, 2009-09-14, 1.0
111.79, 2009-09-15, 1.0
111.5, 2009-09-16, 1.0
111.84, 2009-09-17, 1.0
111.47, 2009-09-18, 1.0
111.56, 2009-09-21, 1.0
111.73, 2009-09-22, 1.0
111.99, 2009-09-23, 1.0
112.12, 2009-09-24, 1.0
112.19, 2009-09-25, 1.0
112.32, 2009-09-28, 1.0
112.26, 2009-09-29, 1.0
112.5, 2009-09-30, 1.0
112.86, 2009-10-01, 1.0
112.73, 2009-10-02, 1.0
112.74, 2009-10-05, 1.0
112.59, 2009-10-06, 1.0
112.97, 2009-10-07, 1.0
112.77, 2009-10-08, 1.0
112.07, 2009-10-09, 1.0
112.24, 2009-10-12, 1.0
112.53, 2009-10-13, 1.0
112.13, 2009-10-14, 1.0
111.87, 2009-10-15, 1.0
112.11, 2009-10-16, 1.0
112.15, 2009-10-19, 1.0
112.51, 2009-10-20, 1.0
112.19, 2009-10-21, 1.0
112.09, 2009-10-22, 1.0
111.68, 2009-10-23, 1.0
111.37, 2009-10-26, 1.0
112.03, 2009-10-27, 1.0
112.24, 2009-10-28, 1.0
111.95, 2009-10-29, 1.0
112.44, 2009-10-30, 1.0
111.67, 2009-11-02, 1.0
111.56, 2009-11-03, 1.0
111.5, 2009-11-04, 1.0
111.64, 2009-11-05, 1.0
111.88, 2009-11-06, 1.0
111.94, 2009-11-09, 1.0
111.93, 2009-11-10, 1.0
112.1, 2009-11-11, 1.0
112.05, 2009-11-12, 1.0
112.18, 2009-11-13, 1.0
112.55, 2009-11-16, 1.0
112.63, 2009-11-17, 1.0
112.55, 2009-11-18, 1.0
112.69, 2009-11-19, 1.0
112.68, 2009-11-20, 1.0
112.68, 2009-11-23, 1.0
113.02, 2009-11-24, 1.0
113.23, 2009-11-25, 1.0
113.62, 2009-11-27, 1.0
113.74, 2009-11-30, 1.0
112.97, 2009-12-01, 1.0
112.79, 2009-12-02, 1.0
112.64, 2009-12-03, 1.0
112.02, 2009-12-04, 1.0
112.28, 2009-12-07, 1.0
112.64, 2009-12-08, 1.0
112.51, 2009-12-09, 1.0
112.24, 2009-12-10, 1.0
111.99, 2009-12-11, 1.0
111.78, 2009-12-14, 1.0
111.58, 2009-12-15, 1.0
111.6, 2009-12-16, 1.0
112.23, 2009-12-17, 1.0
111.91, 2009-12-18, 1.0
111.31, 2009-12-21, 1.0
111.0, 2009-12-22, 1.0
110.9144, 2009-12-23, 1.0
110.71, 2009-12-24, 1.0
110.37, 2009-12-28, 1.0
110.34, 2009-12-29, 1.0
110.37, 2009-12-30, 1.0
110.16, 2009-12-31, 1.0
110.24, 2010-01-04, 1.0
110.59, 2010-01-05, 1.0
110.44, 2010-01-06, 1.0
110.396, 2010-01-07, 1.0
110.56, 2010-01-08, 1.0
110.68, 2010-01-11, 1.0
111.16, 2010-01-12, 1.0
110.79, 2010-01-13, 1.0
111.06, 2010-01-14, 1.0
111.36, 2010-01-15, 1.0
111.25, 2010-01-19, 1.0
111.46, 2010-01-20, 1.0
111.77, 2010-01-21, 1.0
111.83, 2010-01-22, 1.0
111.73, 2010-01-25, 1.0
111.87, 2010-01-26, 1.0
111.63, 2010-01-27, 1.0
111.77, 2010-01-28, 1.0
112.04, 2010-01-29, 1.0
111.63, 2010-02-01, 1.0
111.6811, 2010-02-02, 1.0
111.44, 2010-02-03, 1.0
112.08, 2010-02-04, 1.0
112.34, 2010-02-05, 1.0
112.22, 2010-02-08, 1.0
111.98, 2010-02-09, 1.0
111.67, 2010-02-10, 1.0
111.7, 2010-02-11, 1.0
111.91, 2010-02-12, 1.0
112.01, 2010-02-16, 1.0
111.63, 2010-02-17, 1.0
111.4, 2010-02-18, 1.0
111.2719, 2010-02-19, 1.0
111.3, 2010-02-22, 1.0
111.83, 2010-02-23, 1.0
111.8, 2010-02-24, 1.0
112.16, 2010-02-25, 1.0
112.26, 2010-02-26, 1.0
112.12, 2010-03-01, 1.0
112.22, 2010-03-02, 1.0
112.22, 2010-03-03, 1.0
112.25, 2010-03-04, 1.0
111.87, 2010-03-05, 1.0
111.74, 2010-03-08, 1.0
111.88, 2010-03-09, 1.0
111.71, 2010-03-10, 1.0
111.58, 2010-03-11, 1.0
111.59, 2010-03-12, 1.0
111.65, 2010-03-15, 1.0
111.93, 2010-03-16, 1.0
111.92, 2010-03-17, 1.0
111.67, 2010-03-18, 1.0
111.48, 2010-03-19, 1.0
111.75, 2010-03-22, 1.0
111.65, 2010-03-23, 1.0
110.92, 2010-03-24, 1.0
110.77, 2010-03-25, 1.0
110.94, 2010-03-26, 1.0
110.94, 2010-03-29, 1.0
110.98, 2010-03-30, 1.0
111.18, 2010-03-31, 1.0
110.82, 2010-04-01, 1.0
110.09, 2010-04-05, 1.0
110.31, 2010-04-06, 1.0
110.71, 2010-04-07, 1.0
110.6424, 2010-04-08, 1.0
110.67, 2010-04-09, 1.0
110.884, 2010-04-12, 1.0
111.01, 2010-04-13, 1.0
110.89, 2010-04-14, 1.0
111.09, 2010-04-15, 1.0
111.53, 2010-04-16, 1.0
111.3, 2010-04-19, 1.0
111.25, 2010-04-20, 1.0
111.41, 2010-04-21, 1.0
111.1944, 2010-04-22, 1.0
111.02, 2010-04-23, 1.0
111.11, 2010-04-26, 1.0
111.86, 2010-04-27, 1.0
111.48, 2010-04-28, 1.0
111.64, 2010-04-29, 1.0
111.98, 2010-04-30, 1.0
111.54, 2010-05-03, 1.0
112.0, 2010-05-04, 1.0
112.3689, 2010-05-05, 1.0
113.0, 2010-05-06, 1.0
113.02, 2010-05-07, 1.0
112.47, 2010-05-10, 1.0
112.59, 2010-05-11, 1.0
112.41, 2010-05-12, 1.0
112.6, 2010-05-13, 1.0
113.13, 2010-05-14, 1.0
112.97, 2010-05-17, 1.0
113.425, 2010-05-18, 1.0
113.37, 2010-05-19, 1.0
113.94, 2010-05-20, 1.0
113.9111, 2010-05-21, 1.0
113.89, 2010-05-24, 1.0
114.01, 2010-05-25, 1.0
113.8, 2010-05-26, 1.0
113.18, 2010-05-27, 1.0
113.45, 2010-05-28, 1.0
113.53, 2010-06-01, 1.0
113.16, 2010-06-02, 1.0
113.07, 2010-06-03, 1.0
113.98, 2010-06-04, 1.0
114.22, 2010-06-07, 1.0
114.001, 2010-06-08, 1.0
114.04, 2010-06-09, 1.0
113.4, 2010-06-10, 1.0
113.82, 2010-06-11, 1.0
113.73, 2010-06-14, 1.0
113.51, 2010-06-15, 1.0
113.72, 2010-06-16, 1.0
114.01, 2010-06-17, 1.0
113.91, 2010-06-18, 1.0
113.81, 2010-06-21, 1.0
114.26, 2010-06-22, 1.0
114.49, 2010-06-23, 1.0
114.53, 2010-06-24, 1.0
114.65, 2010-06-25, 1.0
115.1, 2010-06-28, 1.0
115.36, 2010-06-29, 1.0
115.33, 2010-06-30, 1.0
115.06, 2010-07-01, 1.0
114.99, 2010-07-02, 1.0
115.26, 2010-07-06, 1.0
115.12, 2010-07-07, 1.0
114.98, 2010-07-08, 1.0
114.85, 2010-07-09, 1.0
114.91, 2010-07-12, 1.0
114.6, 2010-07-13, 1.0
115.05, 2010-07-14, 1.0
115.365, 2010-07-15, 1.0
115.75, 2010-07-16, 1.0
115.64, 2010-07-19, 1.0
115.74, 2010-07-20, 1.0
116.06, 2010-07-21, 1.0
115.85, 2010-07-22, 1.0
115.56, 2010-07-23, 1.0
115.53, 2010-07-26, 1.0
115.25, 2010-07-27, 1.0
115.68, 2010-07-28, 1.0
115.98, 2010-07-29, 1.0
116.38, 2010-07-30, 1.0
115.94, 2010-08-02, 1.0
116.44, 2010-08-03, 1.0
116.06, 2010-08-04, 1.0
116.37, 2010-08-05, 1.0
116.73, 2010-08-06, 1.0
116.62, 2010-08-09, 1.0
117.04, 2010-08-10, 1.0
117.27, 2010-08-11, 1.0
117.01, 2010-08-12, 1.0
117.19, 2010-08-13, 1.0
117.56, 2010-08-16, 1.0
117.35, 2010-08-17, 1.0
117.25, 2010-08-18, 1.0
117.46, 2010-08-19, 1.0
117.19, 2010-08-20, 1.0
117.39, 2010-08-23, 1.0
117.8401, 2010-08-24, 1.0
117.53, 2010-08-25, 1.0
117.72, 2010-08-26, 1.0
117.04, 2010-08-27, 1.0
117.65, 2010-08-30, 1.0
117.86, 2010-08-31, 1.0
117.31, 2010-09-01, 1.0
117.15, 2010-09-02, 1.0
116.83, 2010-09-03, 1.0
117.3, 2010-09-07, 1.0
117.07, 2010-09-08, 1.0
116.5, 2010-09-09, 1.0
116.35, 2010-09-10, 1.0
116.78, 2010-09-13, 1.0
117.17, 2010-09-14, 1.0
117.06, 2010-09-15, 1.0
116.95, 2010-09-16, 1.0
117.09, 2010-09-17, 1.0
117.31, 2010-09-20, 1.0
117.88, 2010-09-21, 1.0
117.85, 2010-09-22, 1.0
117.94, 2010-09-23, 1.0
117.7, 2010-09-24, 1.0
118.13, 2010-09-27, 1.0
118.36, 2010-09-28, 1.0
118.28, 2010-09-29, 1.0
118.24, 2010-09-30, 1.0
118.13, 2010-10-01, 1.0
118.34, 2010-10-04, 1.0
118.47, 2010-10-05, 1.0
118.74, 2010-10-06, 1.0
118.86, 2010-10-07, 1.0
118.96, 2010-10-08, 1.0
119.01, 2010-10-11, 1.0
118.8, 2010-10-12, 1.0
118.91, 2010-10-13, 1.0
118.55, 2010-10-14, 1.0
118.46, 2010-10-15, 1.0
118.87, 2010-10-18, 1.0
118.96, 2010-10-19, 1.0
119.01, 2010-10-20, 1.0
118.75, 2010-10-21, 1.0
118.68, 2010-10-22, 1.0
118.61, 2010-10-25, 1.0
118.18, 2010-10-26, 1.0
117.83, 2010-10-27, 1.0
118.42, 2010-10-28, 1.0
118.74, 2010-10-29, 1.0
118.61, 2010-11-01, 1.0
118.7, 2010-11-02, 1.0
119.03, 2010-11-03, 1.0
119.41, 2010-11-04, 1.0
119.08, 2010-11-05, 1.0
119.02, 2010-11-08, 1.0
118.37, 2010-11-09, 1.0
118.6, 2010-11-10, 1.0
118.42, 2010-11-11, 1.0
117.86, 2010-11-12, 1.0
117.03, 2010-11-15, 1.0
117.32, 2010-11-16, 1.0
117.27, 2010-11-17, 1.0
117.05, 2010-11-18, 1.0
117.0, 2010-11-19, 1.0
117.51, 2010-11-22, 1.0
117.67, 2010-11-23, 1.0
116.93, 2010-11-24, 1.0
117.15, 2010-11-26, 1.0
117.2139, 2010-11-29, 1.0
117.42, 2010-11-30, 1.0
116.47, 2010-12-01, 1.0
116.2, 2010-12-02, 1.0
116.43, 2010-12-03, 1.0
116.87, 2010-12-06, 1.0
115.93, 2010-12-07, 1.0
115.2, 2010-12-08, 1.0
114.98, 2010-12-09, 1.0
114.57, 2010-12-10, 1.0
114.97, 2010-12-13, 1.0
114.31, 2010-12-14, 1.0
114.099, 2010-12-15, 1.0
114.36, 2010-12-16, 1.0
114.87, 2010-12-17, 1.0
114.93, 2010-12-20, 1.0
114.96, 2010-12-21, 1.0
114.775, 2010-12-22, 1.0
114.46, 2010-12-23, 1.0
114.59, 2010-12-27, 1.0
113.82, 2010-12-28, 1.0
114.64, 2010-12-29, 1.0
114.46, 2010-12-30, 1.0
114.65, 2010-12-31, 1.0
114.71, 2011-01-03, 1.0
114.78, 2011-01-04, 1.0
114.14, 2011-01-05, 1.0
114.39, 2011-01-06, 1.0
114.97, 2011-01-07, 1.0
115.26, 2011-01-10, 1.0
115.04, 2011-01-11, 1.0
114.92, 2011-01-12, 1.0
115.37, 2011-01-13, 1.0
115.28, 2011-01-14, 1.0
115.1, 2011-01-18, 1.0
115.24, 2011-01-19, 1.0
114.73, 2011-01-20, 1.0
114.9, 2011-01-21, 1.0
114.91, 2011-01-24, 1.0
115.26, 2011-01-25, 1.0
114.98, 2011-01-26, 1.0
115.22, 2011-01-27, 1.0
115.525, 2011-01-28, 1.0
115.34, 2011-01-31, 1.0
114.79, 2011-02-01, 1.0
114.51, 2011-02-02, 1.0
114.0872, 2011-02-03, 1.0
113.61, 2011-02-04, 1.0
113.52, 2011-02-07, 1.0
112.98, 2011-02-08, 1.0
113.32, 2011-02-09, 1.0
113.075, 2011-02-10, 1.0
113.26, 2011-02-11, 1.0
113.28, 2011-02-14, 1.0
113.42, 2011-02-15, 1.0
113.375, 2011-02-16, 1.0
113.695, 2011-02-17, 1.0
113.78, 2011-02-18, 1.0
114.48, 2011-02-22, 1.0
114.32, 2011-02-23, 1.0
114.37, 2011-02-24, 1.0
114.52, 2011-02-25, 1.0
114.66, 2011-02-28, 1.0
114.63, 2011-03-01, 1.0
114.33, 2011-03-02, 1.0
113.69, 2011-03-03, 1.0
114.3338, 2011-03-04, 1.0
114.18, 2011-03-07, 1.0
114.13, 2011-03-08, 1.0
114.42, 2011-03-09, 1.0
115.04, 2011-03-10, 1.0
114.99, 2011-03-11, 1.0
115.27, 2011-03-14, 1.0
115.34, 2011-03-15, 1.0
115.99, 2011-03-16, 1.0
115.78, 2011-03-17, 1.0
115.62, 2011-03-18, 1.0
115.14, 2011-03-21, 1.0
115.12, 2011-03-22, 1.0
115.02, 2011-03-23, 1.0
114.71, 2011-03-24, 1.0
114.45, 2011-03-25, 1.0
114.38, 2011-03-28, 1.0
114.15, 2011-03-29, 1.0
114.44, 2011-03-30, 1.0
114.18, 2011-03-31, 1.0
114.08, 2011-04-01, 1.0
114.35, 2011-04-04, 1.0
113.92, 2011-04-05, 1.0
113.68, 2011-04-06, 1.0
113.89, 2011-04-07, 1.0
113.73, 2011-04-08, 1.0
113.77, 2011-04-11, 1.0
114.32, 2011-04-12, 1.0
114.45, 2011-04-13, 1.0
114.25, 2011-04-14, 1.0
114.74, 2011-04-15, 1.0
115.07, 2011-04-18, 1.0
115.12, 2011-04-19, 1.0
114.8352, 2011-04-20, 1.0
114.86, 2011-04-21, 1.0
115.08, 2011-04-25, 1.0
115.37, 2011-04-26, 1.0
115.35, 2011-04-27, 1.0
115.63, 2011-04-28, 1.0
115.79, 2011-04-29, 1.0
115.66, 2011-05-02, 1.0
115.76, 2011-05-03, 1.0
115.81, 2011-05-04, 1.0
116.12, 2011-05-05, 1.0
116.21, 2011-05-06, 1.0
116.33, 2011-05-09, 1.0
116.04, 2011-05-10, 1.0
116.31, 2011-05-11, 1.0
116.22, 2011-05-12, 1.0
116.4, 2011-05-13, 1.0
116.6, 2011-05-16, 1.0
116.74, 2011-05-17, 1.0
116.4, 2011-05-18, 1.0
116.51, 2011-05-19, 1.0
116.68, 2011-05-20, 1.0
116.75, 2011-05-23, 1.0
116.82, 2011-05-24, 1.0
116.85, 2011-05-25, 1.0
117.26, 2011-05-26, 1.0
117.33, 2011-05-27, 1.0
117.47, 2011-05-31, 1.0
117.78, 2011-06-01, 1.0
117.41, 2011-06-02, 1.0
117.65, 2011-06-03, 1.0
117.73, 2011-06-06, 1.0
117.92, 2011-06-07, 1.0
118.15, 2011-06-08, 1.0
117.8, 2011-06-09, 1.0
117.92, 2011-06-10, 1.0
117.84, 2011-06-13, 1.0
117.29, 2011-06-14, 1.0
118.02, 2011-06-15, 1.0
118.145, 2011-06-16, 1.0
118.17, 2011-06-17, 1.0
118.11, 2011-06-20, 1.0
118.03, 2011-06-21, 1.0
118.07, 2011-06-22, 1.0
118.42, 2011-06-23, 1.0
118.79, 2011-06-24, 1.0
118.53, 2011-06-27, 1.0
117.79, 2011-06-28, 1.0
117.42, 2011-06-29, 1.0
117.1, 2011-06-30, 1.0
116.75, 2011-07-01, 1.0
117.32, 2011-07-05, 1.0
117.44, 2011-07-06, 1.0
117.05, 2011-07-07, 1.0
117.85, 2011-07-08, 1.0
118.3625, 2011-07-11, 1.0
118.53, 2011-07-12, 1.0
118.63, 2011-07-13, 1.0
118.3126, 2011-07-14, 1.0
118.6, 2011-07-15, 1.0
118.59, 2011-07-18, 1.0
118.74, 2011-07-19, 1.0
118.46, 2011-07-20, 1.0
118.17, 2011-07-21, 1.0
118.31, 2011-07-22, 1.0
118.18, 2011-07-25, 1.0
118.45, 2011-07-26, 1.0
118.29, 2011-07-27, 1.0
118.42, 2011-07-28, 1.0
119.29, 2011-07-29, 1.0
119.27, 2011-08-01, 1.0
119.81, 2011-08-02, 1.0
119.74, 2011-08-03, 1.0
120.48, 2011-08-04, 1.0
119.76, 2011-08-05, 1.0
120.47, 2011-08-08, 1.0
120.98, 2011-08-09, 1.0
121.56, 2011-08-10, 1.0
120.911, 2011-08-11, 1.0
121.23, 2011-08-12, 1.0
121.02, 2011-08-15, 1.0
121.3, 2011-08-16, 1.0
121.52, 2011-08-17, 1.0
121.62, 2011-08-18, 1.0
121.53, 2011-08-19, 1.0
121.5, 2011-08-22, 1.0
121.31, 2011-08-23, 1.0
120.8, 2011-08-24, 1.0
121.19, 2011-08-25, 1.0
121.44, 2011-08-26, 1.0
121.18, 2011-08-29, 1.0
121.4, 2011-08-30, 1.0
121.28, 2011-08-31, 1.0
121.53, 2011-09-01, 1.0
121.7, 2011-09-02, 1.0
121.61, 2011-09-06, 1.0
121.54, 2011-09-07, 1.0
121.74, 2011-09-08, 1.0
122.05, 2011-09-09, 1.0
121.73, 2011-09-12, 1.0
121.66, 2011-09-13, 1.0
121.6, 2011-09-14, 1.0
121.37, 2011-09-15, 1.0
121.4, 2011-09-16, 1.0
121.87, 2011-09-19, 1.0
121.89, 2011-09-20, 1.0
121.87, 2011-09-21, 1.0
122.22, 2011-09-22, 1.0
121.84, 2011-09-23, 1.0
121.62, 2011-09-26, 1.0
121.37, 2011-09-27, 1.0
121.34, 2011-09-28, 1.0
121.25, 2011-09-29, 1.0
121.48, 2011-09-30, 1.0
121.79, 2011-10-03, 1.0
121.57, 2011-10-04, 1.0
121.32, 2011-10-05, 1.0
121.02, 2011-10-06, 1.0
120.68, 2011-10-07, 1.0
120.34, 2011-10-10, 1.0
120.35, 2011-10-11, 1.0
120.27, 2011-10-12, 1.0
120.51, 2011-10-13, 1.0
120.42, 2011-10-14, 1.0
120.65, 2011-10-17, 1.0
120.78, 2011-10-18, 1.0
120.83, 2011-10-19, 1.0
120.74, 2011-10-20, 1.0
120.68, 2011-10-21, 1.0
120.6, 2011-10-24, 1.0
121.12, 2011-10-25, 1.0
120.7, 2011-10-26, 1.0
120.14, 2011-10-27, 1.0
120.52, 2011-10-28, 1.0
121.31, 2011-10-31, 1.0
121.6064, 2011-11-01, 1.0
121.63, 2011-11-02, 1.0
121.47, 2011-11-03, 1.0
121.56, 2011-11-04, 1.0
121.55, 2011-11-07, 1.0
121.41, 2011-11-08, 1.0
121.68, 2011-11-09, 1.0
121.56, 2011-11-10, 1.0
121.34, 2011-11-11, 1.0
121.64, 2011-11-14, 1.0
121.55, 2011-11-15, 1.0
121.67, 2011-11-16, 1.0
121.78, 2011-11-17, 1.0
121.5, 2011-11-18, 1.0
121.58, 2011-11-21, 1.0
121.75, 2011-11-22, 1.0
121.88, 2011-11-23, 1.0
121.66, 2011-11-25, 1.0
121.68, 2011-11-28, 1.0
121.61, 2011-11-29, 1.0
121.43, 2011-11-30, 1.0
121.31, 2011-12-01, 1.0
121.55, 2011-12-02, 1.0
121.47, 2011-12-05, 1.0
121.45, 2011-12-06, 1.0
121.67, 2011-12-07, 1.0
121.91, 2011-12-08, 1.0
121.71, 2011-12-09, 1.0
121.82, 2011-12-12, 1.0
121.93, 2011-12-13, 1.0
122.0, 2011-12-14, 1.0
121.91, 2011-12-15, 1.0
122.23, 2011-12-16, 1.0
122.22, 2011-12-19, 1.0
121.93, 2011-12-20, 1.0
121.69, 2011-12-21, 1.0
121.74, 2011-12-22, 1.0
121.45, 2011-12-23, 1.0
121.34, 2011-12-27, 1.0
121.66, 2011-12-28, 1.0
121.76, 2011-12-29, 1.0
122.04, 2011-12-30, 1.0
121.68, 2012-01-03, 1.0
121.64, 2012-01-04, 1.0
121.67, 2012-01-05, 1.0
121.9, 2012-01-06, 1.0
121.89, 2012-01-09, 1.0
121.84, 2012-01-10, 1.0
122.09, 2012-01-11, 1.0
122.03, 2012-01-12, 1.0
122.28, 2012-01-13, 1.0
122.3, 2012-01-17, 1.0
122.22, 2012-01-18, 1.0
121.86, 2012-01-19, 1.0
121.76, 2012-01-20, 1.0
121.64, 2012-01-23, 1.0
121.73, 2012-01-24, 1.0
122.2, 2012-01-25, 1.0
122.47, 2012-01-26, 1.0
122.55, 2012-01-27, 1.0
122.67, 2012-01-30, 1.0
122.81, 2012-01-31, 1.0
122.57, 2012-02-01, 1.0
122.62, 2012-02-02, 1.0
122.27, 2012-02-03, 1.0
122.41, 2012-02-06, 1.0
122.11, 2012-02-07, 1.0
122.09, 2012-02-08, 1.0
121.91, 2012-02-09, 1.0
122.19, 2012-02-10, 1.0
122.07, 2012-02-13, 1.0
122.12, 2012-02-14, 1.0
122.23, 2012-02-15, 1.0
121.87, 2012-02-16, 1.0
121.86, 2012-02-17, 1.0
121.64, 2012-02-21, 1.0
121.92, 2012-02-22, 1.0
121.93, 2012-02-23, 1.0
121.83, 2012-02-24, 1.0
122.08, 2012-02-27, 1.0
122.11, 2012-02-28, 1.0
121.92, 2012-02-29, 1.0
121.69, 2012-03-01, 1.0
122.04, 2012-03-02, 1.0
121.88, 2012-03-05, 1.0
122.11, 2012-03-06, 1.0
122.0, 2012-03-07, 1.0
121.82, 2012-03-08, 1.0
121.806, 2012-03-09, 1.0
121.71, 2012-03-12, 1.0
121.24, 2012-03-13, 1.0
120.56, 2012-03-14, 1.0
120.68, 2012-03-15, 1.0
120.57, 2012-03-16, 1.0
120.21, 2012-03-19, 1.0
120.12, 2012-03-20, 1.0
120.47, 2012-03-21, 1.0
120.59, 2012-03-22, 1.0
120.78, 2012-03-23, 1.0
120.85, 2012-03-26, 1.0
121.17, 2012-03-27, 1.0
121.08, 2012-03-28, 1.0
121.3, 2012-03-29, 1.0
121.1, 2012-03-30, 1.0
121.12, 2012-04-02, 1.0
120.66, 2012-04-03, 1.0
120.96, 2012-04-04, 1.0
121.24, 2012-04-05, 1.0
121.8, 2012-04-09, 1.0
122.03, 2012-04-10, 1.0
121.91, 2012-04-11, 1.0
121.8, 2012-04-12, 1.0
122.04, 2012-04-13, 1.0
122.12, 2012-04-16, 1.0
122.02, 2012-04-17, 1.0
122.08, 2012-04-18, 1.0
122.15, 2012-04-19, 1.0
122.11, 2012-04-20, 1.0
122.3, 2012-04-23, 1.0
122.16, 2012-04-24, 1.0
122.15, 2012-04-25, 1.0
122.32, 2012-04-26, 1.0
122.35, 2012-04-27, 1.0
122.43, 2012-04-30, 1.0
122.26, 2012-05-01, 1.0
122.3, 2012-05-02, 1.0
122.31, 2012-05-03, 1.0
122.48, 2012-05-04, 1.0
122.51, 2012-05-07, 1.0
122.59, 2012-05-08, 1.0
122.64, 2012-05-09, 1.0
122.57, 2012-05-10, 1.0
122.71, 2012-05-11, 1.0
122.87, 2012-05-14, 1.0
122.79, 2012-05-15, 1.0
122.79, 2012-05-16, 1.0
122.83, 2012-05-17, 1.0
122.81, 2012-05-18, 1.0
122.79, 2012-05-21, 1.0
122.69, 2012-05-22, 1.0
122.8, 2012-05-23, 1.0
122.65, 2012-05-24, 1.0
122.79, 2012-05-25, 1.0
122.7, 2012-05-29, 1.0
123.16, 2012-05-30, 1.0
123.35, 2012-05-31, 1.0
123.48, 2012-06-01, 1.0
123.11, 2012-06-04, 1.0
123.0799, 2012-06-05, 1.0
122.77, 2012-06-06, 1.0
122.88, 2012-06-07, 1.0
122.9, 2012-06-08, 1.0
123.0, 2012-06-11, 1.0
122.7, 2012-06-12, 1.0
122.96, 2012-06-13, 1.0
122.82, 2012-06-14, 1.0
123.13, 2012-06-15, 1.0
123.09, 2012-06-18, 1.0
122.96, 2012-06-19, 1.0
122.75, 2012-06-20, 1.0
122.85, 2012-06-21, 1.0
122.7, 2012-06-22, 1.0
122.93, 2012-06-25, 1.0
122.86, 2012-06-26, 1.0
122.93, 2012-06-27, 1.0
123.09, 2012-06-28, 1.0
123.0, 2012-06-29, 1.0
123.11, 2012-07-02, 1.0
122.98, 2012-07-03, 1.0
123.09, 2012-07-05, 1.0
123.25, 2012-07-06, 1.0
123.37, 2012-07-09, 1.0
123.39, 2012-07-10, 1.0
123.33, 2012-07-11, 1.0
123.4, 2012-07-12, 1.0
123.42, 2012-07-13, 1.0
123.58, 2012-07-16, 1.0
123.48, 2012-07-17, 1.0
123.57, 2012-07-18, 1.0
123.52, 2012-07-19, 1.0
123.74, 2012-07-20, 1.0
123.82, 2012-07-23, 1.0
123.89, 2012-07-24, 1.0
123.9, 2012-07-25, 1.0
123.77, 2012-07-26, 1.0
123.42, 2012-07-27, 1.0
123.62, 2012-07-30, 1.0
123.76, 2012-07-31, 1.0
123.49, 2012-08-01, 1.0
123.62, 2012-08-02, 1.0
123.3, 2012-08-03, 1.0
123.38, 2012-08-06, 1.0
123.09, 2012-08-07, 1.0
122.95, 2012-08-08, 1.0
122.96, 2012-08-09, 1.0
123.07, 2012-08-10, 1.0
123.1, 2012-08-13, 1.0
122.88, 2012-08-14, 1.0
122.61, 2012-08-15, 1.0
122.47, 2012-08-16, 1.0
122.59, 2012-08-17, 1.0
122.64, 2012-08-20, 1.0
122.66, 2012-08-21, 1.0
123.11, 2012-08-22, 1.0
123.21, 2012-08-23, 1.0
123.14, 2012-08-24, 1.0
123.28, 2012-08-27, 1.0
123.29, 2012-08-28, 1.0
123.29, 2012-08-29, 1.0
123.46, 2012-08-30, 1.0
123.82, 2012-08-31, 1.0
123.57, 2012-09-04, 1.0
123.59, 2012-09-05, 1.0
123.26, 2012-09-06, 1.0
123.4, 2012-09-07, 1.0
123.42, 2012-09-10, 1.0
123.34, 2012-09-11, 1.0
123.17, 2012-09-12, 1.0
123.41, 2012-09-13, 1.0
122.98, 2012-09-14, 1.0
123.0, 2012-09-17, 1.0
123.14, 2012-09-18, 1.0
123.2, 2012-09-19, 1.0
123.22, 2012-09-20, 1.0
123.35, 2012-09-21, 1.0
123.41, 2012-09-24, 1.0
123.47, 2012-09-25, 1.0
123.7, 2012-09-26, 1.0
123.65, 2012-09-27, 1.0
123.72, 2012-09-28, 1.0
123.68, 2012-10-01, 1.0
123.7, 2012-10-02, 1.0
123.75, 2012-10-03, 1.0
123.59, 2012-10-04, 1.0
123.38, 2012-10-05, 1.0
123.56, 2012-10-08, 1.0
123.44, 2012-10-09, 1.0
123.49, 2012-10-10, 1.0
123.48, 2012-10-11, 1.0
123.51, 2012-10-12, 1.0
123.47, 2012-10-15, 1.0
123.3, 2012-10-16, 1.0
122.92, 2012-10-17, 1.0
122.82, 2012-10-18, 1.0
123.0, 2012-10-19, 1.0
122.8, 2012-10-22, 1.0
123.01, 2012-10-23, 1.0
122.99, 2012-10-24, 1.0
122.73, 2012-10-25, 1.0
123.03, 2012-10-26, 1.0
123.25, 2012-10-31, 1.0
123.15, 2012-11-01, 1.0
123.17, 2012-11-02, 1.0
123.32, 2012-11-05, 1.0
123.0295, 2012-11-06, 1.0
123.46, 2012-11-07, 1.0
123.6694, 2012-11-08, 1.0
123.66, 2012-11-09, 1.0
123.72, 2012-11-12, 1.0
123.77, 2012-11-13, 1.0
123.75, 2012-11-14, 1.0
123.7835, 2012-11-15, 1.0
123.83, 2012-11-16, 1.0
123.72, 2012-11-19, 1.0
123.54, 2012-11-20, 1.0
123.45, 2012-11-21, 1.0
123.42, 2012-11-23, 1.0
123.51, 2012-11-26, 1.0
123.63, 2012-11-27, 1.0
123.72, 2012-11-28, 1.0
123.76, 2012-11-29, 1.0
123.84, 2012-11-30, 1.0
123.75, 2012-12-03, 1.0
123.79, 2012-12-04, 1.0
123.87, 2012-12-05, 1.0
123.89, 2012-12-06, 1.0
123.79, 2012-12-07, 1.0
123.8283, 2012-12-10, 1.0
123.74, 2012-12-11, 1.0
123.6, 2012-12-12, 1.0
123.42, 2012-12-13, 1.0
123.49, 2012-12-14, 1.0
123.22, 2012-12-17, 1.0
123.0, 2012-12-18, 1.0
123.11, 2012-12-19, 1.0
123.08, 2012-12-20, 1.0
123.24, 2012-12-21, 1.0
123.19, 2012-12-24, 1.0
123.19, 2012-12-26, 1.0
123.33, 2012-12-27, 1.0
123.43, 2012-12-28, 1.0
123.22, 2012-12-31, 1.0
123.14, 2013-01-02, 1.0
122.86, 2013-01-03, 1.0
122.8607, 2013-01-04, 1.0
122.9, 2013-01-07, 1.0
123.04, 2013-01-08, 1.0
123.13, 2013-01-09, 1.0
122.98, 2013-01-10, 1.0
123.14, 2013-01-11, 1.0
123.14, 2013-01-14, 1.0
123.23, 2013-01-15, 1.0
123.31, 2013-01-16, 1.0
123.06, 2013-01-17, 1.0
123.19, 2013-01-18, 1.0
123.26, 2013-01-22, 1.0
123.29, 2013-01-23, 1.0
123.18, 2013-01-24, 1.0
122.79, 2013-01-25, 1.0
122.69, 2013-01-28, 1.0
122.65, 2013-01-29, 1.0
122.73, 2013-01-30, 1.0
122.74, 2013-01-31, 1.0
122.56, 2013-02-01, 1.0
122.89, 2013-02-04, 1.0
122.7161, 2013-02-05, 1.0
122.88, 2013-02-06, 1.0
122.92, 2013-02-07, 1.0
122.93, 2013-02-08, 1.0
122.87, 2013-02-11, 1.0
122.78, 2013-02-12, 1.0
122.58, 2013-02-13, 1.0
122.83, 2013-02-14, 1.0
122.76, 2013-02-15, 1.0
122.68, 2013-02-19, 1.0
122.8, 2013-02-20, 1.0
122.93, 2013-02-21, 1.0
122.99, 2013-02-22, 1.0
123.38, 2013-02-25, 1.0
123.34, 2013-02-26, 1.0
123.35, 2013-02-27, 1.0
123.42, 2013-02-28, 1.0
123.46, 2013-03-01, 1.0
123.4, 2013-03-04, 1.0
123.31, 2013-03-05, 1.0
123.14, 2013-03-06, 1.0
122.9, 2013-03-07, 1.0
122.67, 2013-03-08, 1.0
122.69, 2013-03-11, 1.0
122.82, 2013-03-12, 1.0
122.78, 2013-03-13, 1.0
122.81, 2013-03-14, 1.0
123.04, 2013-03-15, 1.0
123.19, 2013-03-18, 1.0
123.33, 2013-03-19, 1.0
123.18, 2013-03-20, 1.0
123.26, 2013-03-21, 1.0
123.26, 2013-03-22, 1.0
123.29, 2013-03-25, 1.0
123.38, 2013-03-26, 1.0
123.58, 2013-03-27, 1.0
123.49, 2013-03-28, 1.0
123.51, 2013-04-01, 1.0
123.45, 2013-04-02, 1.0
123.7, 2013-04-03, 1.0
123.87, 2013-04-04, 1.0
123.92, 2013-04-05, 1.0
123.79, 2013-04-08, 1.0
123.86, 2013-04-09, 1.0
123.63, 2013-04-10, 1.0
123.7, 2013-04-11, 1.0
123.91, 2013-04-12, 1.0
123.99, 2013-04-15, 1.0
123.87, 2013-04-16, 1.0
123.93, 2013-04-17, 1.0
123.91, 2013-04-18, 1.0
123.86, 2013-04-19, 1.0
123.94, 2013-04-22, 1.0
123.91, 2013-04-23, 1.0
123.93, 2013-04-24, 1.0
123.91, 2013-04-25, 1.0
124.07, 2013-04-26, 1.0
124.12, 2013-04-29, 1.0
124.12, 2013-04-30, 1.0
124.19, 2013-05-01, 1.0
124.23, 2013-05-02, 1.0
123.78, 2013-05-03, 1.0
123.74, 2013-05-06, 1.0
123.7, 2013-05-07, 1.0
123.73, 2013-05-08, 1.0
123.71, 2013-05-09, 1.0
123.41, 2013-05-10, 1.0
123.32, 2013-05-13, 1.0
123.17, 2013-05-14, 1.0
123.28, 2013-05-15, 1.0
123.53, 2013-05-16, 1.0
123.3, 2013-05-17, 1.0
123.27, 2013-05-20, 1.0
123.38, 2013-05-21, 1.0
122.97, 2013-05-22, 1.0
123.01, 2013-05-23, 1.0
123.01, 2013-05-24, 1.0
122.38, 2013-05-28, 1.0
122.52, 2013-05-29, 1.0
122.52, 2013-05-30, 1.0
122.39, 2013-05-31, 1.0
122.37, 2013-06-03, 1.0
122.24, 2013-06-04, 1.0
122.42, 2013-06-05, 1.0
122.46, 2013-06-06, 1.0
122.08, 2013-06-07, 1.0
121.93, 2013-06-10, 1.0
122.02, 2013-06-11, 1.0
121.79, 2013-06-12, 1.0
122.21, 2013-06-13, 1.0
122.37, 2013-06-14, 1.0
122.34, 2013-06-17, 1.0
122.28, 2013-06-18, 1.0
121.28, 2013-06-19, 1.0
121.1, 2013-06-20, 1.0
120.4, 2013-06-21, 1.0
120.22, 2013-06-24, 1.0
120.21, 2013-06-25, 1.0
120.45, 2013-06-26, 1.0
120.8, 2013-06-27, 1.0
120.74, 2013-06-28, 1.0
120.78, 2013-07-01, 1.0
120.8, 2013-07-02, 1.0
120.65, 2013-07-03, 1.0
119.69, 2013-07-05, 1.0
120.16, 2013-07-08, 1.0
120.24, 2013-07-09, 1.0
120.08, 2013-07-10, 1.0
120.74, 2013-07-11, 1.0
120.65, 2013-07-12, 1.0
120.83, 2013-07-15, 1.0
120.86, 2013-07-16, 1.0
121.18, 2013-07-17, 1.0
120.99, 2013-07-18, 1.0
121.23, 2013-07-19, 1.0
121.26, 2013-07-22, 1.0
121.19, 2013-07-23, 1.0
120.86, 2013-07-24, 1.0
120.99, 2013-07-25, 1.0
121.05, 2013-07-26, 1.0
121.01, 2013-07-29, 1.0
120.97, 2013-07-30, 1.0
120.98, 2013-07-31, 1.0
120.37, 2013-08-01, 1.0
121.01, 2013-08-02, 1.0
120.87, 2013-08-05, 1.0
120.85, 2013-08-06, 1.0
120.97, 2013-08-07, 1.0
121.02, 2013-08-08, 1.0
121.09, 2013-08-09, 1.0
121.0, 2013-08-12, 1.0
120.5, 2013-08-13, 1.0
120.52, 2013-08-14, 1.0
120.27, 2013-08-15, 1.0
120.05, 2013-08-16, 1.0
119.87, 2013-08-19, 1.0
120.16, 2013-08-20, 1.0
119.73, 2013-08-21, 1.0
119.52, 2013-08-22, 1.0
119.77, 2013-08-23, 1.0
119.98, 2013-08-26, 1.0
120.27, 2013-08-27, 1.0
120.03, 2013-08-28, 1.0
120.09, 2013-08-29, 1.0
119.96, 2013-08-30, 1.0
119.63, 2013-09-03, 1.0
119.31, 2013-09-04, 1.0
118.78, 2013-09-05, 1.0
119.24, 2013-09-06, 1.0
119.46, 2013-09-09, 1.0
119.18, 2013-09-10, 1.0
119.52, 2013-09-11, 1.0
119.5, 2013-09-12, 1.0
119.59, 2013-09-13, 1.0
119.9, 2013-09-16, 1.0
120.03, 2013-09-17, 1.0
120.88, 2013-09-18, 1.0
120.68, 2013-09-19, 1.0
120.67, 2013-09-20, 1.0
120.86, 2013-09-23, 1.0
121.015, 2013-09-24, 1.0
121.2, 2013-09-25, 1.0
121.09, 2013-09-26, 1.0
121.25, 2013-09-27, 1.0
121.33, 2013-09-30, 1.0
121.04, 2013-10-01, 1.0
121.23, 2013-10-02, 1.0
121.33, 2013-10-03, 1.0
121.12, 2013-10-04, 1.0
121.16, 2013-10-07, 1.0
121.01, 2013-10-08, 1.0
120.99, 2013-10-09, 1.0
120.98, 2013-10-10, 1.0
121.08, 2013-10-11, 1.0
120.845, 2013-10-14, 1.0
120.95, 2013-10-15, 1.0
121.25, 2013-10-16, 1.0
121.531, 2013-10-17, 1.0
121.55, 2013-10-18, 1.0
121.49, 2013-10-21, 1.0
121.83, 2013-10-22, 1.0
121.88, 2013-10-23, 1.0
121.81, 2013-10-24, 1.0
121.91, 2013-10-25, 1.0
121.88, 2013-10-28, 1.0
121.97, 2013-10-29, 1.0
121.84, 2013-10-30, 1.0
121.84, 2013-10-31, 1.0
121.42, 2013-11-01, 1.0
121.56, 2013-11-04, 1.0
121.39, 2013-11-05, 1.0
121.65, 2013-11-06, 1.0
121.77, 2013-11-07, 1.0
121.2, 2013-11-08, 1.0
121.17, 2013-11-11, 1.0
121.06, 2013-11-12, 1.0
121.35, 2013-11-13, 1.0
121.7, 2013-11-14, 1.0
121.67, 2013-11-15, 1.0
121.84, 2013-11-18, 1.0
121.64, 2013-11-19, 1.0
121.53, 2013-11-20, 1.0
121.57, 2013-11-21, 1.0
121.66, 2013-11-22, 1.0
121.73, 2013-11-25, 1.0
121.83, 2013-11-26, 1.0
121.75, 2013-11-27, 1.0
121.75, 2013-11-29, 1.0
121.39, 2013-12-02, 1.0
121.5, 2013-12-03, 1.0
121.28, 2013-12-04, 1.0
121.12, 2013-12-05, 1.0
121.06, 2013-12-06, 1.0
121.08, 2013-12-09, 1.0
121.29, 2013-12-10, 1.0
121.12, 2013-12-11, 1.0
120.89, 2013-12-12, 1.0
120.87, 2013-12-13, 1.0
120.92, 2013-12-16, 1.0
121.11, 2013-12-17, 1.0
120.91, 2013-12-18, 1.0
120.57, 2013-12-19, 1.0
120.45, 2013-12-20, 1.0
120.33, 2013-12-23, 1.0
120.09, 2013-12-24, 1.0
120.01, 2013-12-26, 1.0
120.0, 2013-12-27, 1.0
120.17, 2013-12-30, 1.0
120.03, 2013-12-31, 1.0
120.15, 2014-01-02, 1.0
120.06, 2014-01-03, 1.0
120.25, 2014-01-06, 1.0
120.35, 2014-01-07, 1.0
119.9, 2014-01-08, 1.0
120.05, 2014-01-09, 1.0
120.65, 2014-01-10, 1.0
120.86, 2014-01-13, 1.0
120.54, 2014-01-14, 1.0
120.43, 2014-01-15, 1.0
120.59, 2014-01-16, 1.0
120.72, 2014-01-17, 1.0
120.57, 2014-01-21, 1.0
120.37, 2014-01-22, 1.0
120.84, 2014-01-23, 1.0
121.08, 2014-01-24, 1.0
120.94, 2014-01-27, 1.0
121.1, 2014-01-28, 1.0
121.35, 2014-01-29, 1.0
121.3, 2014-01-30, 1.0
121.57, 2014-01-31, 1.0
121.82, 2014-02-03, 1.0
121.68, 2014-02-04, 1.0
121.48, 2014-02-05, 1.0
121.355, 2014-02-06, 1.0
121.605, 2014-02-07, 1.0
121.58, 2014-02-10, 1.0
121.3, 2014-02-11, 1.0
121.13, 2014-02-12, 1.0
121.44, 2014-02-13, 1.0
121.41, 2014-02-14, 1.0
121.615, 2014-02-18, 1.0
121.48, 2014-02-19, 1.0
121.34, 2014-02-20, 1.0
121.37, 2014-02-21, 1.0
121.32, 2014-02-24, 1.0
121.515, 2014-02-25, 1.0
121.7, 2014-02-26, 1.0
121.74, 2014-02-27, 1.0
121.64, 2014-02-28, 1.0
121.84, 2014-03-03, 1.0
121.4, 2014-03-04, 1.0
121.44, 2014-03-05, 1.0
121.23, 2014-03-06, 1.0
120.91, 2014-03-07, 1.0
120.96, 2014-03-10, 1.0
121.03, 2014-03-11, 1.0
121.2, 2014-03-12, 1.0
121.54, 2014-03-13, 1.0
121.55, 2014-03-14, 1.0
121.3, 2014-03-17, 1.0
121.48, 2014-03-18, 1.0
120.68, 2014-03-19, 1.0
120.64, 2014-03-20, 1.0
120.63, 2014-03-21, 1.0
120.52, 2014-03-24, 1.0
120.51, 2014-03-25, 1.0
120.85, 2014-03-26, 1.0
120.81, 2014-03-27, 1.0
120.59, 2014-03-28, 1.0
120.58, 2014-03-31, 1.0
120.53, 2014-04-01, 1.0
120.21, 2014-04-02, 1.0
120.22, 2014-04-03, 1.0
120.69, 2014-04-04, 1.0
120.82, 2014-04-07, 1.0
120.93, 2014-04-08, 1.0
121.13, 2014-04-09, 1.0
121.35, 2014-04-10, 1.0
121.45, 2014-04-11, 1.0
121.3, 2014-04-14, 1.0
121.29, 2014-04-15, 1.0
121.09, 2014-04-16, 1.0
120.67, 2014-04-17, 1.0
120.78, 2014-04-21, 1.0
120.66, 2014-04-22, 1.0
120.83, 2014-04-23, 1.0
120.79, 2014-04-24, 1.0
120.91, 2014-04-25, 1.0
120.82, 2014-04-28, 1.0
120.89, 2014-04-29, 1.0
121.06, 2014-04-30, 1.0
121.19, 2014-05-01, 1.0
121.13, 2014-05-02, 1.0
121.1, 2014-05-05, 1.0
121.12, 2014-05-06, 1.0
121.26, 2014-05-07, 1.0
121.43, 2014-05-08, 1.0
121.44, 2014-05-09, 1.0
121.28, 2014-05-12, 1.0
121.49, 2014-05-13, 1.0
121.77, 2014-05-14, 1.0
121.95, 2014-05-15, 1.0
121.85, 2014-05-16, 1.0
121.87, 2014-05-19, 1.0
122.07, 2014-05-20, 1.0
121.99, 2014-05-21, 1.0
121.86, 2014-05-22, 1.0
121.97, 2014-05-23, 1.0
122.03, 2014-05-27, 1.0
122.31, 2014-05-28, 1.0
122.22, 2014-05-29, 1.0
122.11, 2014-05-30, 1.0
121.69, 2014-06-02, 1.0
121.43, 2014-06-03, 1.0
121.44, 2014-06-04, 1.0
121.53, 2014-06-05, 1.0
121.42, 2014-06-06, 1.0
121.26, 2014-06-09, 1.0
121.13, 2014-06-10, 1.0
121.23, 2014-06-11, 1.0
121.47, 2014-06-12, 1.0
121.29, 2014-06-13, 1.0
121.25, 2014-06-16, 1.0
120.93, 2014-06-17, 1.0
121.29, 2014-06-18, 1.0
121.28, 2014-06-19, 1.0
121.25, 2014-06-20, 1.0
121.22, 2014-06-23, 1.0
121.38, 2014-06-24, 1.0
121.52, 2014-06-25, 1.0
121.67, 2014-06-26, 1.0
121.74, 2014-06-27, 1.0
121.8, 2014-06-30, 1.0
121.49, 2014-07-01, 1.0
121.22, 2014-07-02, 1.0
121.06, 2014-07-03, 1.0
121.11, 2014-07-07, 1.0
121.3, 2014-07-08, 1.0
121.37, 2014-07-09, 1.0
121.54, 2014-07-10, 1.0
121.64, 2014-07-11, 1.0
121.48, 2014-07-14, 1.0
121.37, 2014-07-15, 1.0
121.35, 2014-07-16, 1.0
121.69, 2014-07-17, 1.0
121.49, 2014-07-18, 1.0
121.46, 2014-07-21, 1.0
121.6, 2014-07-22, 1.0
121.63, 2014-07-23, 1.0
121.31, 2014-07-24, 1.0
121.48, 2014-07-25, 1.0
121.41, 2014-07-28, 1.0
121.45, 2014-07-29, 1.0
121.07, 2014-07-30, 1.0
120.98, 2014-07-31, 1.0
121.49, 2014-08-01, 1.0
121.6, 2014-08-04, 1.0
121.58, 2014-08-05, 1.0
121.63, 2014-08-06, 1.0
121.87, 2014-08-07, 1.0
121.8, 2014-08-08, 1.0
121.82, 2014-08-11, 1.0
121.78, 2014-08-12, 1.0
122.01, 2014-08-13, 1.0
122.08, 2014-08-14, 1.0
122.21, 2014-08-15, 1.0
122.08, 2014-08-18, 1.0
121.64, 2014-08-19, 1.0
121.77, 2014-08-20, 1.0
121.84, 2014-08-21, 1.0
121.74, 2014-08-22, 1.0
121.68, 2014-08-25, 1.0
121.77, 2014-08-26, 1.0
121.88, 2014-08-27, 1.0
122.0, 2014-08-28, 1.0
121.94, 2014-08-29, 1.0
121.56, 2014-09-02, 1.0
121.64, 2014-09-03, 1.0
121.48, 2014-09-04, 1.0
121.58, 2014-09-05, 1.0
121.42, 2014-09-08, 1.0
121.22, 2014-09-09, 1.0
121.11, 2014-09-10, 1.0
121.08, 2014-09-11, 1.0
120.93, 2014-09-12, 1.0
121.06, 2014-09-15, 1.0
121.14, 2014-09-16, 1.0
120.88, 2014-09-17, 1.0
120.79, 2014-09-18, 1.0
120.94, 2014-09-19, 1.0
121.16, 2014-09-22, 1.0
121.25, 2014-09-23, 1.0
121.09, 2014-09-24, 1.0
121.4, 2014-09-25, 1.0
121.19, 2014-09-26, 1.0
121.36, 2014-09-29, 1.0
121.32, 2014-09-30, 1.0
121.73, 2014-10-01, 1.0
121.59, 2014-10-02, 1.0
121.47, 2014-10-03, 1.0
121.65, 2014-10-06, 1.0
122.02, 2014-10-07, 1.0
122.46, 2014-10-08, 1.0
122.31, 2014-10-09, 1.0
122.47, 2014-10-10, 1.0
122.96, 2014-10-13, 1.0
123.04, 2014-10-14, 1.0
123.59, 2014-10-15, 1.0
123.38, 2014-10-16, 1.0
123.13, 2014-10-17, 1.0
123.27, 2014-10-20, 1.0
123.14, 2014-10-21, 1.0
123.11, 2014-10-22, 1.0
122.82, 2014-10-23, 1.0
122.83, 2014-10-24, 1.0
122.92, 2014-10-27, 1.0
122.77, 2014-10-28, 1.0
122.35, 2014-10-29, 1.0
122.46, 2014-10-30, 1.0
122.2131, 2014-10-31, 1.0
122.11, 2014-11-03, 1.0
122.11, 2014-11-04, 1.0
122.12, 2014-11-05, 1.0
121.96, 2014-11-06, 1.0
122.39, 2014-11-07, 1.0
122.12, 2014-11-10, 1.0
122.11, 2014-11-11, 1.0
122.15, 2014-11-12, 1.0
122.23, 2014-11-13, 1.0
122.361, 2014-11-14, 1.0
122.3, 2014-11-17, 1.0
122.39, 2014-11-18, 1.0
122.22, 2014-11-19, 1.0
122.33, 2014-11-20, 1.0
122.46, 2014-11-21, 1.0
122.54, 2014-11-24, 1.0
122.67, 2014-11-25, 1.0
122.82, 2014-11-26, 1.0
123.04, 2014-11-28, 1.0
122.85, 2014-12-01, 1.0
122.48, 2014-12-02, 1.0
122.43, 2014-12-03, 1.0
122.59, 2014-12-04, 1.0
122.05, 2014-12-05, 1.0
122.15, 2014-12-08, 1.0
122.39, 2014-12-09, 1.0
122.76, 2014-12-10, 1.0
122.53, 2014-12-11, 1.0
123.04, 2014-12-12, 1.0
122.7, 2014-12-15, 1.0
123.06, 2014-12-16, 1.0
122.49, 2014-12-17, 1.0
122.19, 2014-12-18, 1.0
122.34, 2014-12-19, 1.0
122.3, 2014-12-22, 1.0
121.88, 2014-12-23, 1.0
121.75, 2014-12-24, 1.0
121.76, 2014-12-26, 1.0
122.0, 2014-12-29, 1.0
122.17, 2014-12-30, 1.0
122.31, 2014-12-31, 1.0
122.58, 2015-01-02, 1.0
122.86, 2015-01-05, 1.0
123.24, 2015-01-06, 1.0
123.35, 2015-01-07, 1.0
123.2, 2015-01-08, 1.0
123.56, 2015-01-09, 1.0
123.83, 2015-01-12, 1.0
123.95, 2015-01-13, 1.0
124.28, 2015-01-14, 1.0
124.97, 2015-01-15, 1.0
124.41, 2015-01-16, 1.0
124.44, 2015-01-20, 1.0
124.16, 2015-01-21, 1.0
123.98, 2015-01-22, 1.0
124.35, 2015-01-23, 1.0
124.16, 2015-01-26, 1.0
124.28, 2015-01-27, 1.0
124.73, 2015-01-28, 1.0
124.55, 2015-01-29, 1.0
125.14, 2015-01-30, 1.0
124.93, 2015-02-02, 1.0
124.42, 2015-02-03, 1.0
124.49, 2015-02-04, 1.0
124.32, 2015-02-05, 1.0
123.34, 2015-02-06, 1.0
123.28, 2015-02-09, 1.0
123.12, 2015-02-10, 1.0
123.09, 2015-02-11, 1.0
123.23, 2015-02-12, 1.0
123.09, 2015-02-13, 1.0
122.64, 2015-02-17, 1.0
123.08, 2015-02-18, 1.0
122.86, 2015-02-19, 1.0
122.77, 2015-02-20, 1.0
123.06, 2015-02-23, 1.0
123.54, 2015-02-24, 1.0
123.59, 2015-02-25, 1.0
123.11, 2015-02-26, 1.0
123.33, 2015-02-27, 1.0
122.79, 2015-03-02, 1.0
122.64, 2015-03-03, 1.0
122.7599, 2015-03-04, 1.0
122.86, 2015-03-05, 1.0
122.17, 2015-03-06, 1.0
122.47, 2015-03-09, 1.0
122.7, 2015-03-10, 1.0
122.77, 2015-03-11, 1.0
122.87, 2015-03-12, 1.0
122.84, 2015-03-13, 1.0
123.0, 2015-03-16, 1.0
123.09, 2015-03-17, 1.0
123.97, 2015-03-18, 1.0
123.52, 2015-03-19, 1.0
123.91, 2015-03-20, 1.0
124.0, 2015-03-23, 1.0
124.2, 2015-03-24, 1.0
123.94, 2015-03-25, 1.0
123.65, 2015-03-26, 1.0
123.86, 2015-03-27, 1.0
123.94, 2015-03-30, 1.0
124.17, 2015-03-31, 1.0
124.29, 2015-04-01, 1.0
124.2, 2015-04-02, 1.0
124.45, 2015-04-06, 1.0
124.33, 2015-04-07, 1.0
124.29, 2015-04-08, 1.0
124.02, 2015-04-09, 1.0
123.98, 2015-04-10, 1.0
124.15, 2015-04-13, 1.0
124.33, 2015-04-14, 1.0
124.39, 2015-04-15, 1.0
124.56, 2015-04-16, 1.0
124.52, 2015-04-17, 1.0
124.48, 2015-04-20, 1.0
124.39, 2015-04-21, 1.0
124.02, 2015-04-22, 1.0
124.2, 2015-04-23, 1.0
124.49, 2015-04-24, 1.0
124.35, 2015-04-27, 1.0
124.05, 2015-04-28, 1.0
123.93, 2015-04-29, 1.0
123.9, 2015-04-30, 1.0
123.37, 2015-05-01, 1.0
123.34, 2015-05-04, 1.0
123.23, 2015-05-05, 1.0
122.98, 2015-05-06, 1.0
123.12, 2015-05-07, 1.0
123.53, 2015-05-08, 1.0
122.98, 2015-05-11, 1.0
123.03, 2015-05-12, 1.0
123.04, 2015-05-13, 1.0
123.35, 2015-05-14, 1.0
123.66, 2015-05-15, 1.0
123.32, 2015-05-18, 1.0
122.91, 2015-05-19, 1.0
123.13, 2015-05-20, 1.0
123.45, 2015-05-21, 1.0
123.29, 2015-05-22, 1.0
123.48, 2015-05-26, 1.0
123.46, 2015-05-27, 1.0
123.6, 2015-05-28, 1.0
123.68, 2015-05-29, 1.0
123.25, 2015-06-01, 1.0
122.92, 2015-06-02, 1.0
122.46, 2015-06-03, 1.0
122.69, 2015-06-04, 1.0
122.19, 2015-06-05, 1.0
122.39, 2015-06-08, 1.0
122.15, 2015-06-09, 1.0
121.92, 2015-06-10, 1.0
122.33, 2015-06-11, 1.0
122.28, 2015-06-12, 1.0
122.49, 2015-06-15, 1.0
122.68, 2015-06-16, 1.0
122.9, 2015-06-17, 1.0
122.88, 2015-06-18, 1.0
123.19, 2015-06-19, 1.0
122.71, 2015-06-22, 1.0
122.56, 2015-06-23, 1.0
122.74, 2015-06-24, 1.0
122.53, 2015-06-25, 1.0
122.33, 2015-06-26, 1.0
123.04, 2015-06-29, 1.0
122.96, 2015-06-30, 1.0
122.49, 2015-07-01, 1.0
122.85, 2015-07-02, 1.0
123.27, 2015-07-06, 1.0
123.41, 2015-07-07, 1.0
123.62, 2015-07-08, 1.0
123.21, 2015-07-09, 1.0
122.79, 2015-07-10, 1.0
122.56, 2015-07-13, 1.0
122.79, 2015-07-14, 1.0
123.03, 2015-07-15, 1.0
122.92, 2015-07-16, 1.0
122.84, 2015-07-17, 1.0
122.65, 2015-07-20, 1.0
122.83, 2015-07-21, 1.0
122.82, 2015-07-22, 1.0
123.06, 2015-07-23, 1.0
123.13, 2015-07-24, 1.0
123.43, 2015-07-27, 1.0
123.32, 2015-07-28, 1.0
123.18, 2015-07-29, 1.0
123.18, 2015-07-30, 1.0
123.65, 2015-07-31, 1.0
123.6025, 2015-08-03, 1.0
123.14, 2015-08-04, 1.0
122.91, 2015-08-05, 1.0
123.09, 2015-08-06, 1.0
123.3, 2015-08-07, 1.0
123.13, 2015-08-10, 1.0
123.58, 2015-08-11, 1.0
123.64, 2015-08-12, 1.0
123.34, 2015-08-13, 1.0
123.23, 2015-08-14, 1.0
123.42, 2015-08-17, 1.0
123.34, 2015-08-18, 1.0
123.7899, 2015-08-19, 1.0
123.86, 2015-08-20, 1.0
124.15, 2015-08-21, 1.0
124.45, 2015-08-24, 1.0
124.08, 2015-08-25, 1.0
123.76, 2015-08-26, 1.0
123.73, 2015-08-27, 1.0
123.65, 2015-08-28, 1.0
123.45, 2015-08-31, 1.0
123.59, 2015-09-01, 1.0
123.53, 2015-09-02, 1.0
123.7, 2015-09-03, 1.0
123.8, 2015-09-04, 1.0
123.52, 2015-09-08, 1.0
123.58, 2015-09-09, 1.0
123.5, 2015-09-10, 1.0
123.69, 2015-09-11, 1.0
123.76, 2015-09-14, 1.0
123.22, 2015-09-15, 1.0
123.2, 2015-09-16, 1.0
123.89, 2015-09-17, 1.0
124.15, 2015-09-18, 1.0
123.83, 2015-09-21, 1.0
124.15, 2015-09-22, 1.0
124.06, 2015-09-23, 1.0
124.18, 2015-09-24, 1.0
124.04, 2015-09-25, 1.0
124.35, 2015-09-28, 1.0
124.56, 2015-09-29, 1.0
124.65, 2015-09-30, 1.0
124.53, 2015-10-01, 1.0
124.97, 2015-10-02, 1.0
124.66, 2015-10-05, 1.0
124.76, 2015-10-06, 1.0
124.55, 2015-10-07, 1.0
124.38, 2015-10-08, 1.0
124.33, 2015-10-09, 1.0
124.57, 2015-10-12, 1.0
124.65, 2015-10-13, 1.0
125.12, 2015-10-14, 1.0
124.82, 2015-10-15, 1.0
124.74, 2015-10-16, 1.0
124.75, 2015-10-19, 1.0
124.51, 2015-10-20, 1.0
124.62, 2015-10-21, 1.0
124.77, 2015-10-22, 1.0
124.37, 2015-10-23, 1.0
124.5, 2015-10-26, 1.0
124.67, 2015-10-27, 1.0
124.18, 2015-10-28, 1.0
123.85, 2015-10-29, 1.0
123.91, 2015-10-30, 1.0
123.51, 2015-11-02, 1.0
123.39, 2015-11-03, 1.0
123.15, 2015-11-04, 1.0
123.1, 2015-11-05, 1.0
122.63, 2015-11-06, 1.0
122.52, 2015-11-09, 1.0
122.75, 2015-11-10, 1.0
122.72, 2015-11-11, 1.0
122.76, 2015-11-12, 1.0
123.06, 2015-11-13, 1.0
123.14, 2015-11-16, 1.0
123.09, 2015-11-17, 1.0
122.97, 2015-11-18, 1.0
123.08, 2015-11-19, 1.0
123.01, 2015-11-20, 1.0
123.08, 2015-11-23, 1.0
123.16, 2015-11-24, 1.0
123.15, 2015-11-25, 1.0
123.25, 2015-11-27, 1.0
123.25, 2015-11-30, 1.0
123.43, 2015-12-01, 1.0
123.19, 2015-12-02, 1.0
122.64, 2015-12-03, 1.0
122.81, 2015-12-04, 1.0
122.98, 2015-12-07, 1.0
123.06, 2015-12-08, 1.0
123.22, 2015-12-09, 1.0
123.04, 2015-12-10, 1.0
123.59, 2015-12-11, 1.0
123.12, 2015-12-14, 1.0
122.9, 2015-12-15, 1.0
122.69, 2015-12-16, 1.0
122.86, 2015-12-17, 1.0
123.13, 2015-12-18, 1.0
123.17, 2015-12-21, 1.0
122.96, 2015-12-22, 1.0
122.81, 2015-12-23, 1.0
122.73, 2015-12-24, 1.0
122.78, 2015-12-28, 1.0
122.45, 2015-12-29, 1.0
122.48, 2015-12-30, 1.0
122.61, 2015-12-31, 1.0
122.86, 2016-01-04, 1.0
122.91, 2016-01-05, 1.0
123.27, 2016-01-06, 1.0
123.55, 2016-01-07, 1.0
123.8, 2016-01-08, 1.0
123.65, 2016-01-11, 1.0
123.88, 2016-01-12, 1.0
124.13, 2016-01-13, 1.0
124.1, 2016-01-14, 1.0
124.44, 2016-01-15, 1.0
124.32, 2016-01-19, 1.0
124.65, 2016-01-20, 1.0
124.53, 2016-01-21, 1.0
124.35, 2016-01-22, 1.0
124.48, 2016-01-25, 1.0
124.59, 2016-01-26, 1.0
124.67, 2016-01-27, 1.0
124.82, 2016-01-28, 1.0
125.24, 2016-01-29, 1.0
124.87, 2016-02-01, 1.0
125.38, 2016-02-02, 1.0
125.41, 2016-02-03, 1.0
125.53, 2016-02-04, 1.0
125.54, 2016-02-05, 1.0
126.03, 2016-02-08, 1.0
125.99, 2016-02-09, 1.0
126.14, 2016-02-10, 1.0
126.34, 2016-02-11, 1.0
125.9, 2016-02-12, 1.0
125.74, 2016-02-16, 1.0
125.56, 2016-02-17, 1.0
125.85, 2016-02-18, 1.0
125.74, 2016-02-19, 1.0
125.71, 2016-02-22, 1.0
125.81, 2016-02-23, 1.0
125.85, 2016-02-24, 1.0
126.07, 2016-02-25, 1.0
125.73, 2016-02-26, 1.0
125.78, 2016-02-29, 1.0
125.07, 2016-03-01, 1.0
124.96, 2016-03-02, 1.0
124.97, 2016-03-03, 1.0
124.79, 2016-03-04, 1.0
124.6, 2016-03-07, 1.0
125.0, 2016-03-08, 1.0
124.78, 2016-03-09, 1.0
124.45, 2016-03-10, 1.0
124.28, 2016-03-11, 1.0
124.26, 2016-03-14, 1.0
124.27, 2016-03-15, 1.0
124.79, 2016-03-16, 1.0
124.88, 2016-03-17, 1.0
125.14, 2016-03-18, 1.0
124.87, 2016-03-21, 1.0
124.73, 2016-03-22, 1.0
125.03, 2016-03-23, 1.0
124.96, 2016-03-24, 1.0
125.02, 2016-03-28, 1.0
125.56, 2016-03-29, 1.0
125.67, 2016-03-30, 1.0
125.95, 2016-03-31, 1.0
125.71, 2016-04-01, 1.0
125.81, 2016-04-04, 1.0
126.07, 2016-04-05, 1.0
125.96, 2016-04-06, 1.0
126.28, 2016-04-07, 1.0
126.19, 2016-04-08, 1.0
126.19, 2016-04-11, 1.0
125.92, 2016-04-12, 1.0
125.86, 2016-04-13, 1.0
125.71, 2016-04-14, 1.0
125.92, 2016-04-15, 1.0
125.86, 2016-04-18, 1.0
125.71, 2016-04-19, 1.0
125.43, 2016-04-20, 1.0
125.25, 2016-04-21, 1.0
125.22, 2016-04-22, 1.0
125.1, 2016-04-25, 1.0
124.99, 2016-04-26, 1.0
125.37, 2016-04-27, 1.0
125.61, 2016-04-28, 1.0
125.63, 2016-04-29, 1.0
125.32, 2016-05-02, 1.0
125.72, 2016-05-03, 1.0
125.86, 2016-05-04, 1.0
126.03, 2016-05-05, 1.0
125.88, 2016-05-06, 1.0
126.09, 2016-05-09, 1.0
126.07, 2016-05-10, 1.0
126.06, 2016-05-11, 1.0
125.91, 2016-05-12, 1.0
126.05, 2016-05-13, 1.0
125.8, 2016-05-16, 1.0
125.65, 2016-05-17, 1.0
125.08, 2016-05-18, 1.0
125.14, 2016-05-19, 1.0
125.25, 2016-05-20, 1.0
125.24, 2016-05-23, 1.0
125.07, 2016-05-24, 1.0
125.03, 2016-05-25, 1.0
125.36, 2016-05-26, 1.0
125.1, 2016-05-27, 1.0
125.22, 2016-05-31, 1.0
125.01, 2016-06-01, 1.0
125.2, 2016-06-02, 1.0
125.94, 2016-06-03, 1.0
125.79, 2016-06-06, 1.0
125.92, 2016-06-07, 1.0
125.94, 2016-06-08, 1.0
126.03, 2016-06-09, 1.0
126.28, 2016-06-10, 1.0
126.51, 2016-06-13, 1.0
126.49, 2016-06-14, 1.0
126.83, 2016-06-15, 1.0
126.79, 2016-06-16, 1.0
126.67, 2016-06-17, 1.0
126.32, 2016-06-20, 1.0
126.18, 2016-06-21, 1.0
126.33, 2016-06-22, 1.0
125.97, 2016-06-23, 1.0
126.92, 2016-06-24, 1.0
127.44, 2016-06-27, 1.0
127.45, 2016-06-28, 1.0
127.21, 2016-06-29, 1.0
127.35, 2016-06-30, 1.0
127.41, 2016-07-01, 1.0
127.67, 2016-07-05, 1.0
127.62, 2016-07-06, 1.0
127.59, 2016-07-07, 1.0
127.62, 2016-07-08, 1.0
127.18, 2016-07-11, 1.0
126.85, 2016-07-12, 1.0
126.97, 2016-07-13, 1.0
126.76, 2016-07-14, 1.0
126.52, 2016-07-15, 1.0
126.55, 2016-07-18, 1.0
126.73, 2016-07-19, 1.0
126.58, 2016-07-20, 1.0
126.8, 2016-07-21, 1.0
126.68, 2016-07-22, 1.0
126.55, 2016-07-25, 1.0
126.58, 2016-07-26, 1.0
126.89, 2016-07-27, 1.0
126.97, 2016-07-28, 1.0
127.29, 2016-07-29, 1.0
126.96, 2016-08-01, 1.0
126.83, 2016-08-02, 1.0
126.94, 2016-08-03, 1.0
127.12, 2016-08-04, 1.0
126.54, 2016-08-05, 1.0
126.48, 2016-08-08, 1.0
126.75, 2016-08-09, 1.0
126.93, 2016-08-10, 1.0
126.52, 2016-08-11, 1.0
126.83, 2016-08-12, 1.0
126.62, 2016-08-15, 1.0
126.44, 2016-08-16, 1.0
126.56, 2016-08-17, 1.0
126.73, 2016-08-18, 1.0
126.43, 2016-08-19, 1.0
126.61, 2016-08-22, 1.0
126.62, 2016-08-23, 1.0
126.62, 2016-08-24, 1.0
126.43, 2016-08-25, 1.0
126.07, 2016-08-26, 1.0
126.38, 2016-08-29, 1.0
126.37, 2016-08-30, 1.0
126.24, 2016-08-31, 1.0
126.26, 2016-09-01, 1.0
126.15, 2016-09-02, 1.0
126.57, 2016-09-06, 1.0
126.54, 2016-09-07, 1.0
126.21, 2016-09-08, 1.0
125.95, 2016-09-09, 1.0
126.05, 2016-09-12, 1.0
125.87, 2016-09-13, 1.0
126.05, 2016-09-14, 1.0
126.2, 2016-09-15, 1.0
126.19, 2016-09-16, 1.0
126.09, 2016-09-19, 1.0
126.15, 2016-09-20, 1.0
126.21, 2016-09-21, 1.0
126.31, 2016-09-22, 1.0
126.4, 2016-09-23, 1.0
126.61, 2016-09-26, 1.0
126.7, 2016-09-27, 1.0
126.61, 2016-09-28, 1.0
126.71, 2016-09-29, 1.0
126.54, 2016-09-30, 1.0
126.26, 2016-10-03, 1.0
125.98, 2016-10-04, 1.0
125.85, 2016-10-05, 1.0
125.62, 2016-10-06, 1.0
125.74, 2016-10-07, 1.0
125.55, 2016-10-10, 1.0
125.52, 2016-10-11, 1.0
125.54, 2016-10-12, 1.0
125.75, 2016-10-13, 1.0
125.62, 2016-10-14, 1.0
125.78, 2016-10-17, 1.0
125.93, 2016-10-18, 1.0
125.95, 2016-10-19, 1.0
125.85, 2016-10-20, 1.0
125.88, 2016-10-21, 1.0
125.77, 2016-10-24, 1.0
125.77, 2016-10-25, 1.0
125.65, 2016-10-26, 1.0
125.44, 2016-10-27, 1.0
125.56, 2016-10-28, 1.0
125.62, 2016-10-31, 1.0
125.59, 2016-11-01, 1.0
125.79, 2016-11-02, 1.0
125.81, 2016-11-03, 1.0
126.02, 2016-11-04, 1.0
125.7, 2016-11-07, 1.0
125.41, 2016-11-08, 1.0
124.56, 2016-11-09, 1.0
124.24, 2016-11-10, 1.0
124.03, 2016-11-11, 1.0
123.61, 2016-11-14, 1.0
123.55, 2016-11-15, 1.0
123.55, 2016-11-16, 1.0
123.3, 2016-11-17, 1.0
123.0, 2016-11-18, 1.0
123.02, 2016-11-21, 1.0
123.14, 2016-11-22, 1.0
122.77, 2016-11-23, 1.0
122.79, 2016-11-25, 1.0
123.04, 2016-11-28, 1.0
123.12, 2016-11-29, 1.0
122.74, 2016-11-30, 1.0
122.39, 2016-12-01, 1.0
122.76, 2016-12-02, 1.0
122.67, 2016-12-05, 1.0
122.77, 2016-12-06, 1.0
123.0, 2016-12-07, 1.0
122.81, 2016-12-08, 1.0
122.5, 2016-12-09, 1.0
122.52, 2016-12-12, 1.0
122.49, 2016-12-13, 1.0
121.78, 2016-12-14, 1.0
121.52, 2016-12-15, 1.0
121.66, 2016-12-16, 1.0
121.99, 2016-12-19, 1.0
121.89, 2016-12-20, 1.0
121.97, 2016-12-21, 1.0
121.83, 2016-12-22, 1.0
121.94, 2016-12-23, 1.0
121.78, 2016-12-27, 1.0
122.04, 2016-12-28, 1.0
122.33, 2016-12-29, 1.0
122.51, 2016-12-30, 1.0
122.48, 2017-01-03, 1.0
122.56, 2017-01-04, 1.0
122.93, 2017-01-05, 1.0
122.59, 2017-01-06, 1.0
122.83, 2017-01-09, 1.0
122.85, 2017-01-10, 1.0
122.85, 2017-01-11, 1.0
122.97, 2017-01-12, 1.0
122.78, 2017-01-13, 1.0
123.2, 2017-01-17, 1.0
122.66, 2017-01-18, 1.0
122.47, 2017-01-19, 1.0
122.61, 2017-01-20, 1.0
122.99, 2017-01-23, 1.0
122.73, 2017-01-24, 1.0
122.43, 2017-01-25, 1.0
122.54, 2017-01-26, 1.0
122.6, 2017-01-27, 1.0
122.63, 2017-01-30, 1.0
122.87, 2017-01-31, 1.0
122.57, 2017-02-01, 1.0
122.62, 2017-02-02, 1.0
122.67, 2017-02-03, 1.0
123.04, 2017-02-06, 1.0
123.09, 2017-02-07, 1.0
123.37, 2017-02-08, 1.0
123.0, 2017-02-09, 1.0
122.94, 2017-02-10, 1.0
122.83, 2017-02-13, 1.0
122.48, 2017-02-14, 1.0
122.36, 2017-02-15, 1.0
122.7, 2017-02-16, 1.0
122.91, 2017-02-17, 1.0
122.85, 2017-02-21, 1.0
122.96, 2017-02-22, 1.0
123.16, 2017-02-23, 1.0
123.46, 2017-02-24, 1.0
123.16, 2017-02-27, 1.0
123.05, 2017-02-28, 1.0
122.37, 2017-03-01, 1.0
122.17, 2017-03-02, 1.0
122.27, 2017-03-03, 1.0
122.29, 2017-03-06, 1.0
122.13, 2017-03-07, 1.0
121.93, 2017-03-08, 1.0
121.7, 2017-03-09, 1.0
121.89, 2017-03-10, 1.0
121.74, 2017-03-13, 1.0
121.8, 2017-03-14, 1.0
122.44, 2017-03-15, 1.0
122.22, 2017-03-16, 1.0
122.41, 2017-03-17, 1.0
122.5788, 2017-03-20, 1.0
122.83, 2017-03-21, 1.0
122.92, 2017-03-22, 1.0
122.87, 2017-03-23, 1.0
122.88, 2017-03-24, 1.0
123.04, 2017-03-27, 1.0
122.79, 2017-03-28, 1.0
123.01, 2017-03-29, 1.0
122.85, 2017-03-30, 1.0
123.05, 2017-03-31, 1.0
123.23, 2017-04-03, 1.0
123.14, 2017-04-04, 1.0
123.39, 2017-04-05, 1.0
123.28, 2017-04-06, 1.0
122.97, 2017-04-07, 1.0
123.12, 2017-04-10, 1.0
123.46, 2017-04-11, 1.0
123.69, 2017-04-12, 1.0
123.91, 2017-04-13, 1.0
123.83, 2017-04-17, 1.0
124.25, 2017-04-18, 1.0
124.03, 2017-04-19, 1.0
123.9, 2017-04-20, 1.0
123.99, 2017-04-21, 1.0
123.8, 2017-04-24, 1.0
123.43, 2017-04-25, 1.0
123.61, 2017-04-26, 1.0
123.69, 2017-04-27, 1.0
123.72, 2017-04-28, 1.0
123.48, 2017-05-01, 1.0
123.64, 2017-05-02, 1.0
123.42, 2017-05-03, 1.0
123.28, 2017-05-04, 1.0
123.31, 2017-05-05, 1.0
123.14, 2017-05-08, 1.0
123.08, 2017-05-09, 1.0
123.03, 2017-05-10, 1.0
123.14, 2017-05-11, 1.0
123.51, 2017-05-12, 1.0
123.46, 2017-05-15, 1.0
123.53, 2017-05-16, 1.0
124.07, 2017-05-17, 1.0
123.96, 2017-05-18, 1.0
123.96, 2017-05-19, 1.0
123.91, 2017-05-22, 1.0
123.68, 2017-05-23, 1.0
123.93, 2017-05-24, 1.0
123.92, 2017-05-25, 1.0
123.96, 2017-05-26, 1.0
124.11, 2017-05-30, 1.0
124.11, 2017-05-31, 1.0
123.94, 2017-06-01, 1.0
124.22, 2017-06-02, 1.0
124.06, 2017-06-05, 1.0
124.3, 2017-06-06, 1.0
124.12, 2017-06-07, 1.0
124.01, 2017-06-08, 1.0
123.94, 2017-06-09, 1.0
123.93, 2017-06-12, 1.0
123.95, 2017-06-13, 1.0
124.24, 2017-06-14, 1.0
124.06, 2017-06-15, 1.0
124.15, 2017-06-16, 1.0
123.94, 2017-06-19, 1.0
124.06, 2017-06-20, 1.0
124.09, 2017-06-21, 1.0
124.15, 2017-06-22, 1.0
124.18, 2017-06-23, 1.0
124.23, 2017-06-26, 1.0
123.91, 2017-06-27, 1.0
123.98, 2017-06-28, 1.0
123.75, 2017-06-29, 1.0
123.57, 2017-06-30, 1.0
123.18, 2017-07-03, 1.0
123.24, 2017-07-05, 1.0
123.15, 2017-07-06, 1.0
123.1, 2017-07-07, 1.0
123.23, 2017-07-10, 1.0
123.35, 2017-07-11, 1.0
123.57, 2017-07-12, 1.0
123.48, 2017-07-13, 1.0
123.63, 2017-07-14, 1.0
123.67, 2017-07-17, 1.0
123.9, 2017-07-18, 1.0
123.88, 2017-07-19, 1.0
123.88, 2017-07-20, 1.0
124.03, 2017-07-21, 1.0
123.91, 2017-07-24, 1.0
123.56, 2017-07-25, 1.0
123.87, 2017-07-26, 1.0
123.78, 2017-07-27, 1.0
123.92, 2017-07-28, 1.0
123.88, 2017-07-31, 1.0
123.93, 2017-08-01, 1.0
123.83, 2017-08-02, 1.0
124.02, 2017-08-03, 1.0
123.88, 2017-08-04, 1.0
123.91, 2017-08-07, 1.0
123.84, 2017-08-08, 1.0
123.95, 2017-08-09, 1.0
124.18, 2017-08-10, 1.0
124.36, 2017-08-11, 1.0
124.17, 2017-08-14, 1.0
123.94, 2017-08-15, 1.0
124.1, 2017-08-16, 1.0
124.31, 2017-08-17, 1.0
124.31, 2017-08-18, 1.0
124.34, 2017-08-21, 1.0
124.2, 2017-08-22, 1.0
124.45, 2017-08-23, 1.0
124.28, 2017-08-24, 1.0
124.38, 2017-08-25, 1.0
124.46, 2017-08-28, 1.0
124.63, 2017-08-29, 1.0
124.56, 2017-08-30, 1.0
124.66, 2017-08-31, 1.0
124.29, 2017-09-01, 1.0
124.81, 2017-09-05, 1.0
124.52, 2017-09-06, 1.0
124.95, 2017-09-07, 1.0
124.88, 2017-09-08, 1.0
124.56, 2017-09-11, 1.0
124.3, 2017-09-12, 1.0
124.17, 2017-09-13, 1.0
124.17, 2017-09-14, 1.0
124.08, 2017-09-15, 1.0
123.97, 2017-09-18, 1.0
123.91, 2017-09-19, 1.0
123.66, 2017-09-20, 1.0
123.65, 2017-09-21, 1.0
123.78, 2017-09-22, 1.0
123.96, 2017-09-25, 1.0
123.87, 2017-09-26, 1.0
123.62, 2017-09-27, 1.0
123.69, 2017-09-28, 1.0
123.51, 2017-09-29, 1.0
123.28, 2017-10-02, 1.0
123.44, 2017-10-03, 1.0
123.37, 2017-10-04, 1.0
123.31, 2017-10-05, 1.0
123.22, 2017-10-06, 1.0
123.3, 2017-10-09, 1.0
123.32, 2017-10-10, 1.0
123.35, 2017-10-11, 1.0
123.39, 2017-10-12, 1.0
123.6, 2017-10-13, 1.0
123.4, 2017-10-16, 1.0
123.34, 2017-10-17, 1.0
123.19, 2017-10-18, 1.0
123.3, 2017-10-19, 1.0
123.01, 2017-10-20, 1.0
123.11, 2017-10-23, 1.0
122.96, 2017-10-24, 1.0
122.89, 2017-10-25, 1.0
122.79, 2017-10-26, 1.0
123.02, 2017-10-27, 1.0
123.23, 2017-10-30, 1.0
123.12, 2017-10-31, 1.0
122.97, 2017-11-01, 1.0
123.06, 2017-11-02, 1.0
123.13, 2017-11-03, 1.0
123.2, 2017-11-06, 1.0
123.16, 2017-11-07, 1.0
123.07, 2017-11-08, 1.0
123.08, 2017-11-09, 1.0
122.83, 2017-11-10, 1.0
122.73, 2017-11-13, 1.0
122.81, 2017-11-14, 1.0
122.97, 2017-11-15, 1.0
122.82, 2017-11-16, 1.0
122.88, 2017-11-17, 1.0
122.71, 2017-11-20, 1.0
122.61, 2017-11-21, 1.0
122.93, 2017-11-22, 1.0
122.85, 2017-11-24, 1.0
122.92, 2017-11-27, 1.0
122.9, 2017-11-28, 1.0
122.72, 2017-11-29, 1.0
122.5, 2017-11-30, 1.0
122.52, 2017-12-01, 1.0
122.43, 2017-12-04, 1.0
122.44, 2017-12-05, 1.0
122.58, 2017-12-06, 1.0
122.47, 2017-12-07, 1.0
122.48, 2017-12-08, 1.0
122.39, 2017-12-11, 1.0
122.34, 2017-12-12, 1.0
122.64, 2017-12-13, 1.0
122.54, 2017-12-14, 1.0
122.46, 2017-12-15, 1.0
122.41, 2017-12-18, 1.0
122.12, 2017-12-19, 1.0
122.02, 2017-12-20, 1.0
121.82, 2017-12-21, 1.0
121.84, 2017-12-22, 1.0
121.85, 2017-12-26, 1.0
122.13, 2017-12-27, 1.0
122.06, 2017-12-28, 1.0
122.16, 2017-12-29, 1.0
121.99, 2018-01-02, 1.0
122.02, 2018-01-03, 1.0
121.9, 2018-01-04, 1.0
121.83, 2018-01-05, 1.0
121.82, 2018-01-08, 1.0
121.57, 2018-01-09, 1.0
121.58, 2018-01-10, 1.0
121.62, 2018-01-11, 1.0
121.55, 2018-01-12, 1.0
121.54, 2018-01-16, 1.0
121.35, 2018-01-17, 1.0
121.22, 2018-01-18, 1.0
121.06, 2018-01-19, 1.0
121.01, 2018-01-22, 1.0
121.24, 2018-01-23, 1.0
121.13, 2018-01-24, 1.0
121.24, 2018-01-25, 1.0
120.98, 2018-01-26, 1.0
120.84, 2018-01-29, 1.0
120.76, 2018-01-30, 1.0
120.67, 2018-01-31, 1.0
120.52, 2018-02-01, 1.0
120.14, 2018-02-02, 1.0
120.73, 2018-02-05, 1.0
120.38, 2018-02-06, 1.0
120.22, 2018-02-07, 1.0
120.38, 2018-02-08, 1.0
120.4, 2018-02-09, 1.0
120.29, 2018-02-12, 1.0
120.4, 2018-02-13, 1.0
119.89, 2018-02-14, 1.0
119.91, 2018-02-15, 1.0
120.06, 2018-02-16, 1.0
119.98, 2018-02-20, 1.0
119.8, 2018-02-21, 1.0
119.95, 2018-02-22, 1.0
120.14, 2018-02-23, 1.0
120.22, 2018-02-26, 1.0
119.97, 2018-02-27, 1.0
120.06, 2018-02-28, 1.0
120.26, 2018-03-01, 1.0
120.02, 2018-03-02, 1.0
119.98, 2018-03-05, 1.0
119.94, 2018-03-06, 1.0
119.94, 2018-03-07, 1.0
120.08, 2018-03-08, 1.0
119.96, 2018-03-09, 1.0
120.08, 2018-03-12, 1.0
120.15, 2018-03-13, 1.0
120.25, 2018-03-14, 1.0
120.23, 2018-03-15, 1.0
120.13, 2018-03-16, 1.0
120.08, 2018-03-19, 1.0
119.9, 2018-03-20, 1.0
120.0, 2018-03-21, 1.0
120.24, 2018-03-22, 1.0
120.37, 2018-03-23, 1.0
120.18, 2018-03-26, 1.0
120.54, 2018-03-27, 1.0
120.49, 2018-03-28, 1.0
120.62, 2018-03-29, 1.0
120.53, 2018-04-02, 1.0
120.31, 2018-04-03, 1.0
120.26, 2018-04-04, 1.0
120.12, 2018-04-05, 1.0
120.43, 2018-04-06, 1.0
120.42, 2018-04-09, 1.0
120.26, 2018-04-10, 1.0
120.29, 2018-04-11, 1.0
120.05, 2018-04-12, 1.0
120.04, 2018-04-13, 1.0
120.01, 2018-04-16, 1.0
120.03, 2018-04-17, 1.0
119.75, 2018-04-18, 1.0
119.63, 2018-04-19, 1.0
119.4, 2018-04-20, 1.0
119.32, 2018-04-23, 1.0
119.28, 2018-04-24, 1.0
119.22, 2018-04-25, 1.0
119.36, 2018-04-26, 1.0
119.46, 2018-04-27, 1.0
119.52, 2018-04-30, 1.0
119.18, 2018-05-01, 1.0
119.26, 2018-05-02, 1.0
119.44, 2018-05-03, 1.0
119.44, 2018-05-04, 1.0
119.4, 2018-05-07, 1.0
119.31, 2018-05-08, 1.0
119.17, 2018-05-09, 1.0
119.25, 2018-05-10, 1.0
119.23, 2018-05-11, 1.0
119.16, 2018-05-14, 1.0
118.8, 2018-05-15, 1.0
118.68, 2018-05-16, 1.0
118.73, 2018-05-17, 1.0
118.96, 2018-05-18, 1.0
118.99, 2018-05-21, 1.0
118.98, 2018-05-22, 1.0
119.28, 2018-05-23, 1.0
119.45, 2018-05-24, 1.0
119.78, 2018-05-25, 1.0
120.57, 2018-05-29, 1.0
120.22, 2018-05-30, 1.0
120.21, 2018-05-31, 1.0
119.68, 2018-06-01, 1.0
119.4, 2018-06-04, 1.0
119.62, 2018-06-05, 1.0
119.36, 2018-06-06, 1.0
119.64, 2018-06-07, 1.0
119.54, 2018-06-08, 1.0
119.46, 2018-06-11, 1.0
119.4, 2018-06-12, 1.0
119.28, 2018-06-13, 1.0
119.44, 2018-06-14, 1.0
119.48, 2018-06-15, 1.0
119.53, 2018-06-18, 1.0
119.7, 2018-06-19, 1.0
119.52, 2018-06-20, 1.0
119.68, 2018-06-21, 1.0
119.72, 2018-06-22, 1.0
119.83, 2018-06-25, 1.0
119.87, 2018-06-26, 1.0
120.13, 2018-06-27, 1.0
120.03, 2018-06-28, 1.0
120.0, 2018-06-29, 1.0
119.7, 2018-07-02, 1.0
119.87, 2018-07-03, 1.0
119.84, 2018-07-05, 1.0
119.94, 2018-07-06, 1.0
119.78, 2018-07-09, 1.0
119.69, 2018-07-10, 1.0
119.83, 2018-07-11, 1.0
119.8, 2018-07-12, 1.0
119.95, 2018-07-13, 1.0
119.8, 2018-07-16, 1.0
119.76, 2018-07-17, 1.0
119.72, 2018-07-18, 1.0
119.95, 2018-07-19, 1.0
119.79, 2018-07-20, 1.0
119.5, 2018-07-23, 1.0
119.51, 2018-07-24, 1.0
119.45, 2018-07-25, 1.0
119.33, 2018-07-26, 1.0
119.45, 2018-07-27, 1.0
119.41, 2018-07-30, 1.0
119.47, 2018-07-31, 1.0
119.11, 2018-08-01, 1.0
119.26, 2018-08-02, 1.0
119.47, 2018-08-03, 1.0
119.51, 2018-08-06, 1.0
119.33, 2018-08-07, 1.0
119.4, 2018-08-08, 1.0
119.57, 2018-08-09, 1.0
119.88, 2018-08-10, 1.0
119.9, 2018-08-13, 1.0
119.8, 2018-08-14, 1.0
119.99, 2018-08-15, 1.0
119.95, 2018-08-16, 1.0
119.95, 2018-08-17, 1.0
120.2, 2018-08-20, 1.0
120.09, 2018-08-21, 1.0
120.21, 2018-08-22, 1.0
120.17, 2018-08-23, 1.0
120.15, 2018-08-24, 1.0
120.03, 2018-08-27, 1.0
119.86, 2018-08-28, 1.0
119.8, 2018-08-29, 1.0
119.98, 2018-08-30, 1.0
120.07, 2018-08-31, 1.0
119.75, 2018-09-04, 1.0
119.74, 2018-09-05, 1.0
119.89, 2018-09-06, 1.0
119.52, 2018-09-07, 1.0
119.54, 2018-09-10, 1.0
119.29, 2018-09-11, 1.0
119.35, 2018-09-12, 1.0
119.33, 2018-09-13, 1.0
119.17, 2018-09-14, 1.0
119.22, 2018-09-17, 1.0
118.98, 2018-09-18, 1.0
118.89, 2018-09-19, 1.0
118.92, 2018-09-20, 1.0
118.94, 2018-09-21, 1.0
118.9, 2018-09-24, 1.0
118.84, 2018-09-25, 1.0
119.04, 2018-09-26, 1.0
119.03, 2018-09-27, 1.0
119.07, 2018-09-28, 1.0
118.75, 2018-10-01, 1.0
118.9, 2018-10-02, 1.0
118.49, 2018-10-03, 1.0
118.37, 2018-10-04, 1.0
118.26, 2018-10-05, 1.0
118.31, 2018-10-08, 1.0
118.37, 2018-10-09, 1.0
118.47, 2018-10-10, 1.0
118.67, 2018-10-11, 1.0
118.6, 2018-10-12, 1.0
118.63, 2018-10-15, 1.0
118.63, 2018-10-16, 1.0
118.43, 2018-10-17, 1.0
118.59, 2018-10-18, 1.0
118.51, 2018-10-19, 1.0
118.5, 2018-10-22, 1.0
118.7, 2018-10-23, 1.0
119.11, 2018-10-24, 1.0
118.91, 2018-10-25, 1.0
119.28, 2018-10-26, 1.0
119.27, 2018-10-29, 1.0
119.1, 2018-10-30, 1.0
118.94, 2018-10-31, 1.0
118.83, 2018-11-01, 1.0
118.47, 2018-11-02, 1.0
118.51, 2018-11-05, 1.0
118.41, 2018-11-06, 1.0
118.35, 2018-11-07, 1.0
118.21, 2018-11-08, 1.0
118.5, 2018-11-09, 1.0
118.74, 2018-11-12, 1.0
118.8, 2018-11-13, 1.0
119.01, 2018-11-14, 1.0
119.1, 2018-11-15, 1.0
119.34, 2018-11-16, 1.0
119.47, 2018-11-19, 1.0
119.42, 2018-11-20, 1.0
119.37, 2018-11-21, 1.0
119.43, 2018-11-23, 1.0
119.36, 2018-11-26, 1.0
119.4, 2018-11-27, 1.0
119.46, 2018-11-28, 1.0
119.61, 2018-11-29, 1.0
119.7, 2018-11-30, 1.0
119.56, 2018-12-03, 1.0
119.77, 2018-12-04, 1.0
119.98, 2018-12-06, 1.0
120.29, 2018-12-07, 1.0
120.31, 2018-12-10, 1.0
120.12, 2018-12-11, 1.0
119.95, 2018-12-12, 1.0
120.03, 2018-12-13, 1.0
120.18, 2018-12-14, 1.0
120.41, 2018-12-17, 1.0
120.38, 2018-12-18, 1.0
120.51, 2018-12-19, 1.0
120.46, 2018-12-20, 1.0
120.55, 2018-12-21, 1.0
120.81, 2018-12-24, 1.0
120.48, 2018-12-26, 1.0
120.77, 2018-12-27, 1.0
121.2, 2018-12-28, 1.0
121.4, 2018-12-31, 1.0
121.57, 2019-01-02, 1.0
122.26, 2019-01-03, 1.0
121.58, 2019-01-04, 1.0
121.34, 2019-01-07, 1.0
121.12, 2019-01-08, 1.0
121.22, 2019-01-09, 1.0
121.2, 2019-01-10, 1.0
121.42, 2019-01-11, 1.0
121.4, 2019-01-14, 1.0
121.35, 2019-01-15, 1.0
121.31, 2019-01-16, 1.0
121.17, 2019-01-17, 1.0
120.92, 2019-01-18, 1.0
121.17, 2019-01-22, 1.0
121.12, 2019-01-23, 1.0
121.35, 2019-01-24, 1.0
121.17, 2019-01-25, 1.0
121.19, 2019-01-28, 1.0
121.44, 2019-01-29, 1.0
121.69, 2019-01-30, 1.0
122.03, 2019-01-31, 1.0
121.37, 2019-02-01, 1.0
121.24, 2019-02-04, 1.0
121.36, 2019-02-05, 1.0
121.44, 2019-02-06, 1.0
121.66, 2019-02-07, 1.0
121.75, 2019-02-08, 1.0
121.64, 2019-02-11, 1.0
121.53, 2019-02-12, 1.0
121.35, 2019-02-13, 1.0
121.68, 2019-02-14, 1.0
121.6, 2019-02-15, 1.0
121.75, 2019-02-19, 1.0
121.74, 2019-02-20, 1.0
121.55, 2019-02-21, 1.0
121.76, 2019-02-22, 1.0
121.68, 2019-02-25, 1.0
121.88, 2019-02-26, 1.0
121.68, 2019-02-27, 1.0
121.53, 2019-02-28, 1.0
121.05, 2019-03-01, 1.0
121.26, 2019-03-04, 1.0
121.28, 2019-03-05, 1.0
121.5, 2019-03-06, 1.0
121.79, 2019-03-07, 1.0
121.88, 2019-03-08, 1.0
121.8, 2019-03-11, 1.0
121.98, 2019-03-12, 1.0
121.98, 2019-03-13, 1.0
121.91, 2019-03-14, 1.0
122.11, 2019-03-15, 1.0
122.02, 2019-03-18, 1.0
121.96, 2019-03-19, 1.0
122.5, 2019-03-20, 1.0
122.44, 2019-03-21, 1.0
122.99, 2019-03-22, 1.0
123.25, 2019-03-25, 1.0
123.2, 2019-03-26, 1.0
123.41, 2019-03-27, 1.0
123.36, 2019-03-28, 1.0
123.2, 2019-03-29, 1.0
122.5, 2019-04-01, 1.0
122.66, 2019-04-02, 1.0
122.49, 2019-04-03, 1.0
122.55, 2019-04-04, 1.0
122.58, 2019-04-05, 1.0
122.47, 2019-04-08, 1.0
122.58, 2019-04-09, 1.0
122.75, 2019-04-10, 1.0
122.58, 2019-04-11, 1.0
122.25, 2019-04-12, 1.0
122.33, 2019-04-15, 1.0
122.12, 2019-04-16, 1.0
122.18, 2019-04-17, 1.0
122.33, 2019-04-18, 1.0
122.27, 2019-04-22, 1.0
122.43, 2019-04-23, 1.0
122.71, 2019-04-24, 1.0
122.61, 2019-04-25, 1.0
122.86, 2019-04-26, 1.0
122.73, 2019-04-29, 1.0
122.91, 2019-04-30, 1.0
122.55, 2019-05-01, 1.0
122.34, 2019-05-02, 1.0
122.43, 2019-05-03, 1.0
122.64, 2019-05-06, 1.0
122.85, 2019-05-07, 1.0
122.72, 2019-05-08, 1.0
122.93, 2019-05-09, 1.0
122.88, 2019-05-10, 1.0
123.32, 2019-05-13, 1.0
123.26, 2019-05-14, 1.0
123.52, 2019-05-15, 1.0
123.39, 2019-05-16, 1.0
123.42, 2019-05-17, 1.0
123.25, 2019-05-20, 1.0
123.11, 2019-05-21, 1.0
123.38, 2019-05-22, 1.0
123.84, 2019-05-23, 1.0
123.8, 2019-05-24, 1.0
124.08, 2019-05-28, 1.0
124.03, 2019-05-29, 1.0
124.3, 2019-05-30, 1.0
124.9, 2019-05-31, 1.0
125.11, 2019-06-03, 1.0
124.87, 2019-06-04, 1.0
124.98, 2019-06-05, 1.0
124.86, 2019-06-06, 1.0
125.13, 2019-06-07, 1.0
124.76, 2019-06-10, 1.0
124.75, 2019-06-11, 1.0
124.99, 2019-06-12, 1.0
125.22, 2019-06-13, 1.0
125.2, 2019-06-14, 1.0
125.17, 2019-06-17, 1.0
125.25, 2019-06-18, 1.0
125.62, 2019-06-19, 1.0
125.73, 2019-06-20, 1.0
125.49, 2019-06-21, 1.0
125.74, 2019-06-24, 1.0
125.88, 2019-06-25, 1.0
125.49, 2019-06-26, 1.0
125.73, 2019-06-27, 1.0
125.76, 2019-06-28, 1.0
125.44, 2019-07-01, 1.0
125.66, 2019-07-02, 1.0
125.73, 2019-07-03, 1.0
125.21, 2019-07-05, 1.0
125.08, 2019-07-08, 1.0
124.97, 2019-07-09, 1.0
125.25, 2019-07-10, 1.0
124.95, 2019-07-11, 1.0
125.03, 2019-07-12, 1.0
125.17, 2019-07-15, 1.0
124.98, 2019-07-16, 1.0
125.33, 2019-07-17, 1.0
125.62, 2019-07-18, 1.0
125.39, 2019-07-19, 1.0
125.44, 2019-07-22, 1.0
125.32, 2019-07-23, 1.0
125.39, 2019-07-24, 1.0
125.22, 2019-07-25, 1.0
125.22, 2019-07-26, 1.0
125.27, 2019-07-29, 1.0
125.3, 2019-07-30, 1.0
125.35, 2019-07-31, 1.0
126.05, 2019-08-01, 1.0
126.15, 2019-08-02, 1.0
126.83, 2019-08-05, 1.0
126.93, 2019-08-06, 1.0
126.92, 2019-08-07, 1.0
126.89, 2019-08-08, 1.0
126.72, 2019-08-09, 1.0
127.14, 2019-08-12, 1.0
126.77, 2019-08-13, 1.0
127.16, 2019-08-14, 1.0
127.68, 2019-08-15, 1.0
127.63, 2019-08-16, 1.0
127.25, 2019-08-19, 1.0
127.56, 2019-08-20, 1.0
127.32, 2019-08-21, 1.0
127.14, 2019-08-22, 1.0
127.68, 2019-08-23, 1.0
127.59, 2019-08-26, 1.0
127.83, 2019-08-27, 1.0
127.86, 2019-08-28, 1.0
127.73, 2019-08-29, 1.0
127.75, 2019-08-30, 1.0
127.81, 2019-09-03, 1.0
128.02, 2019-09-04, 1.0
127.34, 2019-09-05, 1.0
127.39, 2019-09-06, 1.0
127.0, 2019-09-09, 1.0
126.45, 2019-09-10, 1.0
126.37, 2019-09-11, 1.0
126.18, 2019-09-12, 1.0
125.52, 2019-09-13, 1.0
125.84, 2019-09-16, 1.0
126.02, 2019-09-17, 1.0
125.96, 2019-09-18, 1.0
126.06, 2019-09-19, 1.0
126.41, 2019-09-20, 1.0
126.55, 2019-09-23, 1.0
126.94, 2019-09-24, 1.0
126.44, 2019-09-25, 1.0
126.57, 2019-09-26, 1.0
126.72, 2019-09-27, 1.0
126.8, 2019-09-30, 1.0
126.9, 2019-10-01, 1.0
127.23, 2019-10-02, 1.0
127.7, 2019-10-03, 1.0
127.8, 2019-10-04, 1.0
127.51, 2019-10-07, 1.0
127.67, 2019-10-08, 1.0
127.52, 2019-10-09, 1.0
127.04, 2019-10-10, 1.0
126.57, 2019-10-11, 1.0
126.65, 2019-10-14, 1.0
126.38, 2019-10-15, 1.0
126.56, 2019-10-16, 1.0
126.52, 2019-10-17, 1.0
126.63, 2019-10-18, 1.0
126.35, 2019-10-21, 1.0
126.5, 2019-10-22, 1.0
126.45, 2019-10-23, 1.0
126.48, 2019-10-24, 1.0
126.29, 2019-10-25, 1.0
126.11, 2019-10-28, 1.0
126.13, 2019-10-29, 1.0
126.44, 2019-10-30, 1.0
126.97, 2019-10-31, 1.0
126.61, 2019-11-01, 1.0
126.31, 2019-11-04, 1.0
125.93, 2019-11-05, 1.0
126.14, 2019-11-06, 1.0
125.57, 2019-11-07, 1.0
125.52, 2019-11-08, 1.0
125.57, 2019-11-11, 1.0
125.65, 2019-11-12, 1.0
125.87, 2019-11-13, 1.0
126.24, 2019-11-14, 1.0
126.11, 2019-11-15, 1.0
126.25, 2019-11-18, 1.0
126.29, 2019-11-19, 1.0
126.55, 2019-11-20, 1.0
126.38, 2019-11-21, 1.0
126.35, 2019-11-22, 1.0
126.36, 2019-11-25, 1.0
126.5, 2019-11-26, 1.0
126.3, 2019-11-27, 1.0
126.31, 2019-11-29, 1.0
125.97, 2019-12-02, 1.0
126.58, 2019-12-03, 1.0
126.3, 2019-12-04, 1.0
126.16, 2019-12-05, 1.0
125.94, 2019-12-06, 1.0
125.93, 2019-12-09, 1.0
125.81, 2019-12-10, 1.0
126.09, 2019-12-11, 1.0
125.57, 2019-12-12, 1.0
126.01, 2019-12-13, 1.0
125.72, 2019-12-16, 1.0
125.73, 2019-12-17, 1.0
125.6, 2019-12-18, 1.0
125.5, 2019-12-19, 1.0
125.48, 2019-12-20, 1.0
125.41, 2019-12-23, 1.0
125.54, 2019-12-24, 1.0
125.64, 2019-12-26, 1.0
125.86, 2019-12-27, 1.0
125.89, 2019-12-30, 1.0
125.75, 2019-12-31, 1.0
125.97, 2020-01-02, 1.0
126.37, 2020-01-03, 1.0
126.3, 2020-01-06, 1.0
126.25, 2020-01-07, 1.0
126.08, 2020-01-08, 1.0
126.08, 2020-01-09, 1.0
126.2, 2020-01-10, 1.0
126.13, 2020-01-13, 1.0
126.26, 2020-01-14, 1.0
126.4, 2020-01-15, 1.0
126.31, 2020-01-16, 1.0
126.29, 2020-01-17, 1.0
126.58, 2020-01-21, 1.0
126.6, 2020-01-22, 1.0
126.76, 2020-01-23, 1.0
126.98, 2020-01-24, 1.0
127.42, 2020-01-27, 1.0
127.25, 2020-01-28, 1.0
127.56, 2020-01-29, 1.0
127.67, 2020-01-30, 1.0
128.06, 2020-01-31, 1.0
127.73, 2020-02-03, 1.0
127.35, 2020-02-04, 1.0
127.08, 2020-02-05, 1.0
127.09, 2020-02-06, 1.0
127.39, 2020-02-07, 1.0
127.58, 2020-02-10, 1.0
127.4, 2020-02-11, 1.0
127.23, 2020-02-12, 1.0
127.29, 2020-02-13, 1.0
127.39, 2020-02-14, 1.0
127.55, 2020-02-18, 1.0
127.5, 2020-02-19, 1.0
127.72, 2020-02-20, 1.0
128.0, 2020-02-21, 1.0
128.61, 2020-02-24, 1.0
128.84, 2020-02-25, 1.0
128.86, 2020-02-26, 1.0
129.28, 2020-02-27, 1.0
130.28, 2020-02-28, 1.0
129.92, 2020-03-02, 1.0
131.0, 2020-03-03, 1.0
130.91, 2020-03-04, 1.0
131.45, 2020-03-05, 1.0
131.94, 2020-03-06, 1.0
132.55, 2020-03-09, 1.0
131.83, 2020-03-10, 1.0
131.52, 2020-03-11, 1.0
131.67, 2020-03-12, 1.0
131.05, 2020-03-13, 1.0
132.41, 2020-03-16, 1.0
130.96, 2020-03-17, 1.0
130.11, 2020-03-18, 1.0
130.39, 2020-03-19, 1.0
131.95, 2020-03-20, 1.0
132.89, 2020-03-23, 1.0
132.26, 2020-03-24, 1.0
132.3, 2020-03-25, 1.0
132.56, 2020-03-26, 1.0
133.06, 2020-03-27, 1.0
133.08, 2020-03-30, 1.0
133.34, 2020-03-31, 1.0
133.28, 2020-04-01, 1.0
133.19, 2020-04-02, 1.0
133.21, 2020-04-03, 1.0
132.89, 2020-04-06, 1.0
132.67, 2020-04-07, 1.0
132.69, 2020-04-08, 1.0
132.97, 2020-04-09, 1.0
132.83, 2020-04-13, 1.0
133.0, 2020-04-14, 1.0
133.45, 2020-04-15, 1.0
133.45, 2020-04-16, 1.0
133.31, 2020-04-17, 1.0
133.42, 2020-04-20, 1.0
133.52, 2020-04-21, 1.0
133.33, 2020-04-22, 1.0
133.33, 2020-04-23, 1.0
133.36, 2020-04-24, 1.0
133.09, 2020-04-27, 1.0
133.33, 2020-04-28, 1.0
133.39, 2020-04-29, 1.0
133.34, 2020-04-30, 1.0
133.22, 2020-05-01, 1.0
133.25, 2020-05-04, 1.0
133.22, 2020-05-05, 1.0
133.13, 2020-05-06, 1.0
133.57, 2020-05-07, 1.0
133.43, 2020-05-08, 1.0
133.25, 2020-05-11, 1.0
133.41, 2020-05-12, 1.0
133.5, 2020-05-13, 1.0
133.58, 2020-05-14, 1.0
133.57, 2020-05-15, 1.0
133.24, 2020-05-18, 1.0
133.42, 2020-05-19, 1.0
133.43, 2020-05-20, 1.0
133.44, 2020-05-21, 1.0
133.48, 2020-05-22, 1.0
133.43, 2020-05-26, 1.0
133.44, 2020-05-27, 1.0
133.43, 2020-05-28, 1.0
133.64, 2020-05-29, 1.0
133.48, 2020-06-01, 1.0
133.39, 2020-06-02, 1.0
133.07, 2020-06-03, 1.0
132.87, 2020-06-04, 1.0
132.55, 2020-06-05, 1.0
132.62, 2020-06-08, 1.0
132.89, 2020-06-09, 1.0
133.38, 2020-06-10, 1.0
133.42, 2020-06-11, 1.0
133.35, 2020-06-12, 1.0
133.3, 2020-06-15, 1.0
133.24, 2020-06-16, 1.0
133.28, 2020-06-17, 1.0
133.34, 2020-06-18, 1.0
133.38, 2020-06-19, 1.0
133.32, 2020-06-22, 1.0
133.37, 2020-06-23, 1.0
133.44, 2020-06-24, 1.0
133.46, 2020-06-25, 1.0
133.63, 2020-06-26, 1.0
133.72, 2020-06-29, 1.0
133.67, 2020-06-30, 1.0
133.43, 2020-07-01, 1.0
133.55, 2020-07-02, 1.0
133.45, 2020-07-06, 1.0
133.59, 2020-07-07, 1.0
133.53, 2020-07-08, 1.0
133.66, 2020-07-09, 1.0
133.55, 2020-07-10, 1.0
133.61, 2020-07-13, 1.0
133.58, 2020-07-14, 1.0
133.59, 2020-07-15, 1.0
133.66, 2020-07-16, 1.0
133.64, 2020-07-17, 1.0
133.64, 2020-07-20, 1.0
133.73, 2020-07-21, 1.0
133.72, 2020-07-22, 1.0
133.72, 2020-07-23, 1.0
133.74, 2020-07-24, 1.0
133.64, 2020-07-27, 1.0
133.79, 2020-07-28, 1.0
133.89, 2020-07-29, 1.0
134.01, 2020-07-30, 1.0
134.07, 2020-07-31, 1.0
133.94, 2020-08-03, 1.0
134.1, 2020-08-04, 1.0
133.93, 2020-08-05, 1.0
133.95, 2020-08-06, 1.0
133.85, 2020-08-07, 1.0
133.82, 2020-08-10, 1.0
133.62, 2020-08-11, 1.0
133.46, 2020-08-12, 1.0
133.35, 2020-08-13, 1.0
133.44, 2020-08-14, 1.0
133.52, 2020-08-17, 1.0
133.6, 2020-08-18, 1.0
133.52, 2020-08-19, 1.0
133.63, 2020-08-20, 1.0
133.65, 2020-08-21, 1.0
133.58, 2020-08-24, 1.0
133.48, 2020-08-25, 1.0
133.48, 2020-08-26, 1.0
133.38, 2020-08-27, 1.0
133.56, 2020-08-28, 1.0
133.59, 2020-08-31, 1.0
133.6, 2020-09-01, 1.0
133.63, 2020-09-02, 1.0
133.68, 2020-09-03, 1.0
133.38, 2020-09-04, 1.0
133.52, 2020-09-08, 1.0
133.52, 2020-09-09, 1.0
133.56, 2020-09-10, 1.0
133.68, 2020-09-11, 1.0
133.6, 2020-09-14, 1.0
133.58, 2020-09-15, 1.0
133.55, 2020-09-16, 1.0
133.56, 2020-09-17, 1.0
133.51, 2020-09-18, 1.0
133.59, 2020-09-21, 1.0
133.61, 2020-09-22, 1.0
133.6, 2020-09-23, 1.0
133.62, 2020-09-24, 1.0
133.68, 2020-09-25, 1.0
133.67, 2020-09-28, 1.0
133.73, 2020-09-29, 1.0
133.59, 2020-09-30, 1.0
133.52, 2020-10-01, 1.0
133.47, 2020-10-02, 1.0
133.15, 2020-10-05, 1.0
133.25, 2020-10-06, 1.0
133.12, 2020-10-07, 1.0
133.21, 2020-10-08, 1.0
133.16, 2020-10-09, 1.0
133.21, 2020-10-12, 1.0
133.35, 2020-10-13, 1.0
133.36, 2020-10-14, 1.0
133.31, 2020-10-15, 1.0
133.29, 2020-10-16, 1.0
133.21, 2020-10-19, 1.0
133.12, 2020-10-20, 1.0
133.06, 2020-10-21, 1.0
132.9, 2020-10-22, 1.0
132.95, 2020-10-23, 1.0
133.07, 2020-10-26, 1.0
133.19, 2020-10-27, 1.0
133.19, 2020-10-28, 1.0
133.02, 2020-10-29, 1.0
132.91, 2020-10-30, 1.0
132.84, 2020-11-02, 1.0
132.77, 2020-11-03, 1.0
133.18, 2020-11-04, 1.0
133.15, 2020-11-05, 1.0
132.99, 2020-11-06, 1.0
132.59, 2020-11-09, 1.0
132.44, 2020-11-10, 1.0
132.5, 2020-11-11, 1.0
132.79, 2020-11-12, 1.0
132.73, 2020-11-13, 1.0
132.71, 2020-11-16, 1.0
132.84, 2020-11-17, 1.0
132.8, 2020-11-18, 1.0
132.85, 2020-11-19, 1.0
132.92, 2020-11-20, 1.0
132.86, 2020-11-23, 1.0
132.82, 2020-11-24, 1.0
132.85, 2020-11-25, 1.0
132.99, 2020-11-27, 1.0
133.01, 2020-11-30, 1.0
132.64, 2020-12-01, 1.0
132.61, 2020-12-02, 1.0
132.76, 2020-12-03, 1.0
132.6, 2020-12-04, 1.0
132.78, 2020-12-07, 1.0
132.81, 2020-12-08, 1.0
132.72, 2020-12-09, 1.0
132.87, 2020-12-10, 1.0
133.01, 2020-12-11, 1.0
133.01, 2020-12-14, 1.0
132.96, 2020-12-15, 1.0
132.94, 2020-12-16, 1.0
132.81, 2020-12-17, 1.0
132.8, 2020-12-18, 1.0
132.81, 2020-12-21, 1.0
132.9, 2020-12-22, 1.0
132.83, 2020-12-23, 1.0
132.89, 2020-12-24, 1.0
132.9, 2020-12-28, 1.0
132.91, 2020-12-29, 1.0
132.93, 2020-12-30, 1.0
132.98, 2020-12-31, 1.0
133.02, 2021-01-04, 1.0
132.91, 2021-01-05, 1.0
132.59, 2021-01-06, 1.0
132.43, 2021-01-07, 1.0
132.27, 2021-01-08, 1.0
132.18, 2021-01-11, 1.0
132.15, 2021-01-12, 1.0
132.32, 2021-01-13, 1.0
132.28, 2021-01-14, 1.0
132.44, 2021-01-15, 1.0
132.5, 2021-01-19, 1.0
132.5, 2021-01-20, 1.0
132.48, 2021-01-21, 1.0
