47.89, 2007-12-04, 1.0
47.9, 2007-12-05, 1.0
47.78, 2007-12-06, 1.0
47.81, 2007-12-07, 1.0
48.04, 2007-12-10, 1.0
48.0, 2007-12-11, 1.0
47.88, 2007-12-12, 1.0
47.89, 2007-12-13, 1.0
47.89, 2007-12-14, 1.0
47.93, 2007-12-17, 1.0
48.06, 2007-12-18, 1.0
48.03, 2007-12-19, 1.0
48.01, 2007-12-20, 1.0
47.928, 2007-12-21, 1.0
47.87, 2007-12-24, 1.0
47.85, 2007-12-26, 1.0
47.85, 2007-12-27, 1.0
47.89, 2007-12-28, 1.0
47.87, 2007-12-31, 1.0
47.97, 2008-01-02, 1.0
47.55, 2008-01-03, 1.0
47.1, 2008-01-04, 1.0
47.37, 2008-01-07, 1.0
47.49, 2008-01-08, 1.0
47.03, 2008-01-09, 1.0
46.77, 2008-01-10, 1.0
46.58, 2008-01-11, 1.0
46.6, 2008-01-14, 1.0
46.38, 2008-01-15, 1.0
46.63, 2008-01-16, 1.0
45.9, 2008-01-17, 1.0
45.933, 2008-01-18, 1.0
45.99, 2008-01-22, 1.0
45.9799, 2008-01-23, 1.0
45.88, 2008-01-24, 1.0
45.37, 2008-01-25, 1.0
45.74, 2008-01-28, 1.0
45.8, 2008-01-29, 1.0
46.6, 2008-01-30, 1.0
46.75, 2008-01-31, 1.0
46.69, 2008-02-01, 1.0
46.0001, 2008-02-04, 1.0
45.87, 2008-02-05, 1.0
45.75, 2008-02-06, 1.0
45.44, 2008-02-07, 1.0
45.38, 2008-02-08, 1.0
45.23, 2008-02-11, 1.0
45.35, 2008-02-12, 1.0
45.3, 2008-02-13, 1.0
45.35, 2008-02-14, 1.0
45.15, 2008-02-15, 1.0
45.37, 2008-02-19, 1.0
45.3, 2008-02-20, 1.0
45.16, 2008-02-21, 1.0
45.19, 2008-02-22, 1.0
45.1, 2008-02-25, 1.0
45.19, 2008-02-26, 1.0
45.05, 2008-02-27, 1.0
45.04, 2008-02-28, 1.0
44.85, 2008-02-29, 1.0
44.79, 2008-03-03, 1.0
44.6448, 2008-03-04, 1.0
44.71, 2008-03-05, 1.0
44.69, 2008-03-06, 1.0
44.565, 2008-03-07, 1.0
44.45, 2008-03-10, 1.0
44.5, 2008-03-11, 1.0
44.3, 2008-03-12, 1.0
44.0, 2008-03-13, 1.0
43.59, 2008-03-14, 1.0
43.4, 2008-03-17, 1.0
43.75, 2008-03-18, 1.0
43.65, 2008-03-19, 1.0
43.94, 2008-03-20, 1.0
44.255, 2008-03-24, 1.0
44.48, 2008-03-25, 1.0
44.52, 2008-03-26, 1.0
44.47, 2008-03-27, 1.0
44.751, 2008-03-28, 1.0
44.75, 2008-03-31, 1.0
44.48, 2008-04-01, 1.0
44.29, 2008-04-02, 1.0
44.443, 2008-04-03, 1.0
44.69, 2008-04-04, 1.0
44.79, 2008-04-07, 1.0
45.08, 2008-04-08, 1.0
44.99, 2008-04-09, 1.0
45.17, 2008-04-10, 1.0
44.93, 2008-04-11, 1.0
44.95, 2008-04-14, 1.0
44.98, 2008-04-15, 1.0
45.09, 2008-04-16, 1.0
45.25, 2008-04-17, 1.0
45.58, 2008-04-18, 1.0
45.56, 2008-04-21, 1.0
45.7, 2008-04-22, 1.0
45.86, 2008-04-23, 1.0
45.82, 2008-04-24, 1.0
45.8, 2008-04-25, 1.0
46.02, 2008-04-28, 1.0
46.05, 2008-04-29, 1.0
46.04, 2008-04-30, 1.0
46.34, 2008-05-01, 1.0
45.97, 2008-05-02, 1.0
46.11, 2008-05-05, 1.0
45.88, 2008-05-06, 1.0
45.92, 2008-05-07, 1.0
45.86, 2008-05-08, 1.0
45.76, 2008-05-09, 1.0
45.96, 2008-05-12, 1.0
45.8, 2008-05-13, 1.0
45.8, 2008-05-14, 1.0
45.96, 2008-05-15, 1.0
45.9199, 2008-05-16, 1.0
46.18, 2008-05-19, 1.0
46.11, 2008-05-20, 1.0
46.14, 2008-05-21, 1.0
45.89, 2008-05-22, 1.0
45.3, 2008-05-23, 1.0
45.3, 2008-05-27, 1.0
45.22, 2008-05-28, 1.0
45.54, 2008-05-29, 1.0
45.88, 2008-05-30, 1.0
45.45, 2008-06-02, 1.0
45.25, 2008-06-03, 1.0
45.15, 2008-06-04, 1.0
45.41, 2008-06-05, 1.0
45.4, 2008-06-06, 1.0
45.36, 2008-06-09, 1.0
45.29, 2008-06-10, 1.0
45.28, 2008-06-11, 1.0
45.34, 2008-06-12, 1.0
45.17, 2008-06-13, 1.0
45.27, 2008-06-16, 1.0
45.32, 2008-06-17, 1.0
45.02, 2008-06-18, 1.0
44.87, 2008-06-19, 1.0
44.76, 2008-06-20, 1.0
44.62, 2008-06-23, 1.0
43.876, 2008-06-24, 1.0
43.9, 2008-06-25, 1.0
43.75, 2008-06-26, 1.0
43.9, 2008-06-27, 1.0
43.945, 2008-06-30, 1.0
43.55, 2008-07-01, 1.0
43.216, 2008-07-02, 1.0
43.38, 2008-07-03, 1.0
42.98, 2008-07-07, 1.0
43.26, 2008-07-08, 1.0
43.05, 2008-07-09, 1.0
43.3699, 2008-07-10, 1.0
43.44, 2008-07-11, 1.0
43.27, 2008-07-14, 1.0
43.0, 2008-07-15, 1.0
42.61, 2008-07-16, 1.0
42.896, 2008-07-17, 1.0
42.9, 2008-07-18, 1.0
43.16, 2008-07-21, 1.0
43.35, 2008-07-22, 1.0
43.4475, 2008-07-23, 1.0
43.42, 2008-07-24, 1.0
43.25, 2008-07-25, 1.0
43.28, 2008-07-28, 1.0
43.24, 2008-07-29, 1.0
43.23, 2008-07-30, 1.0
43.11, 2008-07-31, 1.0
42.83, 2008-08-01, 1.0
42.338, 2008-08-04, 1.0
42.7, 2008-08-05, 1.0
42.533, 2008-08-06, 1.0
42.43, 2008-08-07, 1.0
42.52, 2008-08-08, 1.0
42.33, 2008-08-11, 1.0
42.47, 2008-08-12, 1.0
42.47, 2008-08-13, 1.0
42.61, 2008-08-14, 1.0
42.64, 2008-08-15, 1.0
42.71, 2008-08-18, 1.0
42.67, 2008-08-19, 1.0
42.56, 2008-08-20, 1.0
42.6, 2008-08-21, 1.0
42.5, 2008-08-22, 1.0
42.59, 2008-08-25, 1.0
42.5, 2008-08-26, 1.0
42.48, 2008-08-27, 1.0
42.499, 2008-08-28, 1.0
42.67, 2008-08-29, 1.0
42.6, 2008-09-02, 1.0
42.52, 2008-09-03, 1.0
42.45, 2008-09-04, 1.0
42.01, 2008-09-05, 1.0
42.6, 2008-09-08, 1.0
42.5, 2008-09-09, 1.0
42.39, 2008-09-10, 1.0
42.18, 2008-09-11, 1.0
41.9499, 2008-09-12, 1.0
40.765, 2008-09-15, 1.0
39.4, 2008-09-16, 1.0
38.56, 2008-09-17, 1.0
39.75, 2008-09-18, 1.0
40.97, 2008-09-19, 1.0
41.14, 2008-09-22, 1.0
41.16, 2008-09-23, 1.0
41.0, 2008-09-24, 1.0
40.14, 2008-09-25, 1.0
39.95, 2008-09-26, 1.0
38.23, 2008-09-29, 1.0
39.1, 2008-09-30, 1.0
39.04, 2008-10-01, 1.0
38.47, 2008-10-02, 1.0
37.6, 2008-10-03, 1.0
36.87, 2008-10-06, 1.0
35.0, 2008-10-07, 1.0
33.385, 2008-10-08, 1.0
33.6401, 2008-10-09, 1.0
28.0, 2008-10-10, 1.0
32.0, 2008-10-13, 1.0
35.46, 2008-10-14, 1.0
34.765, 2008-10-15, 1.0
32.69, 2008-10-16, 1.0
32.25, 2008-10-17, 1.0
32.385, 2008-10-20, 1.0
32.215, 2008-10-21, 1.0
31.5648, 2008-10-22, 1.0
31.85, 2008-10-23, 1.0
30.8, 2008-10-24, 1.0
31.48, 2008-10-27, 1.0
31.43, 2008-10-28, 1.0
31.47, 2008-10-29, 1.0
31.28, 2008-10-30, 1.0
31.35, 2008-10-31, 1.0
31.7, 2008-11-03, 1.0
31.65, 2008-11-04, 1.0
31.78, 2008-11-05, 1.0
31.95, 2008-11-06, 1.0
31.85, 2008-11-07, 1.0
31.65, 2008-11-10, 1.0
31.84, 2008-11-11, 1.0
31.27, 2008-11-12, 1.0
31.15, 2008-11-13, 1.0
30.8, 2008-11-14, 1.0
30.4299, 2008-11-17, 1.0
29.5, 2008-11-18, 1.0
28.51, 2008-11-19, 1.0
27.5, 2008-11-20, 1.0
27.1992, 2008-11-21, 1.0
27.78, 2008-11-24, 1.0
28.06, 2008-11-25, 1.0
28.83, 2008-11-26, 1.0
28.39, 2008-11-28, 1.0
27.8, 2008-12-01, 1.0
27.85, 2008-12-02, 1.0
27.85, 2008-12-03, 1.0
27.59, 2008-12-04, 1.0
27.61, 2008-12-05, 1.0
28.05, 2008-12-08, 1.0
27.79, 2008-12-09, 1.0
27.674, 2008-12-10, 1.0
27.34, 2008-12-11, 1.0
27.0, 2008-12-12, 1.0
27.14, 2008-12-15, 1.0
28.09, 2008-12-16, 1.0
27.89, 2008-12-17, 1.0
29.0, 2008-12-18, 1.0
28.9, 2008-12-19, 1.0
29.11, 2008-12-22, 1.0
29.29, 2008-12-23, 1.0
31.46, 2008-12-24, 1.0
31.8601, 2008-12-26, 1.0
30.72, 2008-12-29, 1.0
30.96, 2008-12-30, 1.0
32.39, 2008-12-31, 1.0
31.89, 2009-01-02, 1.0
33.0, 2009-01-05, 1.0
33.67, 2009-01-06, 1.0
32.67, 2009-01-07, 1.0
32.2485, 2009-01-08, 1.0
32.74, 2009-01-09, 1.0
32.66, 2009-01-12, 1.0
32.88, 2009-01-13, 1.0
31.3, 2009-01-14, 1.0
31.39, 2009-01-15, 1.0
32.29, 2009-01-16, 1.0
30.9, 2009-01-20, 1.0
31.354, 2009-01-21, 1.0
31.62, 2009-01-22, 1.0
31.3801, 2009-01-23, 1.0
31.82, 2009-01-26, 1.0
31.7799, 2009-01-27, 1.0
32.61, 2009-01-28, 1.0
32.0, 2009-01-29, 1.0
31.88, 2009-01-30, 1.0
30.92, 2009-02-02, 1.0
31.2, 2009-02-03, 1.0
31.06, 2009-02-04, 1.0
30.93, 2009-02-05, 1.0
31.48, 2009-02-06, 1.0
31.408, 2009-02-09, 1.0
31.14, 2009-02-10, 1.0
31.24, 2009-02-11, 1.0
31.09, 2009-02-12, 1.0
31.14, 2009-02-13, 1.0
30.1, 2009-02-17, 1.0
29.536, 2009-02-18, 1.0
29.72, 2009-02-19, 1.0
29.878, 2009-02-20, 1.0
28.53, 2009-02-23, 1.0
29.7, 2009-02-24, 1.0
28.9, 2009-02-25, 1.0
28.52, 2009-02-26, 1.0
28.31, 2009-02-27, 1.0
27.21, 2009-03-02, 1.0
27.21, 2009-03-03, 1.0
26.98, 2009-03-04, 1.0
26.28, 2009-03-05, 1.0
26.29, 2009-03-06, 1.0
25.85, 2009-03-09, 1.0
26.8, 2009-03-10, 1.0
27.328, 2009-03-11, 1.0
27.89, 2009-03-12, 1.0
28.13, 2009-03-13, 1.0
28.36, 2009-03-16, 1.0
28.57, 2009-03-17, 1.0
28.85, 2009-03-18, 1.0
28.76, 2009-03-19, 1.0
29.25, 2009-03-20, 1.0
29.6628, 2009-03-23, 1.0
29.3, 2009-03-24, 1.0
29.5, 2009-03-25, 1.0
29.62, 2009-03-26, 1.0
29.73, 2009-03-27, 1.0
28.92, 2009-03-30, 1.0
29.44, 2009-03-31, 1.0
28.87, 2009-04-01, 1.0
29.66, 2009-04-02, 1.0
30.15, 2009-04-03, 1.0
29.9701, 2009-04-06, 1.0
29.9, 2009-04-07, 1.0
29.9, 2009-04-08, 1.0
30.42, 2009-04-09, 1.0
30.74, 2009-04-13, 1.0
30.5, 2009-04-14, 1.0
31.25, 2009-04-15, 1.0
32.093, 2009-04-16, 1.0
32.74, 2009-04-17, 1.0
31.21, 2009-04-20, 1.0
31.86, 2009-04-21, 1.0
31.85, 2009-04-22, 1.0
31.81, 2009-04-23, 1.0
32.079, 2009-04-24, 1.0
31.93, 2009-04-27, 1.0
32.04, 2009-04-28, 1.0
32.47, 2009-04-29, 1.0
33.11, 2009-04-30, 1.0
33.0, 2009-05-01, 1.0
32.898, 2009-05-04, 1.0
33.3, 2009-05-05, 1.0
33.5, 2009-05-06, 1.0
32.96, 2009-05-07, 1.0
33.42, 2009-05-08, 1.0
34.21, 2009-05-11, 1.0
34.11, 2009-05-12, 1.0
33.408, 2009-05-13, 1.0
33.6, 2009-05-14, 1.0
32.95, 2009-05-15, 1.0
33.54, 2009-05-18, 1.0
34.1, 2009-05-19, 1.0
34.38, 2009-05-20, 1.0
33.91, 2009-05-21, 1.0
34.65, 2009-05-22, 1.0
34.41, 2009-05-26, 1.0
34.41, 2009-05-27, 1.0
34.86, 2009-05-28, 1.0
35.0, 2009-05-29, 1.0
35.34, 2009-06-01, 1.0
35.07, 2009-06-02, 1.0
34.8001, 2009-06-03, 1.0
34.92, 2009-06-04, 1.0
35.14, 2009-06-05, 1.0
35.2, 2009-06-08, 1.0
35.3773, 2009-06-09, 1.0
35.5, 2009-06-10, 1.0
35.52, 2009-06-11, 1.0
35.61, 2009-06-12, 1.0
34.836, 2009-06-15, 1.0
34.9, 2009-06-16, 1.0
34.5, 2009-06-17, 1.0
34.89, 2009-06-18, 1.0
35.03, 2009-06-19, 1.0
34.58, 2009-06-22, 1.0
34.46, 2009-06-23, 1.0
34.7, 2009-06-24, 1.0
34.62, 2009-06-25, 1.0
34.84, 2009-06-26, 1.0
35.12, 2009-06-29, 1.0
35.19, 2009-06-30, 1.0
34.42, 2009-07-01, 1.0
33.97, 2009-07-02, 1.0
33.66, 2009-07-06, 1.0
33.61, 2009-07-07, 1.0
33.6, 2009-07-08, 1.0
34.0, 2009-07-09, 1.0
33.639, 2009-07-10, 1.0
33.79, 2009-07-13, 1.0
33.9, 2009-07-14, 1.0
34.5, 2009-07-15, 1.0
34.734, 2009-07-16, 1.0
34.8896, 2009-07-17, 1.0
35.39, 2009-07-20, 1.0
35.39, 2009-07-21, 1.0
35.49, 2009-07-22, 1.0
35.7, 2009-07-23, 1.0
35.97, 2009-07-24, 1.0
36.1, 2009-07-27, 1.0
36.15, 2009-07-28, 1.0
36.26, 2009-07-29, 1.0
36.75, 2009-07-30, 1.0
37.08, 2009-07-31, 1.0
36.76, 2009-08-03, 1.0
36.46, 2009-08-04, 1.0
36.6, 2009-08-05, 1.0
36.32, 2009-08-06, 1.0
37.13, 2009-08-07, 1.0
36.91, 2009-08-10, 1.0
36.8, 2009-08-11, 1.0
36.8, 2009-08-12, 1.0
36.35, 2009-08-13, 1.0
36.55, 2009-08-14, 1.0
35.6, 2009-08-17, 1.0
36.09, 2009-08-18, 1.0
36.27, 2009-08-19, 1.0
36.308, 2009-08-20, 1.0
36.48, 2009-08-21, 1.0
36.3, 2009-08-24, 1.0
36.39, 2009-08-25, 1.0
36.47, 2009-08-26, 1.0
36.34, 2009-08-27, 1.0
36.6, 2009-08-28, 1.0
36.64, 2009-08-31, 1.0
36.08, 2009-09-01, 1.0
35.48, 2009-09-02, 1.0
35.6, 2009-09-03, 1.0
36.02, 2009-09-04, 1.0
36.45, 2009-09-08, 1.0
36.23, 2009-09-09, 1.0
36.85, 2009-09-10, 1.0
37.0, 2009-09-11, 1.0
37.11, 2009-09-14, 1.0
37.62, 2009-09-15, 1.0
38.08, 2009-09-16, 1.0
37.99, 2009-09-17, 1.0
38.04, 2009-09-18, 1.0
38.0, 2009-09-21, 1.0
38.18, 2009-09-22, 1.0
38.34, 2009-09-23, 1.0
37.9, 2009-09-24, 1.0
38.36, 2009-09-25, 1.0
38.56, 2009-09-28, 1.0
38.5, 2009-09-29, 1.0
38.49, 2009-09-30, 1.0
37.25, 2009-10-01, 1.0
37.29, 2009-10-02, 1.0
37.7, 2009-10-05, 1.0
37.78, 2009-10-06, 1.0
37.84, 2009-10-07, 1.0
37.9, 2009-10-08, 1.0
37.96, 2009-10-09, 1.0
38.03, 2009-10-12, 1.0
38.02, 2009-10-13, 1.0
38.22, 2009-10-14, 1.0
38.23, 2009-10-15, 1.0
38.19, 2009-10-16, 1.0
38.42, 2009-10-19, 1.0
38.46, 2009-10-20, 1.0
38.59, 2009-10-21, 1.0
38.69, 2009-10-22, 1.0
38.66, 2009-10-23, 1.0
38.54, 2009-10-26, 1.0
38.37, 2009-10-27, 1.0
37.85, 2009-10-28, 1.0
38.19, 2009-10-29, 1.0
37.99, 2009-10-30, 1.0
37.75, 2009-11-02, 1.0
37.79, 2009-11-03, 1.0
37.72, 2009-11-04, 1.0
37.75, 2009-11-05, 1.0
37.88, 2009-11-06, 1.0
38.1, 2009-11-09, 1.0
37.99, 2009-11-10, 1.0
38.14, 2009-11-11, 1.0
37.98, 2009-11-12, 1.0
38.05, 2009-11-13, 1.0
38.07, 2009-11-16, 1.0
38.19, 2009-11-17, 1.0
38.15, 2009-11-18, 1.0
38.08, 2009-11-19, 1.0
38.06, 2009-11-20, 1.0
38.1, 2009-11-23, 1.0
38.05, 2009-11-24, 1.0
38.21, 2009-11-25, 1.0
38.0, 2009-11-27, 1.0
38.14, 2009-11-30, 1.0
37.92, 2009-12-01, 1.0
37.89, 2009-12-02, 1.0
38.07, 2009-12-03, 1.0
38.26, 2009-12-04, 1.0
38.31, 2009-12-07, 1.0
38.34, 2009-12-08, 1.0
38.46, 2009-12-09, 1.0
38.54, 2009-12-10, 1.0
38.62, 2009-12-11, 1.0
39.0, 2009-12-14, 1.0
38.92, 2009-12-15, 1.0
39.04, 2009-12-16, 1.0
38.84, 2009-12-17, 1.0
38.9, 2009-12-18, 1.0
39.0, 2009-12-21, 1.0
38.97, 2009-12-22, 1.0
39.08, 2009-12-23, 1.0
39.35, 2009-12-24, 1.0
39.19, 2009-12-28, 1.0
38.81, 2009-12-29, 1.0
38.91, 2009-12-30, 1.0
38.81, 2009-12-31, 1.0
39.32, 2010-01-04, 1.0
39.69, 2010-01-05, 1.0
39.82, 2010-01-06, 1.0
39.95, 2010-01-07, 1.0
40.1, 2010-01-08, 1.0
40.06, 2010-01-11, 1.0
39.96, 2010-01-12, 1.0
39.85, 2010-01-13, 1.0
39.94, 2010-01-14, 1.0
39.77, 2010-01-15, 1.0
39.87, 2010-01-19, 1.0
39.63, 2010-01-20, 1.0
38.99, 2010-01-21, 1.0
38.62, 2010-01-22, 1.0
38.89, 2010-01-25, 1.0
38.9, 2010-01-26, 1.0
39.02, 2010-01-27, 1.0
38.97, 2010-01-28, 1.0
38.88, 2010-01-29, 1.0
38.61, 2010-02-01, 1.0
38.69, 2010-02-02, 1.0
38.68, 2010-02-03, 1.0
37.926, 2010-02-04, 1.0
37.6, 2010-02-05, 1.0
37.7, 2010-02-08, 1.0
37.79, 2010-02-09, 1.0
37.24, 2010-02-10, 1.0
37.17, 2010-02-11, 1.0
37.27, 2010-02-12, 1.0
37.68, 2010-02-16, 1.0
37.97, 2010-02-17, 1.0
38.4, 2010-02-18, 1.0
38.65, 2010-02-19, 1.0
38.86, 2010-02-22, 1.0
38.51, 2010-02-23, 1.0
38.55, 2010-02-24, 1.0
38.72, 2010-02-25, 1.0
38.79, 2010-02-26, 1.0
38.55, 2010-03-01, 1.0
38.68, 2010-03-02, 1.0
38.93, 2010-03-03, 1.0
38.87, 2010-03-04, 1.0
39.16, 2010-03-05, 1.0
39.35, 2010-03-08, 1.0
39.43, 2010-03-09, 1.0
39.48, 2010-03-10, 1.0
39.46, 2010-03-11, 1.0
39.5, 2010-03-12, 1.0
39.35, 2010-03-15, 1.0
39.43, 2010-03-16, 1.0
39.42, 2010-03-17, 1.0
39.59, 2010-03-18, 1.0
39.43, 2010-03-19, 1.0
39.57, 2010-03-22, 1.0
39.56, 2010-03-23, 1.0
39.52, 2010-03-24, 1.0
39.71, 2010-03-25, 1.0
39.65, 2010-03-26, 1.0
39.77, 2010-03-29, 1.0
39.82, 2010-03-30, 1.0
39.79, 2010-03-31, 1.0
39.51, 2010-04-01, 1.0
39.31, 2010-04-05, 1.0
39.46, 2010-04-06, 1.0
39.5, 2010-04-07, 1.0
39.61, 2010-04-08, 1.0
39.69, 2010-04-09, 1.0
39.66, 2010-04-12, 1.0
39.79, 2010-04-13, 1.0
39.88, 2010-04-14, 1.0
40.09, 2010-04-15, 1.0
39.76, 2010-04-16, 1.0
39.59, 2010-04-19, 1.0
40.05, 2010-04-20, 1.0
40.08, 2010-04-21, 1.0
39.83, 2010-04-22, 1.0
40.13, 2010-04-23, 1.0
40.15, 2010-04-26, 1.0
39.7, 2010-04-27, 1.0
39.92, 2010-04-28, 1.0
40.11, 2010-04-29, 1.0
40.2, 2010-04-30, 1.0
39.92, 2010-05-03, 1.0
39.38, 2010-05-04, 1.0
38.76, 2010-05-05, 1.0
37.7199, 2010-05-06, 1.0
38.02, 2010-05-07, 1.0
38.75, 2010-05-10, 1.0
38.53, 2010-05-11, 1.0
38.95, 2010-05-12, 1.0
38.77, 2010-05-13, 1.0
38.44, 2010-05-14, 1.0
38.5, 2010-05-17, 1.0
38.315, 2010-05-18, 1.0
37.92, 2010-05-19, 1.0
36.43, 2010-05-20, 1.0
37.57, 2010-05-21, 1.0
37.57, 2010-05-24, 1.0
37.5, 2010-05-25, 1.0
36.845, 2010-05-26, 1.0
37.53, 2010-05-27, 1.0
37.81, 2010-05-28, 1.0
37.2, 2010-06-01, 1.0
37.37, 2010-06-02, 1.0
37.35, 2010-06-03, 1.0
37.185, 2010-06-04, 1.0
36.96, 2010-06-07, 1.0
37.005, 2010-06-08, 1.0
37.17, 2010-06-09, 1.0
37.53, 2010-06-10, 1.0
37.38, 2010-06-11, 1.0
37.65, 2010-06-14, 1.0
38.03, 2010-06-15, 1.0
38.18, 2010-06-16, 1.0
38.42, 2010-06-17, 1.0
38.57, 2010-06-18, 1.0
38.71, 2010-06-21, 1.0
38.49, 2010-06-22, 1.0
38.28, 2010-06-23, 1.0
38.08, 2010-06-24, 1.0
38.41, 2010-06-25, 1.0
38.47, 2010-06-28, 1.0
38.02, 2010-06-29, 1.0
37.83, 2010-06-30, 1.0
37.75, 2010-07-01, 1.0
38.0, 2010-07-02, 1.0
38.18, 2010-07-06, 1.0
38.54, 2010-07-07, 1.0
38.75, 2010-07-08, 1.0
38.65, 2010-07-09, 1.0
38.6, 2010-07-12, 1.0
38.9181, 2010-07-13, 1.0
38.76, 2010-07-14, 1.0
38.86, 2010-07-15, 1.0
38.55, 2010-07-16, 1.0
38.73, 2010-07-19, 1.0
38.97, 2010-07-20, 1.0
38.96, 2010-07-21, 1.0
39.1, 2010-07-22, 1.0
39.315, 2010-07-23, 1.0
39.4, 2010-07-26, 1.0
39.44, 2010-07-27, 1.0
39.36, 2010-07-28, 1.0
39.415, 2010-07-29, 1.0
39.418, 2010-07-30, 1.0
39.36, 2010-08-02, 1.0
39.46, 2010-08-03, 1.0
39.37, 2010-08-04, 1.0
39.33, 2010-08-05, 1.0
39.31, 2010-08-06, 1.0
39.3, 2010-08-09, 1.0
39.28, 2010-08-10, 1.0
38.9, 2010-08-11, 1.0
38.67, 2010-08-12, 1.0
38.79, 2010-08-13, 1.0
38.99, 2010-08-16, 1.0
39.04, 2010-08-17, 1.0
39.06, 2010-08-18, 1.0
38.98, 2010-08-19, 1.0
39.1, 2010-08-20, 1.0
39.05, 2010-08-23, 1.0
38.83, 2010-08-24, 1.0
38.81, 2010-08-25, 1.0
38.61, 2010-08-26, 1.0
38.85, 2010-08-27, 1.0
38.81, 2010-08-30, 1.0
38.94, 2010-08-31, 1.0
38.95, 2010-09-01, 1.0
39.02, 2010-09-02, 1.0
39.0, 2010-09-03, 1.0
39.03, 2010-09-07, 1.0
39.05, 2010-09-08, 1.0
39.215, 2010-09-09, 1.0
39.27, 2010-09-10, 1.0
39.49, 2010-09-13, 1.0
39.5, 2010-09-14, 1.0
39.52, 2010-09-15, 1.0
39.65, 2010-09-16, 1.0
39.58, 2010-09-17, 1.0
39.71, 2010-09-20, 1.0
39.6, 2010-09-21, 1.0
39.5, 2010-09-22, 1.0
39.47, 2010-09-23, 1.0
39.66, 2010-09-24, 1.0
39.7, 2010-09-27, 1.0
39.78, 2010-09-28, 1.0
39.86, 2010-09-29, 1.0
40.01, 2010-09-30, 1.0
39.85, 2010-10-01, 1.0
39.75, 2010-10-04, 1.0
39.98, 2010-10-05, 1.0
39.94, 2010-10-06, 1.0
40.17, 2010-10-07, 1.0
40.23, 2010-10-08, 1.0
40.23, 2010-10-11, 1.0
40.19, 2010-10-12, 1.0
40.39, 2010-10-13, 1.0
40.13, 2010-10-14, 1.0
40.17, 2010-10-15, 1.0
40.32, 2010-10-18, 1.0
40.15, 2010-10-19, 1.0
40.42, 2010-10-20, 1.0
40.39, 2010-10-21, 1.0
40.54, 2010-10-22, 1.0
40.66, 2010-10-25, 1.0
40.76, 2010-10-26, 1.0
40.75, 2010-10-27, 1.0
40.8, 2010-10-28, 1.0
40.876, 2010-10-29, 1.0
40.42, 2010-11-01, 1.0
40.64, 2010-11-02, 1.0
40.83, 2010-11-03, 1.0
41.25, 2010-11-04, 1.0
41.12, 2010-11-05, 1.0
40.91, 2010-11-08, 1.0
40.83, 2010-11-09, 1.0
40.59, 2010-11-10, 1.0
40.44, 2010-11-11, 1.0
40.3, 2010-11-12, 1.0
40.23, 2010-11-15, 1.0
39.81, 2010-11-16, 1.0
39.97, 2010-11-17, 1.0
40.4, 2010-11-18, 1.0
40.42, 2010-11-19, 1.0
40.2, 2010-11-22, 1.0
39.64, 2010-11-23, 1.0
39.86, 2010-11-24, 1.0
39.7, 2010-11-26, 1.0
39.91, 2010-11-29, 1.0
39.82, 2010-11-30, 1.0
39.84, 2010-12-01, 1.0
39.84, 2010-12-02, 1.0
40.04, 2010-12-03, 1.0
40.0, 2010-12-06, 1.0
40.1, 2010-12-07, 1.0
40.18, 2010-12-08, 1.0
40.01, 2010-12-09, 1.0
39.95, 2010-12-10, 1.0
39.81, 2010-12-13, 1.0
40.01, 2010-12-14, 1.0
39.81, 2010-12-15, 1.0
39.95, 2010-12-16, 1.0
40.16, 2010-12-17, 1.0
40.23, 2010-12-20, 1.0
40.28, 2010-12-21, 1.0
40.22, 2010-12-22, 1.0
40.4, 2010-12-23, 1.0
40.47, 2010-12-27, 1.0
40.33, 2010-12-28, 1.0
39.63, 2010-12-29, 1.0
39.64, 2010-12-30, 1.0
39.71, 2010-12-31, 1.0
39.87, 2011-01-03, 1.0
39.99, 2011-01-04, 1.0
40.18, 2011-01-05, 1.0
40.2, 2011-01-06, 1.0
40.0, 2011-01-07, 1.0
39.96, 2011-01-10, 1.0
40.08, 2011-01-11, 1.0
40.09, 2011-01-12, 1.0
40.05, 2011-01-13, 1.0
40.18, 2011-01-14, 1.0
40.2, 2011-01-18, 1.0
40.14, 2011-01-19, 1.0
40.15, 2011-01-20, 1.0
40.22, 2011-01-21, 1.0
40.31, 2011-01-24, 1.0
40.31, 2011-01-25, 1.0
40.43, 2011-01-26, 1.0
40.45, 2011-01-27, 1.0
40.23, 2011-01-28, 1.0
40.49, 2011-01-31, 1.0
40.33, 2011-02-01, 1.0
40.32, 2011-02-02, 1.0
40.39, 2011-02-03, 1.0
40.54, 2011-02-04, 1.0
40.63, 2011-02-07, 1.0
40.59, 2011-02-08, 1.0
40.34, 2011-02-09, 1.0
40.39, 2011-02-10, 1.0
40.48, 2011-02-11, 1.0
40.55, 2011-02-14, 1.0
40.51, 2011-02-15, 1.0
40.575, 2011-02-16, 1.0
40.58, 2011-02-17, 1.0
40.72, 2011-02-18, 1.0
40.41, 2011-02-22, 1.0
40.45, 2011-02-23, 1.0
40.448, 2011-02-24, 1.0
40.62, 2011-02-25, 1.0
40.78, 2011-02-28, 1.0
40.33, 2011-03-01, 1.0
40.43, 2011-03-02, 1.0
40.63, 2011-03-03, 1.0
40.49, 2011-03-04, 1.0
40.57, 2011-03-07, 1.0
40.5275, 2011-03-08, 1.0
40.39, 2011-03-09, 1.0
40.228, 2011-03-10, 1.0
40.28, 2011-03-11, 1.0
40.14, 2011-03-14, 1.0
39.87, 2011-03-15, 1.0
39.58, 2011-03-16, 1.0
40.02, 2011-03-17, 1.0
40.23, 2011-03-18, 1.0
40.45, 2011-03-21, 1.0
40.46, 2011-03-22, 1.0
40.39, 2011-03-23, 1.0
40.42, 2011-03-24, 1.0
40.4, 2011-03-25, 1.0
40.4, 2011-03-28, 1.0
40.42, 2011-03-29, 1.0
40.52, 2011-03-30, 1.0
40.51, 2011-03-31, 1.0
40.21, 2011-04-01, 1.0
40.51, 2011-04-04, 1.0
40.4, 2011-04-05, 1.0
40.5, 2011-04-06, 1.0
40.56, 2011-04-07, 1.0
40.51, 2011-04-08, 1.0
40.46, 2011-04-11, 1.0
40.34, 2011-04-12, 1.0
40.56, 2011-04-13, 1.0
40.41, 2011-04-14, 1.0
40.49, 2011-04-15, 1.0
40.29, 2011-04-18, 1.0
40.46, 2011-04-19, 1.0
40.57, 2011-04-20, 1.0
40.71, 2011-04-21, 1.0
40.67, 2011-04-25, 1.0
40.75, 2011-04-26, 1.0
40.73, 2011-04-27, 1.0
40.81, 2011-04-28, 1.0
40.9, 2011-04-29, 1.0
40.64, 2011-05-02, 1.0
40.66, 2011-05-03, 1.0
40.63, 2011-05-04, 1.0
40.49, 2011-05-05, 1.0
40.72, 2011-05-06, 1.0
40.71, 2011-05-09, 1.0
40.78, 2011-05-10, 1.0
40.71, 2011-05-11, 1.0
40.74, 2011-05-12, 1.0
40.63, 2011-05-13, 1.0
40.69, 2011-05-16, 1.0
40.77, 2011-05-17, 1.0
40.84, 2011-05-18, 1.0
40.8, 2011-05-19, 1.0
40.81, 2011-05-20, 1.0
40.66, 2011-05-23, 1.0
40.52, 2011-05-24, 1.0
40.57, 2011-05-25, 1.0
40.57, 2011-05-26, 1.0
40.77, 2011-05-27, 1.0
40.88, 2011-05-31, 1.0
40.31, 2011-06-01, 1.0
40.32, 2011-06-02, 1.0
40.05, 2011-06-03, 1.0
39.96, 2011-06-06, 1.0
40.02, 2011-06-07, 1.0
39.88, 2011-06-08, 1.0
39.92, 2011-06-09, 1.0
39.52, 2011-06-10, 1.0
39.411, 2011-06-13, 1.0
39.73, 2011-06-14, 1.0
39.52, 2011-06-15, 1.0
38.78, 2011-06-16, 1.0
39.38, 2011-06-17, 1.0
39.49, 2011-06-20, 1.0
39.75, 2011-06-21, 1.0
39.42, 2011-06-22, 1.0
39.59, 2011-06-23, 1.0
39.45, 2011-06-24, 1.0
39.47, 2011-06-27, 1.0
39.68, 2011-06-28, 1.0
39.93, 2011-06-29, 1.0
40.22, 2011-06-30, 1.0
40.28, 2011-07-01, 1.0
40.24, 2011-07-05, 1.0
40.16, 2011-07-06, 1.0
40.39, 2011-07-07, 1.0
40.35, 2011-07-08, 1.0
39.96, 2011-07-11, 1.0
39.86, 2011-07-12, 1.0
40.1, 2011-07-13, 1.0
40.15, 2011-07-14, 1.0
40.11, 2011-07-15, 1.0
39.96, 2011-07-18, 1.0
40.19, 2011-07-19, 1.0
40.23, 2011-07-20, 1.0
40.45, 2011-07-21, 1.0
40.44, 2011-07-22, 1.0
40.28, 2011-07-25, 1.0
40.4, 2011-07-26, 1.0
40.11, 2011-07-27, 1.0
40.25, 2011-07-28, 1.0
40.25, 2011-07-29, 1.0
40.185, 2011-08-01, 1.0
39.68, 2011-08-02, 1.0
39.59, 2011-08-03, 1.0
38.39, 2011-08-04, 1.0
38.34, 2011-08-05, 1.0
36.71, 2011-08-08, 1.0
37.69, 2011-08-09, 1.0
37.16, 2011-08-10, 1.0
37.8, 2011-08-11, 1.0
37.69, 2011-08-12, 1.0
38.27, 2011-08-15, 1.0
38.03, 2011-08-16, 1.0
38.44, 2011-08-17, 1.0
38.05, 2011-08-18, 1.0
37.86, 2011-08-19, 1.0
37.68, 2011-08-22, 1.0
38.01, 2011-08-23, 1.0
37.86, 2011-08-24, 1.0
37.515, 2011-08-25, 1.0
37.86, 2011-08-26, 1.0
38.34, 2011-08-29, 1.0
38.29, 2011-08-30, 1.0
38.79, 2011-08-31, 1.0
38.47, 2011-09-01, 1.0
38.32, 2011-09-02, 1.0
37.86, 2011-09-06, 1.0
38.2, 2011-09-07, 1.0
38.18, 2011-09-08, 1.0
37.74, 2011-09-09, 1.0
37.63, 2011-09-12, 1.0
37.95, 2011-09-13, 1.0
38.07, 2011-09-14, 1.0
38.22, 2011-09-15, 1.0
38.16, 2011-09-16, 1.0
38.1, 2011-09-19, 1.0
38.1, 2011-09-20, 1.0
37.77, 2011-09-21, 1.0
37.28, 2011-09-22, 1.0
37.27, 2011-09-23, 1.0
37.48, 2011-09-26, 1.0
37.42, 2011-09-27, 1.0
36.88, 2011-09-28, 1.0
36.91, 2011-09-29, 1.0
36.19, 2011-09-30, 1.0
35.65, 2011-10-03, 1.0
35.34, 2011-10-04, 1.0
35.51, 2011-10-05, 1.0
36.1, 2011-10-06, 1.0
36.16, 2011-10-07, 1.0
37.04, 2011-10-10, 1.0
36.59, 2011-10-11, 1.0
37.48, 2011-10-12, 1.0
37.43, 2011-10-13, 1.0
37.59, 2011-10-14, 1.0
37.44, 2011-10-17, 1.0
37.74, 2011-10-18, 1.0
37.6187, 2011-10-19, 1.0
37.92, 2011-10-20, 1.0
38.4, 2011-10-21, 1.0
39.51, 2011-10-24, 1.0
38.72, 2011-10-25, 1.0
38.7, 2011-10-26, 1.0
39.3, 2011-10-27, 1.0
39.2, 2011-10-28, 1.0
38.97, 2011-10-31, 1.0
38.06, 2011-11-01, 1.0
38.44, 2011-11-02, 1.0
38.82, 2011-11-03, 1.0
38.8, 2011-11-04, 1.0
38.57, 2011-11-07, 1.0
38.67, 2011-11-08, 1.0
38.04, 2011-11-09, 1.0
37.98, 2011-11-10, 1.0
38.46, 2011-11-11, 1.0
38.18, 2011-11-14, 1.0
38.08, 2011-11-15, 1.0
37.79, 2011-11-16, 1.0
37.63, 2011-11-17, 1.0
37.66, 2011-11-18, 1.0
37.26, 2011-11-21, 1.0
37.0, 2011-11-22, 1.0
36.43, 2011-11-23, 1.0
36.43, 2011-11-25, 1.0
37.15, 2011-11-28, 1.0
37.269, 2011-11-29, 1.0
37.88, 2011-11-30, 1.0
37.68, 2011-12-01, 1.0
37.91, 2011-12-02, 1.0
38.11, 2011-12-05, 1.0
38.3, 2011-12-06, 1.0
38.03, 2011-12-07, 1.0
37.87, 2011-12-08, 1.0
38.17, 2011-12-09, 1.0
38.06, 2011-12-12, 1.0
37.88, 2011-12-13, 1.0
37.8, 2011-12-14, 1.0
37.95, 2011-12-15, 1.0
38.09, 2011-12-16, 1.0
38.04, 2011-12-19, 1.0
38.51, 2011-12-20, 1.0
38.65, 2011-12-21, 1.0
38.69, 2011-12-22, 1.0
38.85, 2011-12-23, 1.0
38.94, 2011-12-27, 1.0
38.3, 2011-12-28, 1.0
38.5, 2011-12-29, 1.0
38.45, 2011-12-30, 1.0
38.66, 2012-01-03, 1.0
38.64, 2012-01-04, 1.0
38.5, 2012-01-05, 1.0
38.47, 2012-01-06, 1.0
38.47, 2012-01-09, 1.0
38.66, 2012-01-10, 1.0
38.6, 2012-01-11, 1.0
38.6, 2012-01-12, 1.0
38.6, 2012-01-13, 1.0
38.57, 2012-01-17, 1.0
38.79, 2012-01-18, 1.0
38.9, 2012-01-19, 1.0
38.96, 2012-01-20, 1.0
39.12, 2012-01-23, 1.0
39.15, 2012-01-24, 1.0
39.49, 2012-01-25, 1.0
39.58, 2012-01-26, 1.0
39.46, 2012-01-27, 1.0
39.46, 2012-01-30, 1.0
39.47, 2012-01-31, 1.0
39.4, 2012-02-01, 1.0
39.39, 2012-02-02, 1.0
39.49, 2012-02-03, 1.0
39.5, 2012-02-06, 1.0
39.57, 2012-02-07, 1.0
39.6, 2012-02-08, 1.0
39.68, 2012-02-09, 1.0
39.47, 2012-02-10, 1.0
39.47, 2012-02-13, 1.0
39.43, 2012-02-14, 1.0
39.26, 2012-02-15, 1.0
39.41, 2012-02-16, 1.0
39.45, 2012-02-17, 1.0
39.58, 2012-02-21, 1.0
39.68, 2012-02-22, 1.0
39.92, 2012-02-23, 1.0
39.96, 2012-02-24, 1.0
39.94, 2012-02-27, 1.0
40.08, 2012-02-28, 1.0
40.09, 2012-02-29, 1.0
39.88, 2012-03-01, 1.0
39.76, 2012-03-02, 1.0
39.66, 2012-03-05, 1.0
39.2, 2012-03-06, 1.0
39.27, 2012-03-07, 1.0
39.59, 2012-03-08, 1.0
39.59, 2012-03-09, 1.0
39.53, 2012-03-12, 1.0
39.85, 2012-03-13, 1.0
39.74, 2012-03-14, 1.0
39.62, 2012-03-15, 1.0
39.57, 2012-03-16, 1.0
39.68, 2012-03-19, 1.0
39.62, 2012-03-20, 1.0
39.56, 2012-03-21, 1.0
39.54, 2012-03-22, 1.0
39.41, 2012-03-23, 1.0
39.69, 2012-03-26, 1.0
39.73, 2012-03-27, 1.0
39.5, 2012-03-28, 1.0
39.5, 2012-03-29, 1.0
39.37, 2012-03-30, 1.0
39.22, 2012-04-02, 1.0
39.21, 2012-04-03, 1.0
39.16, 2012-04-04, 1.0
38.97, 2012-04-05, 1.0
38.83, 2012-04-09, 1.0
38.69, 2012-04-10, 1.0
38.92, 2012-04-11, 1.0
39.2, 2012-04-12, 1.0
39.07, 2012-04-13, 1.0
39.13, 2012-04-16, 1.0
39.325, 2012-04-17, 1.0
39.32, 2012-04-18, 1.0
39.21, 2012-04-19, 1.0
39.29, 2012-04-20, 1.0
39.26, 2012-04-23, 1.0
39.33, 2012-04-24, 1.0
39.63, 2012-04-25, 1.0
39.67, 2012-04-26, 1.0
39.61, 2012-04-27, 1.0
39.73, 2012-04-30, 1.0
39.62, 2012-05-01, 1.0
39.65, 2012-05-02, 1.0
39.59, 2012-05-03, 1.0
39.598, 2012-05-04, 1.0
39.62, 2012-05-07, 1.0
39.62, 2012-05-08, 1.0
39.47, 2012-05-09, 1.0
39.47, 2012-05-10, 1.0
39.55, 2012-05-11, 1.0
39.23, 2012-05-14, 1.0
39.06, 2012-05-15, 1.0
38.69, 2012-05-16, 1.0
38.19, 2012-05-17, 1.0
38.22, 2012-05-18, 1.0
38.48, 2012-05-21, 1.0
38.45, 2012-05-22, 1.0
38.42, 2012-05-23, 1.0
38.44, 2012-05-24, 1.0
38.39, 2012-05-25, 1.0
38.71, 2012-05-29, 1.0
38.52, 2012-05-30, 1.0
38.11, 2012-05-31, 1.0
37.59, 2012-06-01, 1.0
37.65, 2012-06-04, 1.0
37.79, 2012-06-05, 1.0
38.12, 2012-06-06, 1.0
38.26, 2012-06-07, 1.0
38.36, 2012-06-08, 1.0
38.16, 2012-06-11, 1.0
38.46, 2012-06-12, 1.0
38.36, 2012-06-13, 1.0
38.55, 2012-06-14, 1.0
38.68, 2012-06-15, 1.0
38.61, 2012-06-18, 1.0
38.95, 2012-06-19, 1.0
39.08, 2012-06-20, 1.0
38.855, 2012-06-21, 1.0
39.03, 2012-06-22, 1.0
39.01, 2012-06-25, 1.0
38.97, 2012-06-26, 1.0
39.19, 2012-06-27, 1.0
39.17, 2012-06-28, 1.0
39.46, 2012-06-29, 1.0
39.3, 2012-07-02, 1.0
39.48, 2012-07-03, 1.0
39.44, 2012-07-05, 1.0
39.41, 2012-07-06, 1.0
39.45, 2012-07-09, 1.0
39.31, 2012-07-10, 1.0
39.49, 2012-07-11, 1.0
39.34, 2012-07-12, 1.0
39.49, 2012-07-13, 1.0
39.39, 2012-07-16, 1.0
39.58, 2012-07-17, 1.0
39.78, 2012-07-18, 1.0
39.845, 2012-07-19, 1.0
39.61, 2012-07-20, 1.0
39.65, 2012-07-23, 1.0
39.4, 2012-07-24, 1.0
39.33, 2012-07-25, 1.0
39.65, 2012-07-26, 1.0
39.82, 2012-07-27, 1.0
39.83, 2012-07-30, 1.0
39.88, 2012-07-31, 1.0
39.78, 2012-08-01, 1.0
39.63, 2012-08-02, 1.0
39.83, 2012-08-03, 1.0
39.8, 2012-08-06, 1.0
39.728, 2012-08-07, 1.0
39.77, 2012-08-08, 1.0
39.8, 2012-08-09, 1.0
39.75, 2012-08-10, 1.0
39.78, 2012-08-13, 1.0
39.81, 2012-08-14, 1.0
39.64, 2012-08-15, 1.0
39.73, 2012-08-16, 1.0
39.75, 2012-08-17, 1.0
39.78, 2012-08-20, 1.0
39.89, 2012-08-21, 1.0
39.89, 2012-08-22, 1.0
39.85, 2012-08-23, 1.0
39.99, 2012-08-24, 1.0
39.98, 2012-08-27, 1.0
39.96, 2012-08-28, 1.0
40.02, 2012-08-29, 1.0
40.03, 2012-08-30, 1.0
40.14, 2012-08-31, 1.0
39.86, 2012-09-04, 1.0
39.88, 2012-09-05, 1.0
40.08, 2012-09-06, 1.0
40.18, 2012-09-07, 1.0
40.19, 2012-09-10, 1.0
40.38, 2012-09-11, 1.0
40.54, 2012-09-12, 1.0
40.73, 2012-09-13, 1.0
40.77, 2012-09-14, 1.0
40.76, 2012-09-17, 1.0
40.75, 2012-09-18, 1.0
40.71, 2012-09-19, 1.0
40.54, 2012-09-20, 1.0
40.52, 2012-09-21, 1.0
40.48, 2012-09-24, 1.0
40.2, 2012-09-25, 1.0
40.03, 2012-09-26, 1.0
40.3, 2012-09-27, 1.0
40.21, 2012-09-28, 1.0
39.98, 2012-10-01, 1.0
39.98, 2012-10-02, 1.0
40.0, 2012-10-03, 1.0
40.18, 2012-10-04, 1.0
40.2, 2012-10-05, 1.0
40.19, 2012-10-08, 1.0
40.13, 2012-10-09, 1.0
40.07, 2012-10-10, 1.0
40.21, 2012-10-11, 1.0
40.25, 2012-10-12, 1.0
40.46, 2012-10-15, 1.0
40.53, 2012-10-16, 1.0
40.65, 2012-10-17, 1.0
40.6, 2012-10-18, 1.0
40.4196, 2012-10-19, 1.0
40.49, 2012-10-22, 1.0
40.4, 2012-10-23, 1.0
40.29, 2012-10-24, 1.0
40.34, 2012-10-25, 1.0
40.28, 2012-10-26, 1.0
40.3398, 2012-10-31, 1.0
40.27, 2012-11-01, 1.0
40.22, 2012-11-02, 1.0
40.21, 2012-11-05, 1.0
40.25, 2012-11-06, 1.0
40.0609, 2012-11-07, 1.0
39.9327, 2012-11-08, 1.0
39.93, 2012-11-09, 1.0
39.89, 2012-11-12, 1.0
39.77, 2012-11-13, 1.0
39.66, 2012-11-14, 1.0
39.7, 2012-11-15, 1.0
39.74, 2012-11-16, 1.0
40.01, 2012-11-19, 1.0
40.06, 2012-11-20, 1.0
40.05, 2012-11-21, 1.0
40.22, 2012-11-23, 1.0
40.14, 2012-11-26, 1.0
40.26, 2012-11-27, 1.0
40.29, 2012-11-28, 1.0
40.44, 2012-11-29, 1.0
40.56, 2012-11-30, 1.0
40.49, 2012-12-03, 1.0
40.49, 2012-12-04, 1.0
40.52, 2012-12-05, 1.0
40.645, 2012-12-06, 1.0
40.62, 2012-12-07, 1.0
40.68, 2012-12-10, 1.0
40.76, 2012-12-11, 1.0
40.87, 2012-12-12, 1.0
40.75, 2012-12-13, 1.0
40.76, 2012-12-14, 1.0
40.94, 2012-12-17, 1.0
40.94, 2012-12-18, 1.0
40.87, 2012-12-19, 1.0
40.97, 2012-12-20, 1.0
40.88, 2012-12-21, 1.0
40.69, 2012-12-24, 1.0
40.82, 2012-12-26, 1.0
40.66, 2012-12-27, 1.0
40.55, 2012-12-28, 1.0
40.71, 2012-12-31, 1.0
41.03, 2013-01-02, 1.0
40.94, 2013-01-03, 1.0
40.99, 2013-01-04, 1.0
41.08, 2013-01-07, 1.0
41.07, 2013-01-08, 1.0
41.13, 2013-01-09, 1.0
41.2, 2013-01-10, 1.0
41.21, 2013-01-11, 1.0
41.21, 2013-01-14, 1.0
41.21, 2013-01-15, 1.0
41.11, 2013-01-16, 1.0
41.27, 2013-01-17, 1.0
41.33, 2013-01-18, 1.0
41.36, 2013-01-22, 1.0
41.31, 2013-01-23, 1.0
41.36, 2013-01-24, 1.0
41.36, 2013-01-25, 1.0
41.37, 2013-01-28, 1.0
41.23, 2013-01-29, 1.0
40.87, 2013-01-30, 1.0
40.82, 2013-01-31, 1.0
40.72, 2013-02-01, 1.0
40.55, 2013-02-04, 1.0
40.66, 2013-02-05, 1.0
40.56, 2013-02-06, 1.0
40.43, 2013-02-07, 1.0
40.45, 2013-02-08, 1.0
40.48, 2013-02-11, 1.0
40.61, 2013-02-12, 1.0
40.66, 2013-02-13, 1.0
40.75, 2013-02-14, 1.0
40.66, 2013-02-15, 1.0
40.79, 2013-02-19, 1.0
40.74, 2013-02-20, 1.0
40.78, 2013-02-21, 1.0
40.83, 2013-02-22, 1.0
40.75, 2013-02-25, 1.0
40.92, 2013-02-26, 1.0
40.96, 2013-02-27, 1.0
40.895, 2013-02-28, 1.0
40.83, 2013-03-01, 1.0
40.78, 2013-03-04, 1.0
40.84, 2013-03-05, 1.0
40.855, 2013-03-06, 1.0
40.89, 2013-03-07, 1.0
40.895, 2013-03-08, 1.0
40.91, 2013-03-11, 1.0
40.905, 2013-03-12, 1.0
41.02, 2013-03-13, 1.0
41.05, 2013-03-14, 1.0
41.079, 2013-03-15, 1.0
41.08, 2013-03-18, 1.0
41.02, 2013-03-19, 1.0
41.12, 2013-03-20, 1.0
41.06, 2013-03-21, 1.0
41.04, 2013-03-22, 1.0
41.01, 2013-03-25, 1.0
41.07, 2013-03-26, 1.0
41.05, 2013-03-27, 1.0
41.11, 2013-03-28, 1.0
40.95, 2013-04-01, 1.0
40.92, 2013-04-02, 1.0
40.92, 2013-04-03, 1.0
40.84, 2013-04-04, 1.0
40.9, 2013-04-05, 1.0
40.93, 2013-04-08, 1.0
40.99, 2013-04-09, 1.0
41.19, 2013-04-10, 1.0
41.17, 2013-04-11, 1.0
41.22, 2013-04-12, 1.0
41.0, 2013-04-15, 1.0
41.23, 2013-04-16, 1.0
41.14, 2013-04-17, 1.0
41.06, 2013-04-18, 1.0
41.11, 2013-04-19, 1.0
41.24, 2013-04-22, 1.0
41.37, 2013-04-23, 1.0
41.45, 2013-04-24, 1.0
41.5, 2013-04-25, 1.0
41.52, 2013-04-26, 1.0
41.62, 2013-04-29, 1.0
41.75, 2013-04-30, 1.0
41.48, 2013-05-01, 1.0
41.7, 2013-05-02, 1.0
41.74, 2013-05-03, 1.0
41.8, 2013-05-06, 1.0
41.79, 2013-05-07, 1.0
41.94, 2013-05-08, 1.0
41.8, 2013-05-09, 1.0
41.64, 2013-05-10, 1.0
41.52, 2013-05-13, 1.0
41.52, 2013-05-14, 1.0
41.47, 2013-05-15, 1.0
41.49, 2013-05-16, 1.0
41.56, 2013-05-17, 1.0
41.61, 2013-05-20, 1.0
41.66, 2013-05-21, 1.0
41.49, 2013-05-22, 1.0
41.35, 2013-05-23, 1.0
41.25, 2013-05-24, 1.0
41.16, 2013-05-28, 1.0
41.03, 2013-05-29, 1.0
41.07, 2013-05-30, 1.0
40.58, 2013-05-31, 1.0
40.34, 2013-06-03, 1.0
40.28, 2013-06-04, 1.0
39.97, 2013-06-05, 1.0
40.25, 2013-06-06, 1.0
40.24, 2013-06-07, 1.0
40.26, 2013-06-10, 1.0
40.03, 2013-06-11, 1.0
39.89, 2013-06-12, 1.0
40.31, 2013-06-13, 1.0
40.22, 2013-06-14, 1.0
40.32, 2013-06-17, 1.0
40.42, 2013-06-18, 1.0
39.91, 2013-06-19, 1.0
39.485, 2013-06-20, 1.0
39.14, 2013-06-21, 1.0
38.7, 2013-06-24, 1.0
39.18, 2013-06-25, 1.0
39.38, 2013-06-26, 1.0
39.62, 2013-06-27, 1.0
39.49, 2013-06-28, 1.0
39.45, 2013-07-01, 1.0
39.35, 2013-07-02, 1.0
39.5, 2013-07-03, 1.0
38.99, 2013-07-05, 1.0
39.49, 2013-07-08, 1.0
39.48, 2013-07-09, 1.0
39.68, 2013-07-10, 1.0
40.13, 2013-07-11, 1.0
40.14, 2013-07-12, 1.0
40.3, 2013-07-15, 1.0
40.2, 2013-07-16, 1.0
40.46, 2013-07-17, 1.0
40.73, 2013-07-18, 1.0
40.71, 2013-07-19, 1.0
40.8, 2013-07-22, 1.0
40.68, 2013-07-23, 1.0
40.39, 2013-07-24, 1.0
40.32, 2013-07-25, 1.0
40.39, 2013-07-26, 1.0
40.21, 2013-07-29, 1.0
40.15, 2013-07-30, 1.0
40.28, 2013-07-31, 1.0
39.81, 2013-08-01, 1.0
40.03, 2013-08-02, 1.0
39.82, 2013-08-05, 1.0
39.8, 2013-08-06, 1.0
39.74, 2013-08-07, 1.0
39.81, 2013-08-08, 1.0
39.83, 2013-08-09, 1.0
39.81, 2013-08-12, 1.0
39.76, 2013-08-13, 1.0
39.73, 2013-08-14, 1.0
39.55, 2013-08-15, 1.0
39.42, 2013-08-16, 1.0
39.15, 2013-08-19, 1.0
39.47, 2013-08-20, 1.0
39.32, 2013-08-21, 1.0
39.54, 2013-08-22, 1.0
39.65, 2013-08-23, 1.0
39.62, 2013-08-26, 1.0
39.43, 2013-08-27, 1.0
39.58, 2013-08-28, 1.0
39.69, 2013-08-29, 1.0
39.67, 2013-08-30, 1.0
39.34, 2013-09-03, 1.0
39.41, 2013-09-04, 1.0
39.25, 2013-09-05, 1.0
39.37, 2013-09-06, 1.0
39.51, 2013-09-09, 1.0
39.58, 2013-09-10, 1.0
39.65, 2013-09-11, 1.0
39.61, 2013-09-12, 1.0
39.591, 2013-09-13, 1.0
39.78, 2013-09-16, 1.0
39.9, 2013-09-17, 1.0
40.26, 2013-09-18, 1.0
40.14, 2013-09-19, 1.0
40.05, 2013-09-20, 1.0
40.11, 2013-09-23, 1.0
40.0, 2013-09-24, 1.0
39.97, 2013-09-25, 1.0
39.96, 2013-09-26, 1.0
39.91, 2013-09-27, 1.0
39.845, 2013-09-30, 1.0
39.73, 2013-10-01, 1.0
39.77, 2013-10-02, 1.0
39.81, 2013-10-03, 1.0
39.93, 2013-10-04, 1.0
39.795, 2013-10-07, 1.0
39.81, 2013-10-08, 1.0
39.85, 2013-10-09, 1.0
40.02, 2013-10-10, 1.0
40.08, 2013-10-11, 1.0
40.12, 2013-10-14, 1.0
40.1, 2013-10-15, 1.0
40.23, 2013-10-16, 1.0
40.43, 2013-10-17, 1.0
40.54, 2013-10-18, 1.0
40.5, 2013-10-21, 1.0
40.6, 2013-10-22, 1.0
40.65, 2013-10-23, 1.0
40.63, 2013-10-24, 1.0
40.67, 2013-10-25, 1.0
40.7, 2013-10-28, 1.0
40.73, 2013-10-29, 1.0
40.65, 2013-10-30, 1.0
40.63, 2013-10-31, 1.0
40.43, 2013-11-01, 1.0
40.49, 2013-11-04, 1.0
40.37, 2013-11-05, 1.0
40.45, 2013-11-06, 1.0
40.53, 2013-11-07, 1.0
40.43, 2013-11-08, 1.0
40.27, 2013-11-11, 1.0
40.22, 2013-11-12, 1.0
40.36, 2013-11-13, 1.0
40.43, 2013-11-14, 1.0
40.529, 2013-11-15, 1.0
40.475, 2013-11-18, 1.0
40.46, 2013-11-19, 1.0
40.415, 2013-11-20, 1.0
40.54, 2013-11-21, 1.0
40.58, 2013-11-22, 1.0
40.65, 2013-11-25, 1.0
40.67, 2013-11-26, 1.0
40.67, 2013-11-27, 1.0
40.75, 2013-11-29, 1.0
40.49, 2013-12-02, 1.0
40.48, 2013-12-03, 1.0
40.37, 2013-12-04, 1.0
40.35, 2013-12-05, 1.0
40.48, 2013-12-06, 1.0
40.61, 2013-12-09, 1.0
40.59, 2013-12-10, 1.0
40.52, 2013-12-11, 1.0
40.49, 2013-12-12, 1.0
40.49, 2013-12-13, 1.0
40.57, 2013-12-16, 1.0
40.63, 2013-12-17, 1.0
40.63, 2013-12-18, 1.0
40.58, 2013-12-19, 1.0
40.61, 2013-12-20, 1.0
40.65, 2013-12-23, 1.0
40.68, 2013-12-24, 1.0
40.7, 2013-12-26, 1.0
40.5, 2013-12-27, 1.0
40.51, 2013-12-30, 1.0
40.56, 2013-12-31, 1.0
40.53, 2014-01-02, 1.0
40.56, 2014-01-03, 1.0
40.64, 2014-01-06, 1.0
40.645, 2014-01-07, 1.0
40.64, 2014-01-08, 1.0
40.69, 2014-01-09, 1.0
40.79, 2014-01-10, 1.0
40.78, 2014-01-13, 1.0
40.82, 2014-01-14, 1.0
40.89, 2014-01-15, 1.0
40.9, 2014-01-16, 1.0
40.94, 2014-01-17, 1.0
40.95, 2014-01-21, 1.0
40.92, 2014-01-22, 1.0
40.89, 2014-01-23, 1.0
40.59, 2014-01-24, 1.0
40.57, 2014-01-27, 1.0
40.8, 2014-01-28, 1.0
40.72, 2014-01-29, 1.0
40.81, 2014-01-30, 1.0
40.79, 2014-01-31, 1.0
40.42, 2014-02-03, 1.0
40.41, 2014-02-04, 1.0
40.42, 2014-02-05, 1.0
40.55, 2014-02-06, 1.0
40.73, 2014-02-07, 1.0
40.74, 2014-02-10, 1.0
40.84, 2014-02-11, 1.0
40.81, 2014-02-12, 1.0
40.88, 2014-02-13, 1.0
40.96, 2014-02-14, 1.0
41.0, 2014-02-18, 1.0
40.96, 2014-02-19, 1.0
41.08, 2014-02-20, 1.0
41.15, 2014-02-21, 1.0
41.22, 2014-02-24, 1.0
41.31, 2014-02-25, 1.0
41.35, 2014-02-26, 1.0
41.43, 2014-02-27, 1.0
41.53, 2014-02-28, 1.0
41.25, 2014-03-03, 1.0
41.35, 2014-03-04, 1.0
41.32, 2014-03-05, 1.0
41.22, 2014-03-06, 1.0
41.1, 2014-03-07, 1.0
41.08, 2014-03-10, 1.0
41.1, 2014-03-11, 1.0
41.11, 2014-03-12, 1.0
41.05, 2014-03-13, 1.0
40.99, 2014-03-14, 1.0
41.03, 2014-03-17, 1.0
41.16, 2014-03-18, 1.0
41.02, 2014-03-19, 1.0
41.16, 2014-03-20, 1.0
41.12, 2014-03-21, 1.0
41.21, 2014-03-24, 1.0
41.23, 2014-03-25, 1.0
41.2, 2014-03-26, 1.0
41.22, 2014-03-27, 1.0
41.27, 2014-03-28, 1.0
41.32, 2014-03-31, 1.0
41.14, 2014-04-01, 1.0
41.14, 2014-04-02, 1.0
41.15, 2014-04-03, 1.0
41.22, 2014-04-04, 1.0
41.17, 2014-04-07, 1.0
41.26, 2014-04-08, 1.0
41.3, 2014-04-09, 1.0
41.2, 2014-04-10, 1.0
41.05, 2014-04-11, 1.0
41.22, 2014-04-14, 1.0
41.24, 2014-04-15, 1.0
41.29, 2014-04-16, 1.0
41.22, 2014-04-17, 1.0
41.24, 2014-04-21, 1.0
41.27, 2014-04-22, 1.0
41.28, 2014-04-23, 1.0
41.26, 2014-04-24, 1.0
41.27, 2014-04-25, 1.0
41.33, 2014-04-28, 1.0
41.32, 2014-04-29, 1.0
41.35, 2014-04-30, 1.0
41.18, 2014-05-01, 1.0
41.22, 2014-05-02, 1.0
41.16, 2014-05-05, 1.0
41.24, 2014-05-06, 1.0
41.28, 2014-05-07, 1.0
41.24, 2014-05-08, 1.0
41.29, 2014-05-09, 1.0
41.36, 2014-05-12, 1.0
41.38, 2014-05-13, 1.0
41.4, 2014-05-14, 1.0
41.37, 2014-05-15, 1.0
41.43, 2014-05-16, 1.0
41.44, 2014-05-19, 1.0
41.42, 2014-05-20, 1.0
41.43, 2014-05-21, 1.0
41.39, 2014-05-22, 1.0
41.44, 2014-05-23, 1.0
41.45, 2014-05-27, 1.0
41.44, 2014-05-28, 1.0
41.51, 2014-05-29, 1.0
41.53, 2014-05-30, 1.0
41.31, 2014-06-02, 1.0
41.29, 2014-06-03, 1.0
41.32, 2014-06-04, 1.0
41.41, 2014-06-05, 1.0
41.5, 2014-06-06, 1.0
41.54, 2014-06-09, 1.0
41.57, 2014-06-10, 1.0
41.53, 2014-06-11, 1.0
41.53, 2014-06-12, 1.0
41.6, 2014-06-13, 1.0
41.59, 2014-06-16, 1.0
41.59, 2014-06-17, 1.0
41.73, 2014-06-18, 1.0
41.71, 2014-06-19, 1.0
41.76, 2014-06-20, 1.0
41.78, 2014-06-23, 1.0
41.8, 2014-06-24, 1.0
41.76, 2014-06-25, 1.0
41.74, 2014-06-26, 1.0
41.745, 2014-06-27, 1.0
41.73, 2014-06-30, 1.0
41.57, 2014-07-01, 1.0
41.57, 2014-07-02, 1.0
41.58, 2014-07-03, 1.0
41.54, 2014-07-07, 1.0
41.5325, 2014-07-08, 1.0
41.52, 2014-07-09, 1.0
41.36, 2014-07-10, 1.0
41.39, 2014-07-11, 1.0
41.42, 2014-07-14, 1.0
41.38, 2014-07-15, 1.0
41.31, 2014-07-16, 1.0
41.14, 2014-07-17, 1.0
41.14, 2014-07-18, 1.0
41.09, 2014-07-21, 1.0
41.15, 2014-07-22, 1.0
41.28, 2014-07-23, 1.0
41.29, 2014-07-24, 1.0
41.18, 2014-07-25, 1.0
41.13, 2014-07-28, 1.0
41.11, 2014-07-29, 1.0
40.95, 2014-07-30, 1.0
40.55, 2014-07-31, 1.0
40.27, 2014-08-01, 1.0
40.54, 2014-08-04, 1.0
40.47, 2014-08-05, 1.0
40.54, 2014-08-06, 1.0
40.52, 2014-08-07, 1.0
40.69, 2014-08-08, 1.0
40.89, 2014-08-11, 1.0
40.91, 2014-08-12, 1.0
41.04, 2014-08-13, 1.0
41.15, 2014-08-14, 1.0
41.18, 2014-08-15, 1.0
41.31, 2014-08-18, 1.0
41.12, 2014-08-19, 1.0
41.34, 2014-08-20, 1.0
41.33, 2014-08-21, 1.0
41.26, 2014-08-22, 1.0
41.39, 2014-08-25, 1.0
41.42, 2014-08-26, 1.0
41.38, 2014-08-27, 1.0
41.37, 2014-08-28, 1.0
41.37, 2014-08-29, 1.0
41.24, 2014-09-02, 1.0
41.12, 2014-09-03, 1.0
40.98, 2014-09-04, 1.0
40.94, 2014-09-05, 1.0
40.9, 2014-09-08, 1.0
40.7, 2014-09-09, 1.0
40.68, 2014-09-10, 1.0
40.64, 2014-09-11, 1.0
40.61, 2014-09-12, 1.0
40.55, 2014-09-15, 1.0
40.57, 2014-09-16, 1.0
40.64, 2014-09-17, 1.0
40.67, 2014-09-18, 1.0
40.74, 2014-09-19, 1.0
40.68, 2014-09-22, 1.0
40.5, 2014-09-23, 1.0
40.34, 2014-09-24, 1.0
40.14, 2014-09-25, 1.0
40.09, 2014-09-26, 1.0
39.98, 2014-09-29, 1.0
40.18, 2014-09-30, 1.0
40.08, 2014-10-01, 1.0
40.08, 2014-10-02, 1.0
40.24, 2014-10-03, 1.0
40.27, 2014-10-06, 1.0
40.14, 2014-10-07, 1.0
40.26, 2014-10-08, 1.0
39.85, 2014-10-09, 1.0
39.48, 2014-10-10, 1.0
39.36, 2014-10-13, 1.0
39.45, 2014-10-14, 1.0
39.38, 2014-10-15, 1.0
39.64, 2014-10-16, 1.0
40.0, 2014-10-17, 1.0
40.36, 2014-10-20, 1.0
40.53, 2014-10-21, 1.0
40.25, 2014-10-22, 1.0
40.28, 2014-10-23, 1.0
40.44, 2014-10-24, 1.0
40.31, 2014-10-27, 1.0
40.31, 2014-10-28, 1.0
40.38, 2014-10-29, 1.0
40.36, 2014-10-30, 1.0
40.1711, 2014-10-31, 1.0
40.25, 2014-11-03, 1.0
40.12, 2014-11-04, 1.0
40.08, 2014-11-05, 1.0
40.16, 2014-11-06, 1.0
40.18, 2014-11-07, 1.0
40.19, 2014-11-10, 1.0
40.27, 2014-11-11, 1.0
40.2, 2014-11-12, 1.0
39.99, 2014-11-13, 1.0
39.86, 2014-11-14, 1.0
39.79, 2014-11-17, 1.0
39.71, 2014-11-18, 1.0
39.67, 2014-11-19, 1.0
39.65, 2014-11-20, 1.0
39.87, 2014-11-21, 1.0
39.88, 2014-11-24, 1.0
39.94, 2014-11-25, 1.0
39.98, 2014-11-26, 1.0
39.58, 2014-11-28, 1.0
39.09, 2014-12-01, 1.0
39.21, 2014-12-02, 1.0
39.21, 2014-12-03, 1.0
39.17, 2014-12-04, 1.0
39.13, 2014-12-05, 1.0
38.89, 2014-12-08, 1.0
38.78, 2014-12-09, 1.0
38.32, 2014-12-10, 1.0
38.08, 2014-12-11, 1.0
37.63, 2014-12-12, 1.0
37.74, 2014-12-15, 1.0
37.46, 2014-12-16, 1.0
38.17, 2014-12-17, 1.0
38.44, 2014-12-18, 1.0
38.89, 2014-12-19, 1.0
38.84, 2014-12-22, 1.0
38.96, 2014-12-23, 1.0
39.07, 2014-12-24, 1.0
38.95, 2014-12-26, 1.0
38.81, 2014-12-29, 1.0
38.78, 2014-12-30, 1.0
38.61, 2014-12-31, 1.0
38.68, 2015-01-02, 1.0
38.41, 2015-01-05, 1.0
38.23, 2015-01-06, 1.0
38.44, 2015-01-07, 1.0
38.7, 2015-01-08, 1.0
38.91, 2015-01-09, 1.0
38.87, 2015-01-12, 1.0
38.83, 2015-01-13, 1.0
38.74, 2015-01-14, 1.0
38.52, 2015-01-15, 1.0
38.63, 2015-01-16, 1.0
38.63, 2015-01-20, 1.0
38.78, 2015-01-21, 1.0
38.83, 2015-01-22, 1.0
38.84, 2015-01-23, 1.0
39.07, 2015-01-26, 1.0
39.02, 2015-01-27, 1.0
38.87, 2015-01-28, 1.0
39.02, 2015-01-29, 1.0
38.94, 2015-01-30, 1.0
38.84, 2015-02-02, 1.0
39.03, 2015-02-03, 1.0
38.92, 2015-02-04, 1.0
39.15, 2015-02-05, 1.0
39.23, 2015-02-06, 1.0
39.19, 2015-02-09, 1.0
39.3, 2015-02-10, 1.0
39.31, 2015-02-11, 1.0
39.33, 2015-02-12, 1.0
39.43, 2015-02-13, 1.0
39.41, 2015-02-17, 1.0
39.51, 2015-02-18, 1.0
39.47, 2015-02-19, 1.0
39.55, 2015-02-20, 1.0
39.59, 2015-02-23, 1.0
39.66, 2015-02-24, 1.0
39.68, 2015-02-25, 1.0
39.73, 2015-02-26, 1.0
39.78, 2015-02-27, 1.0
39.58, 2015-03-02, 1.0
39.46, 2015-03-03, 1.0
39.4, 2015-03-04, 1.0
39.44, 2015-03-05, 1.0
39.22, 2015-03-06, 1.0
39.19, 2015-03-09, 1.0
39.1, 2015-03-10, 1.0
39.16, 2015-03-11, 1.0
39.25, 2015-03-12, 1.0
39.07, 2015-03-13, 1.0
39.0, 2015-03-16, 1.0
38.81, 2015-03-17, 1.0
39.15, 2015-03-18, 1.0
38.85, 2015-03-19, 1.0
39.13, 2015-03-20, 1.0
39.19, 2015-03-23, 1.0
39.22, 2015-03-24, 1.0
39.14, 2015-03-25, 1.0
39.15, 2015-03-26, 1.0
39.14, 2015-03-27, 1.0
39.23, 2015-03-30, 1.0
39.22, 2015-03-31, 1.0
39.13, 2015-04-01, 1.0
39.15, 2015-04-02, 1.0
39.24, 2015-04-06, 1.0
39.36, 2015-04-07, 1.0
39.38, 2015-04-08, 1.0
39.36, 2015-04-09, 1.0
39.4, 2015-04-10, 1.0
39.42, 2015-04-13, 1.0
39.47, 2015-04-14, 1.0
39.57, 2015-04-15, 1.0
39.53, 2015-04-16, 1.0
39.41, 2015-04-17, 1.0
39.53, 2015-04-20, 1.0
39.55, 2015-04-21, 1.0
39.54, 2015-04-22, 1.0
39.53, 2015-04-23, 1.0
39.58, 2015-04-24, 1.0
39.61, 2015-04-27, 1.0
39.58, 2015-04-28, 1.0
39.49, 2015-04-29, 1.0
39.44, 2015-04-30, 1.0
39.34, 2015-05-01, 1.0
39.37, 2015-05-04, 1.0
39.34, 2015-05-05, 1.0
39.22, 2015-05-06, 1.0
39.19, 2015-05-07, 1.0
39.44, 2015-05-08, 1.0
39.27, 2015-05-11, 1.0
39.26, 2015-05-12, 1.0
39.2, 2015-05-13, 1.0
39.41, 2015-05-14, 1.0
39.45, 2015-05-15, 1.0
39.37, 2015-05-18, 1.0
39.2893, 2015-05-19, 1.0
39.29, 2015-05-20, 1.0
39.33, 2015-05-21, 1.0
39.38, 2015-05-22, 1.0
39.32, 2015-05-26, 1.0
39.42, 2015-05-27, 1.0
39.38, 2015-05-28, 1.0
39.42, 2015-05-29, 1.0
39.22, 2015-06-01, 1.0
39.18, 2015-06-02, 1.0
38.98, 2015-06-03, 1.0
38.89, 2015-06-04, 1.0
38.8, 2015-06-05, 1.0
38.76, 2015-06-08, 1.0
38.7, 2015-06-09, 1.0
38.7, 2015-06-10, 1.0
38.79, 2015-06-11, 1.0
38.69, 2015-06-12, 1.0
38.49, 2015-06-15, 1.0
38.65, 2015-06-16, 1.0
38.63, 2015-06-17, 1.0
38.73, 2015-06-18, 1.0
38.7, 2015-06-19, 1.0
38.85, 2015-06-22, 1.0
38.84, 2015-06-23, 1.0
38.77, 2015-06-24, 1.0
38.71, 2015-06-25, 1.0
38.58, 2015-06-26, 1.0
38.3, 2015-06-29, 1.0
38.43, 2015-06-30, 1.0
38.3, 2015-07-01, 1.0
38.37, 2015-07-02, 1.0
38.27, 2015-07-06, 1.0
38.23, 2015-07-07, 1.0
37.99, 2015-07-08, 1.0
38.09, 2015-07-09, 1.0
38.26, 2015-07-10, 1.0
38.3, 2015-07-13, 1.0
38.29, 2015-07-14, 1.0
38.3, 2015-07-15, 1.0
38.34, 2015-07-16, 1.0
38.2, 2015-07-17, 1.0
38.12, 2015-07-20, 1.0
38.0, 2015-07-21, 1.0
37.8, 2015-07-22, 1.0
37.82, 2015-07-23, 1.0
37.68, 2015-07-24, 1.0
37.52, 2015-07-27, 1.0
37.65, 2015-07-28, 1.0
37.88, 2015-07-29, 1.0
37.99, 2015-07-30, 1.0
37.97, 2015-07-31, 1.0
37.67, 2015-08-03, 1.0
37.68, 2015-08-04, 1.0
37.66, 2015-08-05, 1.0
37.51, 2015-08-06, 1.0
37.36, 2015-08-07, 1.0
37.42, 2015-08-10, 1.0
37.26, 2015-08-11, 1.0
37.18, 2015-08-12, 1.0
37.15, 2015-08-13, 1.0
37.18, 2015-08-14, 1.0
37.13, 2015-08-17, 1.0
37.12, 2015-08-18, 1.0
37.03, 2015-08-19, 1.0
36.83, 2015-08-20, 1.0
36.72, 2015-08-21, 1.0
36.3, 2015-08-24, 1.0
36.4, 2015-08-25, 1.0
36.76, 2015-08-26, 1.0
36.97, 2015-08-27, 1.0
36.99, 2015-08-28, 1.0
37.01, 2015-08-31, 1.0
36.66, 2015-09-01, 1.0
36.86, 2015-09-02, 1.0
36.85, 2015-09-03, 1.0
36.81, 2015-09-04, 1.0
37.05, 2015-09-08, 1.0
37.01, 2015-09-09, 1.0
37.08, 2015-09-10, 1.0
37.04, 2015-09-11, 1.0
37.04, 2015-09-14, 1.0
37.01, 2015-09-15, 1.0
36.89, 2015-09-16, 1.0
36.93, 2015-09-17, 1.0
36.75, 2015-09-18, 1.0
36.76, 2015-09-21, 1.0
36.52, 2015-09-22, 1.0
36.45, 2015-09-23, 1.0
36.24, 2015-09-24, 1.0
36.11, 2015-09-25, 1.0
35.59, 2015-09-28, 1.0
35.56, 2015-09-29, 1.0
35.66, 2015-09-30, 1.0
35.37, 2015-10-01, 1.0
35.33, 2015-10-02, 1.0
35.72, 2015-10-05, 1.0
35.83, 2015-10-06, 1.0
36.17, 2015-10-07, 1.0
36.3, 2015-10-08, 1.0
36.31, 2015-10-09, 1.0
36.27, 2015-10-12, 1.0
36.2, 2015-10-13, 1.0
36.2, 2015-10-14, 1.0
36.22, 2015-10-15, 1.0
36.38, 2015-10-16, 1.0
36.51, 2015-10-19, 1.0
36.51, 2015-10-20, 1.0
36.46, 2015-10-21, 1.0
36.45, 2015-10-22, 1.0
36.6, 2015-10-23, 1.0
36.56, 2015-10-26, 1.0
36.46, 2015-10-27, 1.0
36.54, 2015-10-28, 1.0
36.46, 2015-10-29, 1.0
36.47, 2015-10-30, 1.0
36.4, 2015-11-02, 1.0
36.42, 2015-11-03, 1.0
36.37, 2015-11-04, 1.0
36.28, 2015-11-05, 1.0
36.12, 2015-11-06, 1.0
35.96, 2015-11-09, 1.0
35.85, 2015-11-10, 1.0
35.77, 2015-11-11, 1.0
35.5, 2015-11-12, 1.0
35.42, 2015-11-13, 1.0
35.55, 2015-11-16, 1.0
35.5, 2015-11-17, 1.0
35.57, 2015-11-18, 1.0
35.36, 2015-11-19, 1.0
35.27, 2015-11-20, 1.0
35.24, 2015-11-23, 1.0
35.26, 2015-11-24, 1.0
35.26, 2015-11-25, 1.0
35.37, 2015-11-27, 1.0
35.36, 2015-11-30, 1.0
35.33, 2015-12-01, 1.0
35.22, 2015-12-02, 1.0
35.15, 2015-12-03, 1.0
35.08, 2015-12-04, 1.0
34.84, 2015-12-07, 1.0
34.44, 2015-12-08, 1.0
34.52, 2015-12-09, 1.0
34.38, 2015-12-10, 1.0
33.69, 2015-12-11, 1.0
33.42, 2015-12-14, 1.0
33.81, 2015-12-15, 1.0
34.1, 2015-12-16, 1.0
33.72, 2015-12-17, 1.0
33.59, 2015-12-18, 1.0
33.56, 2015-12-21, 1.0
33.85, 2015-12-22, 1.0
34.02, 2015-12-23, 1.0
34.06, 2015-12-24, 1.0
33.86, 2015-12-28, 1.0
33.9, 2015-12-29, 1.0
33.91, 2015-12-30, 1.0
33.91, 2015-12-31, 1.0
33.74, 2016-01-04, 1.0
33.81, 2016-01-05, 1.0
33.78, 2016-01-06, 1.0
33.6, 2016-01-07, 1.0
33.48, 2016-01-08, 1.0
33.43, 2016-01-11, 1.0
33.51, 2016-01-12, 1.0
33.06, 2016-01-13, 1.0
33.14, 2016-01-14, 1.0
32.73, 2016-01-15, 1.0
32.57, 2016-01-19, 1.0
32.29, 2016-01-20, 1.0
32.44, 2016-01-21, 1.0
32.96, 2016-01-22, 1.0
32.68, 2016-01-25, 1.0
32.96, 2016-01-26, 1.0
32.88, 2016-01-27, 1.0
33.03, 2016-01-28, 1.0
33.21, 2016-01-29, 1.0
32.82, 2016-02-01, 1.0
32.55, 2016-02-02, 1.0
32.67, 2016-02-03, 1.0
32.59, 2016-02-04, 1.0
32.3, 2016-02-05, 1.0
31.91, 2016-02-08, 1.0
31.76, 2016-02-09, 1.0
31.71, 2016-02-10, 1.0
31.49, 2016-02-11, 1.0
32.0, 2016-02-12, 1.0
32.05, 2016-02-16, 1.0
32.29, 2016-02-17, 1.0
32.32, 2016-02-18, 1.0
32.38, 2016-02-19, 1.0
32.7, 2016-02-22, 1.0
32.66, 2016-02-23, 1.0
32.71, 2016-02-24, 1.0
32.8525, 2016-02-25, 1.0
33.07, 2016-02-26, 1.0
33.43, 2016-02-29, 1.0
33.85, 2016-03-01, 1.0
33.61, 2016-03-02, 1.0
33.7, 2016-03-03, 1.0
33.81, 2016-03-04, 1.0
33.84, 2016-03-07, 1.0
33.61, 2016-03-08, 1.0
33.69, 2016-03-09, 1.0
33.93, 2016-03-10, 1.0
34.33, 2016-03-11, 1.0
34.25, 2016-03-14, 1.0
34.03, 2016-03-15, 1.0
34.27, 2016-03-16, 1.0
34.5, 2016-03-17, 1.0
34.54, 2016-03-18, 1.0
34.53, 2016-03-21, 1.0
34.48, 2016-03-22, 1.0
34.3, 2016-03-23, 1.0
34.15, 2016-03-24, 1.0
33.98, 2016-03-28, 1.0
34.08, 2016-03-29, 1.0
34.2, 2016-03-30, 1.0
34.25, 2016-03-31, 1.0
34.14, 2016-04-01, 1.0
34.01, 2016-04-04, 1.0
33.87, 2016-04-05, 1.0
34.12, 2016-04-06, 1.0
33.92, 2016-04-07, 1.0
34.1392, 2016-04-08, 1.0
34.2, 2016-04-11, 1.0
34.42, 2016-04-12, 1.0
34.66, 2016-04-13, 1.0
34.63, 2016-04-14, 1.0
34.56, 2016-04-15, 1.0
34.8, 2016-04-18, 1.0
34.99, 2016-04-19, 1.0
35.06, 2016-04-20, 1.0
34.94, 2016-04-21, 1.0
35.04, 2016-04-22, 1.0
34.92, 2016-04-25, 1.0
35.06, 2016-04-26, 1.0
35.25, 2016-04-27, 1.0
35.24, 2016-04-28, 1.0
35.3, 2016-04-29, 1.0
35.15, 2016-05-02, 1.0
34.88, 2016-05-03, 1.0
34.7, 2016-05-04, 1.0
34.71, 2016-05-05, 1.0
34.7, 2016-05-06, 1.0
34.68, 2016-05-09, 1.0
34.95, 2016-05-10, 1.0
34.94, 2016-05-11, 1.0
34.94, 2016-05-12, 1.0
34.8, 2016-05-13, 1.0
35.01, 2016-05-16, 1.0
34.98, 2016-05-17, 1.0
34.95, 2016-05-18, 1.0
34.87, 2016-05-19, 1.0
34.99, 2016-05-20, 1.0
35.01, 2016-05-23, 1.0
35.22, 2016-05-24, 1.0
35.3, 2016-05-25, 1.0
35.23, 2016-05-26, 1.0
35.27, 2016-05-27, 1.0
35.23, 2016-05-31, 1.0
35.06, 2016-06-01, 1.0
35.07, 2016-06-02, 1.0
35.13, 2016-06-03, 1.0
35.3, 2016-06-06, 1.0
35.47, 2016-06-07, 1.0
35.63, 2016-06-08, 1.0
35.47, 2016-06-09, 1.0
35.28, 2016-06-10, 1.0
35.08, 2016-06-13, 1.0
34.96, 2016-06-14, 1.0
34.92, 2016-06-15, 1.0
34.91, 2016-06-16, 1.0
34.95, 2016-06-17, 1.0
35.2, 2016-06-20, 1.0
35.4, 2016-06-21, 1.0
35.37, 2016-06-22, 1.0
35.63, 2016-06-23, 1.0
35.1, 2016-06-24, 1.0
34.49, 2016-06-27, 1.0
34.96, 2016-06-28, 1.0
35.39, 2016-06-29, 1.0
35.69, 2016-06-30, 1.0
35.53, 2016-07-01, 1.0
35.36, 2016-07-05, 1.0
35.53, 2016-07-06, 1.0
35.59, 2016-07-07, 1.0
36.07, 2016-07-08, 1.0
36.14, 2016-07-11, 1.0
36.23, 2016-07-12, 1.0
36.14, 2016-07-13, 1.0
36.17, 2016-07-14, 1.0
36.11, 2016-07-15, 1.0
36.26, 2016-07-18, 1.0
36.15, 2016-07-19, 1.0
36.24, 2016-07-20, 1.0
36.23, 2016-07-21, 1.0
36.36, 2016-07-22, 1.0
36.16, 2016-07-25, 1.0
36.06, 2016-07-26, 1.0
36.16, 2016-07-27, 1.0
35.99, 2016-07-28, 1.0
36.06, 2016-07-29, 1.0
35.65, 2016-08-01, 1.0
35.61, 2016-08-02, 1.0
35.73, 2016-08-03, 1.0
35.97, 2016-08-04, 1.0
36.04, 2016-08-05, 1.0
36.24, 2016-08-08, 1.0
36.36, 2016-08-09, 1.0
36.35, 2016-08-10, 1.0
36.41, 2016-08-11, 1.0
36.45, 2016-08-12, 1.0
36.55, 2016-08-15, 1.0
36.44, 2016-08-16, 1.0
36.5, 2016-08-17, 1.0
36.6392, 2016-08-18, 1.0
36.54, 2016-08-19, 1.0
36.46, 2016-08-22, 1.0
36.62, 2016-08-23, 1.0
36.51, 2016-08-24, 1.0
36.53, 2016-08-25, 1.0
36.54, 2016-08-26, 1.0
36.73, 2016-08-29, 1.0
36.72, 2016-08-30, 1.0
36.54, 2016-08-31, 1.0
36.44, 2016-09-01, 1.0
36.64, 2016-09-02, 1.0
36.68, 2016-09-06, 1.0
36.61, 2016-09-07, 1.0
36.53, 2016-09-08, 1.0
36.15, 2016-09-09, 1.0
36.27, 2016-09-12, 1.0
36.01, 2016-09-13, 1.0
35.98, 2016-09-14, 1.0
36.17, 2016-09-15, 1.0
36.14, 2016-09-16, 1.0
36.18, 2016-09-19, 1.0
36.16, 2016-09-20, 1.0
36.45, 2016-09-21, 1.0
36.59, 2016-09-22, 1.0
36.51, 2016-09-23, 1.0
36.35, 2016-09-26, 1.0
36.49, 2016-09-27, 1.0
36.73, 2016-09-28, 1.0
36.56, 2016-09-29, 1.0
36.72, 2016-09-30, 1.0
36.54, 2016-10-03, 1.0
36.5, 2016-10-04, 1.0
36.6, 2016-10-05, 1.0
36.6, 2016-10-06, 1.0
36.68, 2016-10-07, 1.0
36.82, 2016-10-10, 1.0
36.61, 2016-10-11, 1.0
36.58, 2016-10-12, 1.0
36.53, 2016-10-13, 1.0
36.58, 2016-10-14, 1.0
36.57, 2016-10-17, 1.0
36.69, 2016-10-18, 1.0
36.81, 2016-10-19, 1.0
36.8, 2016-10-20, 1.0
36.84, 2016-10-21, 1.0
36.87, 2016-10-24, 1.0
36.85, 2016-10-25, 1.0
36.68, 2016-10-26, 1.0
36.53, 2016-10-27, 1.0
36.37, 2016-10-28, 1.0
36.26, 2016-10-31, 1.0
35.96, 2016-11-01, 1.0
35.75, 2016-11-02, 1.0
35.76, 2016-11-03, 1.0
35.82, 2016-11-04, 1.0
36.29, 2016-11-07, 1.0
36.23, 2016-11-08, 1.0
35.99, 2016-11-09, 1.0
35.48, 2016-11-10, 1.0
35.13, 2016-11-11, 1.0
35.39, 2016-11-14, 1.0
35.86, 2016-11-15, 1.0
35.72, 2016-11-16, 1.0
35.64, 2016-11-17, 1.0
35.62, 2016-11-18, 1.0
35.92, 2016-11-21, 1.0
36.19, 2016-11-22, 1.0
36.03, 2016-11-23, 1.0
36.09, 2016-11-25, 1.0
36.12, 2016-11-28, 1.0
36.05, 2016-11-29, 1.0
36.12, 2016-11-30, 1.0
35.8, 2016-12-01, 1.0
36.01, 2016-12-02, 1.0
36.12, 2016-12-05, 1.0
36.26, 2016-12-06, 1.0
36.49, 2016-12-07, 1.0
36.46, 2016-12-08, 1.0
36.46, 2016-12-09, 1.0
36.42, 2016-12-12, 1.0
36.53, 2016-12-13, 1.0
36.22, 2016-12-14, 1.0
36.26, 2016-12-15, 1.0
36.29, 2016-12-16, 1.0
36.42, 2016-12-19, 1.0
36.44, 2016-12-20, 1.0
36.52, 2016-12-21, 1.0
36.57, 2016-12-22, 1.0
36.66, 2016-12-23, 1.0
36.57, 2016-12-27, 1.0
36.35, 2016-12-28, 1.0
36.4, 2016-12-29, 1.0
36.45, 2016-12-30, 1.0
36.63, 2017-01-03, 1.0
36.79, 2017-01-04, 1.0
36.73, 2017-01-05, 1.0
36.74, 2017-01-06, 1.0
36.75, 2017-01-09, 1.0
36.77, 2017-01-10, 1.0
36.76, 2017-01-11, 1.0
36.77, 2017-01-12, 1.0
36.78, 2017-01-13, 1.0
36.76, 2017-01-17, 1.0
36.78, 2017-01-18, 1.0
36.68, 2017-01-19, 1.0
36.75, 2017-01-20, 1.0
36.76, 2017-01-23, 1.0
36.84, 2017-01-24, 1.0
36.95, 2017-01-25, 1.0
36.97, 2017-01-26, 1.0
37.0, 2017-01-27, 1.0
36.92, 2017-01-30, 1.0
36.91, 2017-01-31, 1.0
36.82, 2017-02-01, 1.0
36.8, 2017-02-02, 1.0
36.88, 2017-02-03, 1.0
36.82, 2017-02-06, 1.0
36.8, 2017-02-07, 1.0
36.79, 2017-02-08, 1.0
36.87, 2017-02-09, 1.0
36.9, 2017-02-10, 1.0
36.94, 2017-02-13, 1.0
36.99, 2017-02-14, 1.0
36.98, 2017-02-15, 1.0
36.94, 2017-02-16, 1.0
36.96, 2017-02-17, 1.0
37.1, 2017-02-21, 1.0
37.11, 2017-02-22, 1.0
37.15, 2017-02-23, 1.0
37.15, 2017-02-24, 1.0
37.21, 2017-02-27, 1.0
37.22, 2017-02-28, 1.0
37.18, 2017-03-01, 1.0
37.09, 2017-03-02, 1.0
37.09, 2017-03-03, 1.0
36.93, 2017-03-06, 1.0
36.71, 2017-03-07, 1.0
36.44, 2017-03-08, 1.0
36.33, 2017-03-09, 1.0
36.33, 2017-03-10, 1.0
36.39, 2017-03-13, 1.0
36.25, 2017-03-14, 1.0
36.75, 2017-03-15, 1.0
36.64, 2017-03-16, 1.0
36.63, 2017-03-17, 1.0
36.5944, 2017-03-20, 1.0
36.3, 2017-03-21, 1.0
36.43, 2017-03-22, 1.0
36.38, 2017-03-23, 1.0
36.54, 2017-03-24, 1.0
36.47, 2017-03-27, 1.0
36.73, 2017-03-28, 1.0
36.77, 2017-03-29, 1.0
36.96, 2017-03-30, 1.0
36.93, 2017-03-31, 1.0
36.75, 2017-04-03, 1.0
36.76, 2017-04-04, 1.0
36.71, 2017-04-05, 1.0
36.76, 2017-04-06, 1.0
36.76, 2017-04-07, 1.0
36.83, 2017-04-10, 1.0
36.76, 2017-04-11, 1.0
36.79, 2017-04-12, 1.0
36.7, 2017-04-13, 1.0
36.82, 2017-04-17, 1.0
36.81, 2017-04-18, 1.0
36.79, 2017-04-19, 1.0
36.9, 2017-04-20, 1.0
36.87, 2017-04-21, 1.0
37.04, 2017-04-24, 1.0
37.12, 2017-04-25, 1.0
37.08, 2017-04-26, 1.0
37.13, 2017-04-27, 1.0
37.14, 2017-04-28, 1.0
36.96, 2017-05-01, 1.0
37.02, 2017-05-02, 1.0
37.05, 2017-05-03, 1.0
36.83, 2017-05-04, 1.0
36.93, 2017-05-05, 1.0
36.97, 2017-05-08, 1.0
36.94, 2017-05-09, 1.0
37.08, 2017-05-10, 1.0
37.08, 2017-05-11, 1.0
37.09, 2017-05-12, 1.0
37.18, 2017-05-15, 1.0
37.22, 2017-05-16, 1.0
37.04, 2017-05-17, 1.0
37.09, 2017-05-18, 1.0
37.18, 2017-05-19, 1.0
37.28, 2017-05-22, 1.0
37.29, 2017-05-23, 1.0
37.35, 2017-05-24, 1.0
37.31, 2017-05-25, 1.0
37.33, 2017-05-26, 1.0
37.4, 2017-05-30, 1.0
37.39, 2017-05-31, 1.0
37.26, 2017-06-01, 1.0
37.28, 2017-06-02, 1.0
37.26, 2017-06-05, 1.0
37.21, 2017-06-06, 1.0
37.13, 2017-06-07, 1.0
37.15, 2017-06-08, 1.0
37.13, 2017-06-09, 1.0
37.23, 2017-06-12, 1.0
37.28, 2017-06-13, 1.0
37.26, 2017-06-14, 1.0
37.17, 2017-06-15, 1.0
37.07, 2017-06-16, 1.0
37.21, 2017-06-19, 1.0
37.1, 2017-06-20, 1.0
36.87, 2017-06-21, 1.0
36.96, 2017-06-22, 1.0
37.1, 2017-06-23, 1.0
37.15, 2017-06-26, 1.0
37.06, 2017-06-27, 1.0
37.19, 2017-06-28, 1.0
37.12, 2017-06-29, 1.0
37.2, 2017-06-30, 1.0
37.01, 2017-07-03, 1.0
36.96, 2017-07-05, 1.0
36.87, 2017-07-06, 1.0
36.83, 2017-07-07, 1.0
36.9, 2017-07-10, 1.0
36.88, 2017-07-11, 1.0
37.09, 2017-07-12, 1.0
37.12, 2017-07-13, 1.0
37.19, 2017-07-14, 1.0
37.21, 2017-07-17, 1.0
37.26, 2017-07-18, 1.0
37.32, 2017-07-19, 1.0
37.36, 2017-07-20, 1.0
37.32, 2017-07-21, 1.0
37.36, 2017-07-24, 1.0
37.37, 2017-07-25, 1.0
37.42, 2017-07-26, 1.0
37.41, 2017-07-27, 1.0
37.41, 2017-07-28, 1.0
37.4, 2017-07-31, 1.0
37.3, 2017-08-01, 1.0
37.3, 2017-08-02, 1.0
37.21, 2017-08-03, 1.0
37.22, 2017-08-04, 1.0
37.21, 2017-08-07, 1.0
37.1, 2017-08-08, 1.0
36.94, 2017-08-09, 1.0
36.68, 2017-08-10, 1.0
36.77, 2017-08-11, 1.0
36.93, 2017-08-14, 1.0
36.97, 2017-08-15, 1.0
36.97, 2017-08-16, 1.0
36.78, 2017-08-17, 1.0
36.81, 2017-08-18, 1.0
36.85, 2017-08-21, 1.0
37.02, 2017-08-22, 1.0
37.0, 2017-08-23, 1.0
37.05, 2017-08-24, 1.0
37.13, 2017-08-25, 1.0
37.13, 2017-08-28, 1.0
37.09, 2017-08-29, 1.0
37.17, 2017-08-30, 1.0
37.26, 2017-08-31, 1.0
37.11, 2017-09-01, 1.0
37.06, 2017-09-05, 1.0
37.03, 2017-09-06, 1.0
37.04, 2017-09-07, 1.0
36.93, 2017-09-08, 1.0
37.05, 2017-09-11, 1.0
37.1, 2017-09-12, 1.0
37.08, 2017-09-13, 1.0
37.16, 2017-09-14, 1.0
37.17, 2017-09-15, 1.0
37.16, 2017-09-18, 1.0
37.22, 2017-09-19, 1.0
37.21, 2017-09-20, 1.0
37.15, 2017-09-21, 1.0
37.2, 2017-09-22, 1.0
37.23, 2017-09-25, 1.0
37.27, 2017-09-26, 1.0
37.29, 2017-09-27, 1.0
37.29, 2017-09-28, 1.0
37.32, 2017-09-29, 1.0
37.17, 2017-10-02, 1.0
37.24, 2017-10-03, 1.0
37.18, 2017-10-04, 1.0
37.23, 2017-10-05, 1.0
37.18, 2017-10-06, 1.0
37.21, 2017-10-09, 1.0
37.24, 2017-10-10, 1.0
37.19, 2017-10-11, 1.0
37.16, 2017-10-12, 1.0
37.18, 2017-10-13, 1.0
37.19, 2017-10-16, 1.0
37.25, 2017-10-17, 1.0
37.27, 2017-10-18, 1.0
37.29, 2017-10-19, 1.0
37.32, 2017-10-20, 1.0
37.28, 2017-10-23, 1.0
37.31, 2017-10-24, 1.0
37.19, 2017-10-25, 1.0
37.14, 2017-10-26, 1.0
37.23, 2017-10-27, 1.0
37.22, 2017-10-30, 1.0
37.24, 2017-10-31, 1.0
37.04, 2017-11-01, 1.0
37.02, 2017-11-02, 1.0
37.0, 2017-11-03, 1.0
36.98, 2017-11-06, 1.0
36.93, 2017-11-07, 1.0
36.75, 2017-11-08, 1.0
36.51, 2017-11-09, 1.0
36.68, 2017-11-10, 1.0
36.64, 2017-11-13, 1.0
36.5, 2017-11-14, 1.0
36.47, 2017-11-15, 1.0
36.81, 2017-11-16, 1.0
36.79, 2017-11-17, 1.0
36.81, 2017-11-20, 1.0
36.88, 2017-11-21, 1.0
36.96, 2017-11-22, 1.0
36.99, 2017-11-24, 1.0
36.9, 2017-11-27, 1.0
37.0, 2017-11-28, 1.0
36.95, 2017-11-29, 1.0
36.94, 2017-11-30, 1.0
36.75, 2017-12-01, 1.0
36.73, 2017-12-04, 1.0
36.75, 2017-12-05, 1.0
36.71, 2017-12-06, 1.0
36.74, 2017-12-07, 1.0
36.76, 2017-12-08, 1.0
36.78, 2017-12-11, 1.0
36.78, 2017-12-12, 1.0
36.78, 2017-12-13, 1.0
36.69, 2017-12-14, 1.0
36.7, 2017-12-15, 1.0
36.74, 2017-12-18, 1.0
36.51, 2017-12-19, 1.0
36.55, 2017-12-20, 1.0
36.56, 2017-12-21, 1.0
36.63, 2017-12-22, 1.0
36.68, 2017-12-26, 1.0
36.69, 2017-12-27, 1.0
36.66, 2017-12-28, 1.0
36.72, 2017-12-29, 1.0
36.76, 2018-01-02, 1.0
36.94, 2018-01-03, 1.0
36.99, 2018-01-04, 1.0
37.03, 2018-01-05, 1.0
36.99, 2018-01-08, 1.0
36.9, 2018-01-09, 1.0
36.83, 2018-01-10, 1.0
36.92, 2018-01-11, 1.0
36.86, 2018-01-12, 1.0
36.87, 2018-01-16, 1.0
36.84, 2018-01-17, 1.0
36.81, 2018-01-18, 1.0
36.82, 2018-01-19, 1.0
36.85, 2018-01-22, 1.0
36.96, 2018-01-23, 1.0
36.93, 2018-01-24, 1.0
36.89, 2018-01-25, 1.0
36.92, 2018-01-26, 1.0
36.8, 2018-01-29, 1.0
36.64, 2018-01-30, 1.0
36.7, 2018-01-31, 1.0
36.45, 2018-02-01, 1.0
36.27, 2018-02-02, 1.0
36.04, 2018-02-05, 1.0
36.23, 2018-02-06, 1.0
36.09, 2018-02-07, 1.0
35.83, 2018-02-08, 1.0
35.68, 2018-02-09, 1.0
35.92, 2018-02-12, 1.0
35.82, 2018-02-13, 1.0
35.88, 2018-02-14, 1.0
36.14, 2018-02-15, 1.0
36.32, 2018-02-16, 1.0
36.19, 2018-02-20, 1.0
36.05, 2018-02-21, 1.0
36.05, 2018-02-22, 1.0
36.26, 2018-02-23, 1.0
36.34, 2018-02-26, 1.0
36.24, 2018-02-27, 1.0
36.21, 2018-02-28, 1.0
35.89, 2018-03-01, 1.0
36.0, 2018-03-02, 1.0
35.98, 2018-03-05, 1.0
36.03, 2018-03-06, 1.0
35.94, 2018-03-07, 1.0
35.97, 2018-03-08, 1.0
36.09, 2018-03-09, 1.0
36.05, 2018-03-12, 1.0
35.94, 2018-03-13, 1.0
35.9, 2018-03-14, 1.0
35.92, 2018-03-15, 1.0
35.97, 2018-03-16, 1.0
35.85, 2018-03-19, 1.0
35.9, 2018-03-20, 1.0
35.93, 2018-03-21, 1.0
35.71, 2018-03-22, 1.0
35.62, 2018-03-23, 1.0
35.84, 2018-03-26, 1.0
35.79, 2018-03-27, 1.0
35.77, 2018-03-28, 1.0
35.85, 2018-03-29, 1.0
35.61, 2018-04-02, 1.0
35.68, 2018-04-03, 1.0
35.77, 2018-04-04, 1.0
35.8, 2018-04-05, 1.0
35.74, 2018-04-06, 1.0
35.87, 2018-04-09, 1.0
36.0, 2018-04-10, 1.0
36.0, 2018-04-11, 1.0
36.14, 2018-04-12, 1.0
36.16, 2018-04-13, 1.0
36.21, 2018-04-16, 1.0
36.23, 2018-04-17, 1.0
36.19, 2018-04-18, 1.0
36.09, 2018-04-19, 1.0
35.99, 2018-04-20, 1.0
35.88, 2018-04-23, 1.0
35.82, 2018-04-24, 1.0
35.77, 2018-04-25, 1.0
35.89, 2018-04-26, 1.0
35.87, 2018-04-27, 1.0
35.87, 2018-04-30, 1.0
35.7, 2018-05-01, 1.0
35.7, 2018-05-02, 1.0
35.69, 2018-05-03, 1.0
35.71, 2018-05-04, 1.0
35.74, 2018-05-07, 1.0
35.7, 2018-05-08, 1.0
35.75, 2018-05-09, 1.0
35.83, 2018-05-10, 1.0
35.81, 2018-05-11, 1.0
35.82, 2018-05-14, 1.0
35.64, 2018-05-15, 1.0
35.7, 2018-05-16, 1.0
35.7, 2018-05-17, 1.0
35.66, 2018-05-18, 1.0
35.7, 2018-05-21, 1.0
35.72, 2018-05-22, 1.0
35.74, 2018-05-23, 1.0
35.75, 2018-05-24, 1.0
35.7, 2018-05-25, 1.0
35.54, 2018-05-29, 1.0
35.67, 2018-05-30, 1.0
35.62, 2018-05-31, 1.0
35.51, 2018-06-01, 1.0
35.61, 2018-06-04, 1.0
35.68, 2018-06-05, 1.0
35.73, 2018-06-06, 1.0
35.75, 2018-06-07, 1.0
35.75, 2018-06-08, 1.0
35.81, 2018-06-11, 1.0
35.85, 2018-06-12, 1.0
35.85, 2018-06-13, 1.0
35.96, 2018-06-14, 1.0
35.95, 2018-06-15, 1.0
35.93, 2018-06-18, 1.0
35.88, 2018-06-19, 1.0
35.92, 2018-06-20, 1.0
35.85, 2018-06-21, 1.0
35.86, 2018-06-22, 1.0
35.78, 2018-06-25, 1.0
35.78, 2018-06-26, 1.0
35.69, 2018-06-27, 1.0
35.56, 2018-06-28, 1.0
35.48, 2018-06-29, 1.0
35.31, 2018-07-02, 1.0
35.33, 2018-07-03, 1.0
35.47, 2018-07-05, 1.0
35.56, 2018-07-06, 1.0
35.62, 2018-07-09, 1.0
35.62, 2018-07-10, 1.0
35.59, 2018-07-11, 1.0
35.69, 2018-07-12, 1.0
35.69, 2018-07-13, 1.0
35.66, 2018-07-16, 1.0
35.69, 2018-07-17, 1.0
35.72, 2018-07-18, 1.0
35.7, 2018-07-19, 1.0
35.71, 2018-07-20, 1.0
35.71, 2018-07-23, 1.0
35.78, 2018-07-24, 1.0
35.84, 2018-07-25, 1.0
35.86, 2018-07-26, 1.0
35.84, 2018-07-27, 1.0
35.87, 2018-07-30, 1.0
35.94, 2018-07-31, 1.0
35.81, 2018-08-01, 1.0
35.82, 2018-08-02, 1.0
35.87, 2018-08-03, 1.0
35.89, 2018-08-06, 1.0
35.93, 2018-08-07, 1.0
35.93, 2018-08-08, 1.0
35.87, 2018-08-09, 1.0
35.81, 2018-08-10, 1.0
35.8, 2018-08-13, 1.0
35.85, 2018-08-14, 1.0
35.77, 2018-08-15, 1.0
35.83, 2018-08-16, 1.0
35.86, 2018-08-17, 1.0
35.89, 2018-08-20, 1.0
35.96, 2018-08-21, 1.0
35.97, 2018-08-22, 1.0
35.95, 2018-08-23, 1.0
36.01, 2018-08-24, 1.0
36.03, 2018-08-27, 1.0
36.03, 2018-08-28, 1.0
36.01, 2018-08-29, 1.0
35.97, 2018-08-30, 1.0
36.0, 2018-08-31, 1.0
35.8, 2018-09-04, 1.0
35.76, 2018-09-05, 1.0
35.76, 2018-09-06, 1.0
35.76, 2018-09-07, 1.0
35.83, 2018-09-10, 1.0
35.84, 2018-09-11, 1.0
35.92, 2018-09-12, 1.0
35.98, 2018-09-13, 1.0
36.02, 2018-09-14, 1.0
35.98, 2018-09-17, 1.0
35.98, 2018-09-18, 1.0
35.91, 2018-09-19, 1.0
35.96, 2018-09-20, 1.0
35.98, 2018-09-21, 1.0
35.94, 2018-09-24, 1.0
35.95, 2018-09-25, 1.0
35.96, 2018-09-26, 1.0
36.03, 2018-09-27, 1.0
36.05, 2018-09-28, 1.0
35.99, 2018-10-01, 1.0
35.94, 2018-10-02, 1.0
35.88, 2018-10-03, 1.0
35.72, 2018-10-04, 1.0
35.55, 2018-10-05, 1.0
35.47, 2018-10-08, 1.0
35.51, 2018-10-09, 1.0
35.23, 2018-10-10, 1.0
35.32, 2018-10-11, 1.0
35.5, 2018-10-12, 1.0
35.42, 2018-10-15, 1.0
35.57, 2018-10-16, 1.0
35.53, 2018-10-17, 1.0
35.37, 2018-10-18, 1.0
35.37, 2018-10-19, 1.0
35.38, 2018-10-22, 1.0
35.36, 2018-10-23, 1.0
35.2, 2018-10-24, 1.0
35.25, 2018-10-25, 1.0
35.09, 2018-10-26, 1.0
35.09, 2018-10-29, 1.0
35.11, 2018-10-30, 1.0
35.16, 2018-10-31, 1.0
35.12, 2018-11-01, 1.0
35.14, 2018-11-02, 1.0
35.17, 2018-11-05, 1.0
35.24, 2018-11-06, 1.0
35.41, 2018-11-07, 1.0
35.36, 2018-11-08, 1.0
35.14, 2018-11-09, 1.0
34.92, 2018-11-12, 1.0
34.87, 2018-11-13, 1.0
34.79, 2018-11-14, 1.0
34.77, 2018-11-15, 1.0
34.61, 2018-11-16, 1.0
34.57, 2018-11-19, 1.0
34.41, 2018-11-20, 1.0
34.56, 2018-11-21, 1.0
34.4, 2018-11-23, 1.0
34.55, 2018-11-26, 1.0
34.55, 2018-11-27, 1.0
34.81, 2018-11-28, 1.0
34.83, 2018-11-29, 1.0
34.73, 2018-11-30, 1.0
34.81, 2018-12-03, 1.0
34.63, 2018-12-04, 1.0
34.48, 2018-12-06, 1.0
34.45, 2018-12-07, 1.0
34.42, 2018-12-10, 1.0
34.51, 2018-12-11, 1.0
34.61, 2018-12-12, 1.0
34.7, 2018-12-13, 1.0
34.55, 2018-12-14, 1.0
34.32, 2018-12-17, 1.0
34.22, 2018-12-18, 1.0
33.74, 2018-12-19, 1.0
33.4, 2018-12-20, 1.0
33.2, 2018-12-21, 1.0
32.95, 2018-12-24, 1.0
33.51, 2018-12-26, 1.0
33.49, 2018-12-27, 1.0
33.54, 2018-12-28, 1.0
33.59, 2018-12-31, 1.0
33.55, 2019-01-02, 1.0
33.56, 2019-01-03, 1.0
34.11, 2019-01-04, 1.0
34.49, 2019-01-07, 1.0
34.73, 2019-01-08, 1.0
34.78, 2019-01-09, 1.0
34.95, 2019-01-10, 1.0
34.83, 2019-01-11, 1.0
34.73, 2019-01-14, 1.0
34.82, 2019-01-15, 1.0
34.89, 2019-01-16, 1.0
34.98, 2019-01-17, 1.0
35.07, 2019-01-18, 1.0
34.87, 2019-01-22, 1.0
34.93, 2019-01-23, 1.0
34.97, 2019-01-24, 1.0
35.05, 2019-01-25, 1.0
35.0, 2019-01-28, 1.0
34.99, 2019-01-29, 1.0
35.26, 2019-01-30, 1.0
35.35, 2019-01-31, 1.0
35.17, 2019-02-01, 1.0
35.25, 2019-02-04, 1.0
35.37, 2019-02-05, 1.0
35.38, 2019-02-06, 1.0
35.23, 2019-02-07, 1.0
35.23, 2019-02-08, 1.0
35.24, 2019-02-11, 1.0
35.42, 2019-02-12, 1.0
35.38, 2019-02-13, 1.0
35.39, 2019-02-14, 1.0
35.5, 2019-02-15, 1.0
35.51, 2019-02-19, 1.0
35.56, 2019-02-20, 1.0
35.53, 2019-02-21, 1.0
35.59, 2019-02-22, 1.0
35.62, 2019-02-25, 1.0
35.69, 2019-02-26, 1.0
35.69, 2019-02-27, 1.0
35.69, 2019-02-28, 1.0
35.59, 2019-03-01, 1.0
35.55, 2019-03-04, 1.0
35.55, 2019-03-05, 1.0
35.48, 2019-03-06, 1.0
35.46, 2019-03-07, 1.0
35.4, 2019-03-08, 1.0
35.5, 2019-03-11, 1.0
35.57, 2019-03-12, 1.0
35.67, 2019-03-13, 1.0
35.65, 2019-03-14, 1.0
35.66, 2019-03-15, 1.0
35.68, 2019-03-18, 1.0
35.71, 2019-03-19, 1.0
35.83, 2019-03-20, 1.0
35.83, 2019-03-21, 1.0
35.71, 2019-03-22, 1.0
35.71, 2019-03-25, 1.0
35.78, 2019-03-26, 1.0
35.8, 2019-03-27, 1.0
35.87, 2019-03-28, 1.0
35.97, 2019-03-29, 1.0
35.83, 2019-04-01, 1.0
35.84, 2019-04-02, 1.0
35.85, 2019-04-03, 1.0
35.92, 2019-04-04, 1.0
35.97, 2019-04-05, 1.0
35.96, 2019-04-08, 1.0
35.96, 2019-04-09, 1.0
36.09, 2019-04-10, 1.0
36.17, 2019-04-11, 1.0
36.22, 2019-04-12, 1.0
36.18, 2019-04-15, 1.0
36.19, 2019-04-16, 1.0
36.11, 2019-04-17, 1.0
36.14, 2019-04-18, 1.0
36.09, 2019-04-22, 1.0
36.19, 2019-04-23, 1.0
36.16, 2019-04-24, 1.0
36.17, 2019-04-25, 1.0
36.25, 2019-04-26, 1.0
36.25, 2019-04-29, 1.0
36.27, 2019-04-30, 1.0
35.98, 2019-05-01, 1.0
36.0, 2019-05-02, 1.0
36.09, 2019-05-03, 1.0
108.3, 2019-05-06, 0.3333333333
107.67, 2019-05-07, 1.0
107.69, 2019-05-08, 1.0
107.5, 2019-05-09, 1.0
107.75, 2019-05-10, 1.0
106.83, 2019-05-13, 1.0
107.06, 2019-05-14, 1.0
107.14, 2019-05-15, 1.0
107.43, 2019-05-16, 1.0
107.4, 2019-05-17, 1.0
107.33, 2019-05-20, 1.0
107.6, 2019-05-21, 1.0
107.69, 2019-05-22, 1.0
107.2, 2019-05-23, 1.0
107.06, 2019-05-24, 1.0
107.02, 2019-05-28, 1.0
106.72, 2019-05-29, 1.0
106.92, 2019-05-30, 1.0
106.15, 2019-05-31, 1.0
105.76, 2019-06-03, 1.0
106.72, 2019-06-04, 1.0
106.99, 2019-06-05, 1.0
107.26, 2019-06-06, 1.0
107.61, 2019-06-07, 1.0
107.75, 2019-06-10, 1.0
107.92, 2019-06-11, 1.0
107.66, 2019-06-12, 1.0
107.88, 2019-06-13, 1.0
107.79, 2019-06-14, 1.0
107.64, 2019-06-17, 1.0
108.31, 2019-06-18, 1.0
108.86, 2019-06-19, 1.0
109.46, 2019-06-20, 1.0
109.19, 2019-06-21, 1.0
109.08, 2019-06-24, 1.0
108.68, 2019-06-25, 1.0
108.6, 2019-06-26, 1.0
108.87, 2019-06-27, 1.0
108.94, 2019-06-28, 1.0
108.42, 2019-07-01, 1.0
108.63, 2019-07-02, 1.0
109.01, 2019-07-03, 1.0
108.61, 2019-07-05, 1.0
108.43, 2019-07-08, 1.0
108.29, 2019-07-09, 1.0
108.6, 2019-07-10, 1.0
108.39, 2019-07-11, 1.0
108.48, 2019-07-12, 1.0
108.63, 2019-07-15, 1.0
108.38, 2019-07-16, 1.0
108.34, 2019-07-17, 1.0
108.32, 2019-07-18, 1.0
108.11, 2019-07-19, 1.0
108.47, 2019-07-22, 1.0
108.67, 2019-07-23, 1.0
108.74, 2019-07-24, 1.0
108.66, 2019-07-25, 1.0
108.9, 2019-07-26, 1.0
108.76, 2019-07-29, 1.0
108.78, 2019-07-30, 1.0
108.59, 2019-07-31, 1.0
108.1, 2019-08-01, 1.0
107.89, 2019-08-02, 1.0
106.71, 2019-08-05, 1.0
107.37, 2019-08-06, 1.0
107.39, 2019-08-07, 1.0
107.71, 2019-08-08, 1.0
107.6, 2019-08-09, 1.0
107.32, 2019-08-12, 1.0
107.69, 2019-08-13, 1.0
106.76, 2019-08-14, 1.0
107.14, 2019-08-15, 1.0
107.48, 2019-08-16, 1.0
107.84, 2019-08-19, 1.0
107.89, 2019-08-20, 1.0
108.36, 2019-08-21, 1.0
108.57, 2019-08-22, 1.0
108.02, 2019-08-23, 1.0
108.57, 2019-08-26, 1.0
108.55, 2019-08-27, 1.0
108.82, 2019-08-28, 1.0
108.93, 2019-08-29, 1.0
108.81, 2019-08-30, 1.0
108.0, 2019-09-03, 1.0
108.25, 2019-09-04, 1.0
108.64, 2019-09-05, 1.0
108.83, 2019-09-06, 1.0
108.95, 2019-09-09, 1.0
108.9, 2019-09-10, 1.0
108.9, 2019-09-11, 1.0
108.94, 2019-09-12, 1.0
108.76, 2019-09-13, 1.0
109.11, 2019-09-16, 1.0
109.19, 2019-09-17, 1.0
109.15, 2019-09-18, 1.0
109.02, 2019-09-19, 1.0
109.15, 2019-09-20, 1.0
109.11, 2019-09-23, 1.0
108.99, 2019-09-24, 1.0
108.92, 2019-09-25, 1.0
108.83, 2019-09-26, 1.0
108.68, 2019-09-27, 1.0
108.74, 2019-09-30, 1.0
108.0, 2019-10-01, 1.0
107.4, 2019-10-02, 1.0
107.34, 2019-10-03, 1.0
107.69, 2019-10-04, 1.0
107.64, 2019-10-07, 1.0
107.21, 2019-10-08, 1.0
107.42, 2019-10-09, 1.0
107.69, 2019-10-10, 1.0
108.08, 2019-10-11, 1.0
108.2, 2019-10-14, 1.0
108.38, 2019-10-15, 1.0
108.35, 2019-10-16, 1.0
108.46, 2019-10-17, 1.0
108.47, 2019-10-18, 1.0
108.53, 2019-10-21, 1.0
108.56, 2019-10-22, 1.0
108.66, 2019-10-23, 1.0
108.75, 2019-10-24, 1.0
108.86, 2019-10-25, 1.0
108.94, 2019-10-28, 1.0
108.7, 2019-10-29, 1.0
108.56, 2019-10-30, 1.0
108.19, 2019-10-31, 1.0
108.24, 2019-11-01, 1.0
108.41, 2019-11-04, 1.0
108.32, 2019-11-05, 1.0
108.15, 2019-11-06, 1.0
108.13, 2019-11-07, 1.0
108.2, 2019-11-08, 1.0
108.11, 2019-11-11, 1.0
108.15, 2019-11-12, 1.0
108.03, 2019-11-13, 1.0
107.96, 2019-11-14, 1.0
108.19, 2019-11-15, 1.0
108.09, 2019-11-18, 1.0
107.74, 2019-11-19, 1.0
107.57, 2019-11-20, 1.0
107.57, 2019-11-21, 1.0
107.92, 2019-11-22, 1.0
108.22, 2019-11-25, 1.0
108.39, 2019-11-26, 1.0
108.55, 2019-11-27, 1.0
108.34, 2019-11-29, 1.0
107.76, 2019-12-02, 1.0
107.67, 2019-12-03, 1.0
108.01, 2019-12-04, 1.0
108.11, 2019-12-05, 1.0
108.26, 2019-12-06, 1.0
108.28, 2019-12-09, 1.0
108.56, 2019-12-10, 1.0
108.8, 2019-12-11, 1.0
109.07, 2019-12-12, 1.0
109.17, 2019-12-13, 1.0
109.42, 2019-12-16, 1.0
109.75, 2019-12-17, 1.0
109.95, 2019-12-18, 1.0
109.95, 2019-12-19, 1.0
109.28, 2019-12-20, 1.0
109.34, 2019-12-23, 1.0
109.43, 2019-12-24, 1.0
109.6, 2019-12-26, 1.0
109.55, 2019-12-27, 1.0
109.46, 2019-12-30, 1.0
109.54, 2019-12-31, 1.0
109.98, 2020-01-02, 1.0
109.9, 2020-01-03, 1.0
109.83, 2020-01-06, 1.0
109.75, 2020-01-07, 1.0
109.84, 2020-01-08, 1.0
110.09, 2020-01-09, 1.0
110.13, 2020-01-10, 1.0
110.17, 2020-01-13, 1.0
110.12, 2020-01-14, 1.0
110.17, 2020-01-15, 1.0
110.24, 2020-01-16, 1.0
110.17, 2020-01-17, 1.0
109.91, 2020-01-21, 1.0
110.08, 2020-01-22, 1.0
109.73, 2020-01-23, 1.0
109.3, 2020-01-24, 1.0
108.47, 2020-01-27, 1.0
109.4, 2020-01-28, 1.0
109.4, 2020-01-29, 1.0
109.55, 2020-01-30, 1.0
109.04, 2020-01-31, 1.0
108.62, 2020-02-03, 1.0
109.29, 2020-02-04, 1.0
109.72, 2020-02-05, 1.0
109.76, 2020-02-06, 1.0
109.6, 2020-02-07, 1.0
109.76, 2020-02-10, 1.0
109.8, 2020-02-11, 1.0
110.11, 2020-02-12, 1.0
110.11, 2020-02-13, 1.0
110.16, 2020-02-14, 1.0
109.95, 2020-02-18, 1.0
110.04, 2020-02-19, 1.0
110.19, 2020-02-20, 1.0
110.08, 2020-02-21, 1.0
108.89, 2020-02-24, 1.0
108.03, 2020-02-25, 1.0
108.15, 2020-02-26, 1.0
106.62, 2020-02-27, 1.0
106.97, 2020-02-28, 1.0
107.41, 2020-03-02, 1.0
106.98, 2020-03-03, 1.0
108.4, 2020-03-04, 1.0
107.0, 2020-03-05, 1.0
105.64, 2020-03-06, 1.0
100.72, 2020-03-09, 1.0
102.41, 2020-03-10, 1.0
100.15, 2020-03-11, 1.0
96.09, 2020-03-12, 1.0
99.18, 2020-03-13, 1.0
93.47, 2020-03-16, 1.0
94.14, 2020-03-17, 1.0
90.12, 2020-03-18, 1.0
88.07, 2020-03-19, 1.0
86.14, 2020-03-20, 1.0
84.57, 2020-03-23, 1.0
87.95, 2020-03-24, 1.0
90.03, 2020-03-25, 1.0
93.77, 2020-03-26, 1.0
94.38, 2020-03-27, 1.0
95.35, 2020-03-30, 1.0
94.74, 2020-03-31, 1.0
91.73, 2020-04-01, 1.0
92.35, 2020-04-02, 1.0
90.54, 2020-04-03, 1.0
92.8, 2020-04-06, 1.0
93.12, 2020-04-07, 1.0
95.25, 2020-04-08, 1.0
101.64, 2020-04-09, 1.0
100.41, 2020-04-13, 1.0
100.66, 2020-04-14, 1.0
99.68, 2020-04-15, 1.0
99.61, 2020-04-16, 1.0
100.13, 2020-04-17, 1.0
98.58, 2020-04-20, 1.0
96.49, 2020-04-21, 1.0
97.44, 2020-04-22, 1.0
97.26, 2020-04-23, 1.0
96.62, 2020-04-24, 1.0
96.99, 2020-04-27, 1.0
97.16, 2020-04-28, 1.0
98.8, 2020-04-29, 1.0
99.03, 2020-04-30, 1.0
96.96, 2020-05-01, 1.0
96.82, 2020-05-04, 1.0
97.57, 2020-05-05, 1.0
97.2, 2020-05-06, 1.0
97.45, 2020-05-07, 1.0
98.4, 2020-05-08, 1.0
97.98, 2020-05-11, 1.0
97.93, 2020-05-12, 1.0
97.35, 2020-05-13, 1.0
97.08, 2020-05-14, 1.0
97.13, 2020-05-15, 1.0
98.78, 2020-05-18, 1.0
98.9, 2020-05-19, 1.0
99.98, 2020-05-20, 1.0
99.96, 2020-05-21, 1.0
100.29, 2020-05-22, 1.0
101.15, 2020-05-26, 1.0
101.45, 2020-05-27, 1.0
101.51, 2020-05-28, 1.0
101.99, 2020-05-29, 1.0
102.18, 2020-06-01, 1.0
103.22, 2020-06-02, 1.0
103.88, 2020-06-03, 1.0
103.54, 2020-06-04, 1.0
104.61, 2020-06-05, 1.0
104.76, 2020-06-08, 1.0
104.08, 2020-06-09, 1.0
103.91, 2020-06-10, 1.0
101.26, 2020-06-11, 1.0
102.28, 2020-06-12, 1.0
102.99, 2020-06-15, 1.0
103.74, 2020-06-16, 1.0
103.5, 2020-06-17, 1.0
103.19, 2020-06-18, 1.0
103.06, 2020-06-19, 1.0
102.9, 2020-06-22, 1.0
103.07, 2020-06-23, 1.0
101.96, 2020-06-24, 1.0
101.89, 2020-06-25, 1.0
100.96, 2020-06-26, 1.0
100.13, 2020-06-29, 1.0
101.16, 2020-06-30, 1.0
100.95, 2020-07-01, 1.0
101.72, 2020-07-02, 1.0
102.44, 2020-07-06, 1.0
101.88, 2020-07-07, 1.0
102.13, 2020-07-08, 1.0
101.81, 2020-07-09, 1.0
102.13, 2020-07-10, 1.0
101.62, 2020-07-13, 1.0
102.59, 2020-07-14, 1.0
103.23, 2020-07-15, 1.0
103.32, 2020-07-16, 1.0
103.69, 2020-07-17, 1.0
104.31, 2020-07-20, 1.0
104.78, 2020-07-21, 1.0
105.04, 2020-07-22, 1.0
104.88, 2020-07-23, 1.0
105.06, 2020-07-24, 1.0
105.33, 2020-07-27, 1.0
105.0, 2020-07-28, 1.0
105.63, 2020-07-29, 1.0
105.95, 2020-07-30, 1.0
106.1, 2020-07-31, 1.0
105.65, 2020-08-03, 1.0
105.69, 2020-08-04, 1.0
105.86, 2020-08-05, 1.0
106.02, 2020-08-06, 1.0
105.88, 2020-08-07, 1.0
105.81, 2020-08-10, 1.0
104.9, 2020-08-11, 1.0
105.12, 2020-08-12, 1.0
104.63, 2020-08-13, 1.0
104.38, 2020-08-14, 1.0
105.11, 2020-08-17, 1.0
105.13, 2020-08-18, 1.0
104.72, 2020-08-19, 1.0
105.15, 2020-08-20, 1.0
105.13, 2020-08-21, 1.0
105.7, 2020-08-24, 1.0
105.88, 2020-08-25, 1.0
105.86, 2020-08-26, 1.0
105.72, 2020-08-27, 1.0
105.79, 2020-08-28, 1.0
105.75, 2020-08-31, 1.0
105.83, 2020-09-01, 1.0
106.01, 2020-09-02, 1.0
105.36, 2020-09-03, 1.0
105.06, 2020-09-04, 1.0
104.42, 2020-09-08, 1.0
105.2, 2020-09-09, 1.0
104.81, 2020-09-10, 1.0
105.06, 2020-09-11, 1.0
104.92, 2020-09-14, 1.0
105.15, 2020-09-15, 1.0
105.12, 2020-09-16, 1.0
105.16, 2020-09-17, 1.0
104.85, 2020-09-18, 1.0
103.91, 2020-09-21, 1.0
104.24, 2020-09-22, 1.0
103.26, 2020-09-23, 1.0
103.18, 2020-09-24, 1.0
103.08, 2020-09-25, 1.0
103.81, 2020-09-28, 1.0
103.89, 2020-09-29, 1.0
104.27, 2020-09-30, 1.0
104.15, 2020-10-01, 1.0
104.1, 2020-10-02, 1.0
104.81, 2020-10-05, 1.0
104.58, 2020-10-06, 1.0
104.99, 2020-10-07, 1.0
105.32, 2020-10-08, 1.0
105.48, 2020-10-09, 1.0
106.08, 2020-10-12, 1.0
105.64, 2020-10-13, 1.0
105.4, 2020-10-14, 1.0
105.34, 2020-10-15, 1.0
105.12, 2020-10-16, 1.0
104.9, 2020-10-19, 1.0
105.26, 2020-10-20, 1.0
105.23, 2020-10-21, 1.0
105.4, 2020-10-22, 1.0
105.51, 2020-10-23, 1.0
104.67, 2020-10-26, 1.0
104.69, 2020-10-27, 1.0
103.81, 2020-10-28, 1.0
104.08, 2020-10-29, 1.0
104.3, 2020-10-30, 1.0
104.11, 2020-11-02, 1.0
105.1, 2020-11-03, 1.0
106.04, 2020-11-04, 1.0
106.47, 2020-11-05, 1.0
106.13, 2020-11-06, 1.0
106.89, 2020-11-09, 1.0
106.86, 2020-11-10, 1.0
106.7, 2020-11-11, 1.0
106.1, 2020-11-12, 1.0
106.44, 2020-11-13, 1.0
107.03, 2020-11-16, 1.0
107.13, 2020-11-17, 1.0
106.89, 2020-11-18, 1.0
107.27, 2020-11-19, 1.0
107.1, 2020-11-20, 1.0
107.26, 2020-11-23, 1.0
107.54, 2020-11-24, 1.0
107.53, 2020-11-25, 1.0
107.66, 2020-11-27, 1.0
107.53, 2020-11-30, 1.0
107.54, 2020-12-01, 1.0
107.76, 2020-12-02, 1.0
107.83, 2020-12-03, 1.0
108.28, 2020-12-04, 1.0
108.21, 2020-12-07, 1.0
108.21, 2020-12-08, 1.0
107.97, 2020-12-09, 1.0
108.15, 2020-12-10, 1.0
108.06, 2020-12-11, 1.0
108.03, 2020-12-14, 1.0
108.41, 2020-12-15, 1.0
108.27, 2020-12-16, 1.0
108.45, 2020-12-17, 1.0
108.1, 2020-12-18, 1.0
107.71, 2020-12-21, 1.0
107.85, 2020-12-22, 1.0
108.28, 2020-12-23, 1.0
108.55, 2020-12-24, 1.0
108.65, 2020-12-28, 1.0
108.61, 2020-12-29, 1.0
108.81, 2020-12-30, 1.0
108.94, 2020-12-31, 1.0
108.67, 2021-01-04, 1.0
108.74, 2021-01-05, 1.0
108.58, 2021-01-06, 1.0
108.88, 2021-01-07, 1.0
109.02, 2021-01-08, 1.0
108.43, 2021-01-11, 1.0
108.59, 2021-01-12, 1.0
108.89, 2021-01-13, 1.0
108.85, 2021-01-14, 1.0
108.69, 2021-01-15, 1.0
108.98, 2021-01-19, 1.0
109.25, 2021-01-20, 1.0
109.18, 2021-01-21, 1.0
