51.18, 2007-12-12, 1.0
51.25, 2007-12-13, 1.0
50.9, 2007-12-14, 1.0
48.68, 2007-12-17, 1.0
48.5, 2007-12-18, 1.0
48.75, 2007-12-19, 1.0
48.45, 2007-12-20, 1.0
49.3, 2007-12-21, 1.0
49.56, 2007-12-24, 1.0
49.16, 2007-12-26, 1.0
49.61, 2007-12-27, 1.0
50.05, 2007-12-28, 1.0
50.98, 2007-12-31, 1.0
50.27, 2008-01-02, 1.0
50.23, 2008-01-03, 1.0
48.5, 2008-01-04, 1.0
47.68, 2008-01-07, 1.0
47.63, 2008-01-08, 1.0
47.25, 2008-01-09, 1.0
46.58, 2008-01-10, 1.0
46.24, 2008-01-11, 1.0
46.72, 2008-01-14, 1.0
45.55, 2008-01-15, 1.0
43.97, 2008-01-16, 1.0
44.1, 2008-01-17, 1.0
44.03, 2008-01-18, 1.0
45.38, 2008-01-22, 1.0
46.91, 2008-01-23, 1.0
44.48, 2008-01-24, 1.0
44.56, 2008-01-25, 1.0
44.36, 2008-01-28, 1.0
44.97, 2008-01-29, 1.0
45.27, 2008-01-30, 1.0
45.66, 2008-01-31, 1.0
45.65, 2008-02-01, 1.0
46.59, 2008-02-04, 1.0
44.31, 2008-02-05, 1.0
44.47, 2008-02-06, 1.0
42.59, 2008-02-07, 1.0
43.13, 2008-02-08, 1.0
43.72, 2008-02-11, 1.0
44.02, 2008-02-12, 1.0
43.93, 2008-02-13, 1.0
44.59, 2008-02-14, 1.0
44.96, 2008-02-15, 1.0
45.7, 2008-02-19, 1.0
45.31, 2008-02-20, 1.0
45.62, 2008-02-21, 1.0
45.78, 2008-02-22, 1.0
45.76, 2008-02-25, 1.0
46.74, 2008-02-26, 1.0
46.66, 2008-02-27, 1.0
46.46, 2008-02-28, 1.0
45.4899, 2008-02-29, 1.0
45.12, 2008-03-03, 1.0
44.55, 2008-03-04, 1.0
45.07, 2008-03-05, 1.0
44.51, 2008-03-06, 1.0
43.79, 2008-03-07, 1.0
43.25, 2008-03-10, 1.0
44.81, 2008-03-11, 1.0
44.75, 2008-03-12, 1.0
45.27, 2008-03-13, 1.0
43.95, 2008-03-14, 1.0
43.18, 2008-03-17, 1.0
44.57, 2008-03-18, 1.0
42.97, 2008-03-19, 1.0
43.12, 2008-03-20, 1.0
43.468, 2008-03-24, 1.0
44.92, 2008-03-25, 1.0
45.29, 2008-03-26, 1.0
45.69, 2008-03-27, 1.0
45.61, 2008-03-28, 1.0
46.36, 2008-03-31, 1.0
47.24, 2008-04-01, 1.0
46.7401, 2008-04-02, 1.0
46.77, 2008-04-03, 1.0
46.82, 2008-04-04, 1.0
47.06, 2008-04-07, 1.0
46.42, 2008-04-08, 1.0
46.04, 2008-04-09, 1.0
45.82, 2008-04-10, 1.0
45.74, 2008-04-11, 1.0
45.45, 2008-04-14, 1.0
45.4, 2008-04-15, 1.0
46.85, 2008-04-16, 1.0
46.64, 2008-04-17, 1.0
47.0, 2008-04-18, 1.0
46.98, 2008-04-21, 1.0
46.86, 2008-04-22, 1.0
46.9, 2008-04-23, 1.0
46.7, 2008-04-24, 1.0
47.0, 2008-04-25, 1.0
47.19, 2008-04-28, 1.0
46.78, 2008-04-29, 1.0
47.2512, 2008-04-30, 1.0
47.62, 2008-05-01, 1.0
47.93, 2008-05-02, 1.0
47.71, 2008-05-05, 1.0
48.128, 2008-05-06, 1.0
47.65, 2008-05-07, 1.0
48.17, 2008-05-08, 1.0
48.05, 2008-05-09, 1.0
48.6, 2008-05-12, 1.0
48.19, 2008-05-13, 1.0
48.128, 2008-05-14, 1.0
48.6, 2008-05-15, 1.0
49.25, 2008-05-16, 1.0
49.04, 2008-05-19, 1.0
48.6399, 2008-05-20, 1.0
48.434, 2008-05-21, 1.0
48.72, 2008-05-22, 1.0
48.5, 2008-05-23, 1.0
47.95, 2008-05-27, 1.0
47.99, 2008-05-28, 1.0
47.99, 2008-05-29, 1.0
48.25, 2008-05-30, 1.0
47.6, 2008-06-02, 1.0
48.07, 2008-06-03, 1.0
47.57, 2008-06-04, 1.0
48.5, 2008-06-05, 1.0
47.23, 2008-06-06, 1.0
46.74, 2008-06-09, 1.0
46.0, 2008-06-10, 1.0
45.3, 2008-06-11, 1.0
44.96, 2008-06-12, 1.0
45.43, 2008-06-13, 1.0
45.78, 2008-06-16, 1.0
46.06, 2008-06-17, 1.0
45.3499, 2008-06-18, 1.0
45.2, 2008-06-19, 1.0
44.38, 2008-06-20, 1.0
44.25, 2008-06-23, 1.0
43.9, 2008-06-24, 1.0
44.08, 2008-06-25, 1.0
43.0, 2008-06-26, 1.0
43.22, 2008-06-27, 1.0
43.985, 2008-06-30, 1.0
42.83, 2008-07-01, 1.0
42.12, 2008-07-02, 1.0
41.26, 2008-07-03, 1.0
41.35, 2008-07-07, 1.0
41.8, 2008-07-08, 1.0
40.94, 2008-07-09, 1.0
41.0, 2008-07-10, 1.0
40.5, 2008-07-11, 1.0
40.5, 2008-07-14, 1.0
40.42, 2008-07-15, 1.0
40.86, 2008-07-16, 1.0
41.763, 2008-07-17, 1.0
41.42, 2008-07-18, 1.0
41.96, 2008-07-21, 1.0
42.0, 2008-07-22, 1.0
42.35, 2008-07-23, 1.0
41.5, 2008-07-24, 1.0
41.58, 2008-07-25, 1.0
40.85, 2008-07-28, 1.0
41.181, 2008-07-29, 1.0
41.55, 2008-07-30, 1.0
41.08, 2008-07-31, 1.0
40.57, 2008-08-01, 1.0
40.074, 2008-08-04, 1.0
40.95, 2008-08-05, 1.0
41.1, 2008-08-06, 1.0
40.3329, 2008-08-07, 1.0
40.56, 2008-08-08, 1.0
40.68, 2008-08-11, 1.0
39.85, 2008-08-12, 1.0
39.39, 2008-08-13, 1.0
39.45, 2008-08-14, 1.0
39.02, 2008-08-15, 1.0
39.05, 2008-08-18, 1.0
38.15, 2008-08-19, 1.0
38.52, 2008-08-20, 1.0
38.88, 2008-08-21, 1.0
39.05, 2008-08-22, 1.0
38.338, 2008-08-25, 1.0
38.72, 2008-08-26, 1.0
38.91, 2008-08-27, 1.0
39.41, 2008-08-28, 1.0
39.6, 2008-08-29, 1.0
38.95, 2008-09-02, 1.0
38.89, 2008-09-03, 1.0
37.39, 2008-09-04, 1.0
37.27, 2008-09-05, 1.0
37.81, 2008-09-08, 1.0
36.54, 2008-09-09, 1.0
36.93, 2008-09-10, 1.0
36.226, 2008-09-11, 1.0
37.03, 2008-09-12, 1.0
35.27, 2008-09-15, 1.0
35.69, 2008-09-16, 1.0
34.34, 2008-09-17, 1.0
35.6, 2008-09-18, 1.0
37.34, 2008-09-19, 1.0
36.884, 2008-09-22, 1.0
38.57, 2008-09-23, 1.0
36.16, 2008-09-24, 1.0
36.2592, 2008-09-25, 1.0
35.83, 2008-09-26, 1.0
32.39, 2008-09-29, 1.0
33.78, 2008-09-30, 1.0
33.34, 2008-10-01, 1.0
32.07, 2008-10-02, 1.0
31.16, 2008-10-03, 1.0
29.16, 2008-10-06, 1.0
28.11, 2008-10-07, 1.0
27.61, 2008-10-08, 1.0
25.796, 2008-10-09, 1.0
26.46, 2008-10-10, 1.0
27.76, 2008-10-13, 1.0
28.1, 2008-10-14, 1.0
25.39, 2008-10-15, 1.0
26.99, 2008-10-16, 1.0
26.2, 2008-10-17, 1.0
27.122, 2008-10-20, 1.0
26.08, 2008-10-21, 1.0
24.46, 2008-10-22, 1.0
24.86, 2008-10-23, 1.0
23.01, 2008-10-24, 1.0
22.07, 2008-10-27, 1.0
25.16, 2008-10-28, 1.0
24.46, 2008-10-29, 1.0
25.27, 2008-10-30, 1.0
25.75, 2008-10-31, 1.0
25.75, 2008-11-03, 1.0
27.26, 2008-11-04, 1.0
26.18, 2008-11-05, 1.0
24.68, 2008-11-06, 1.0
25.9, 2008-11-07, 1.0
25.743, 2008-11-10, 1.0
25.32, 2008-11-11, 1.0
23.98, 2008-11-12, 1.0
25.03, 2008-11-13, 1.0
24.28, 2008-11-14, 1.0
23.98, 2008-11-17, 1.0
23.1, 2008-11-18, 1.0
22.11, 2008-11-19, 1.0
21.36, 2008-11-20, 1.0
22.58, 2008-11-21, 1.0
24.01, 2008-11-24, 1.0
23.74, 2008-11-25, 1.0
23.96, 2008-11-26, 1.0
23.85, 2008-11-28, 1.0
22.48, 2008-12-01, 1.0
23.15, 2008-12-02, 1.0
23.062, 2008-12-03, 1.0
22.71, 2008-12-04, 1.0
22.95, 2008-12-05, 1.0
23.81, 2008-12-08, 1.0
23.09, 2008-12-09, 1.0
24.26, 2008-12-10, 1.0
24.3399, 2008-12-11, 1.0
24.71, 2008-12-12, 1.0
24.84, 2008-12-15, 1.0
26.4, 2008-12-16, 1.0
25.7, 2008-12-17, 1.0
25.03, 2008-12-18, 1.0
24.57, 2008-12-19, 1.0
24.4, 2008-12-22, 1.0
24.24, 2008-12-23, 1.0
24.54, 2008-12-24, 1.0
24.79, 2008-12-26, 1.0
24.89, 2008-12-29, 1.0
25.3, 2008-12-30, 1.0
25.71, 2008-12-31, 1.0
25.98, 2009-01-02, 1.0
25.62, 2009-01-05, 1.0
25.96, 2009-01-06, 1.0
25.57, 2009-01-07, 1.0
25.63, 2009-01-08, 1.0
25.12, 2009-01-09, 1.0
24.67, 2009-01-12, 1.0
24.12, 2009-01-13, 1.0
23.26, 2009-01-14, 1.0
23.74, 2009-01-15, 1.0
23.7999, 2009-01-16, 1.0
22.173, 2009-01-20, 1.0
23.28, 2009-01-21, 1.0
22.739, 2009-01-22, 1.0
22.69, 2009-01-23, 1.0
22.8, 2009-01-26, 1.0
23.16, 2009-01-27, 1.0
23.934, 2009-01-28, 1.0
22.9, 2009-01-29, 1.0
22.74, 2009-01-30, 1.0
22.65, 2009-02-02, 1.0
23.12, 2009-02-03, 1.0
23.06, 2009-02-04, 1.0
23.2, 2009-02-05, 1.0
23.8, 2009-02-06, 1.0
23.91, 2009-02-09, 1.0
22.89, 2009-02-10, 1.0
22.81, 2009-02-11, 1.0
23.04, 2009-02-12, 1.0
22.72, 2009-02-13, 1.0
21.78, 2009-02-17, 1.0
21.67, 2009-02-18, 1.0
21.67, 2009-02-19, 1.0
21.47, 2009-02-20, 1.0
20.31, 2009-02-23, 1.0
21.14, 2009-02-24, 1.0
20.65, 2009-02-25, 1.0
20.46, 2009-02-26, 1.0
20.63, 2009-02-27, 1.0
19.63, 2009-03-02, 1.0
19.6, 2009-03-03, 1.0
20.59, 2009-03-04, 1.0
19.78, 2009-03-05, 1.0
19.7, 2009-03-06, 1.0
19.14, 2009-03-09, 1.0
20.09, 2009-03-10, 1.0
20.18, 2009-03-11, 1.0
20.81, 2009-03-12, 1.0
20.82, 2009-03-13, 1.0
21.16, 2009-03-16, 1.0
21.49, 2009-03-17, 1.0
21.96, 2009-03-18, 1.0
22.19, 2009-03-19, 1.0
21.86, 2009-03-20, 1.0
23.21, 2009-03-23, 1.0
22.72, 2009-03-24, 1.0
23.15, 2009-03-25, 1.0
23.36, 2009-03-26, 1.0
22.91, 2009-03-27, 1.0
22.36, 2009-03-30, 1.0
22.63, 2009-03-31, 1.0
23.28, 2009-04-01, 1.0
23.91, 2009-04-02, 1.0
24.39, 2009-04-03, 1.0
24.08, 2009-04-06, 1.0
23.6, 2009-04-07, 1.0
23.67, 2009-04-08, 1.0
24.34, 2009-04-09, 1.0
24.83, 2009-04-13, 1.0
24.69, 2009-04-14, 1.0
25.07, 2009-04-15, 1.0
25.28, 2009-04-16, 1.0
25.31, 2009-04-17, 1.0
24.33, 2009-04-20, 1.0
24.75, 2009-04-21, 1.0
24.7, 2009-04-22, 1.0
25.4, 2009-04-23, 1.0
25.56, 2009-04-24, 1.0
25.35, 2009-04-27, 1.0
25.06, 2009-04-28, 1.0
25.6401, 2009-04-29, 1.0
25.75, 2009-04-30, 1.0
26.21, 2009-05-01, 1.0
27.1, 2009-05-04, 1.0
27.29, 2009-05-05, 1.0
27.99, 2009-05-06, 1.0
27.53, 2009-05-07, 1.0
28.459, 2009-05-08, 1.0
27.774, 2009-05-11, 1.0
28.1, 2009-05-12, 1.0
27.28, 2009-05-13, 1.0
27.63, 2009-05-14, 1.0
27.63, 2009-05-15, 1.0
28.38, 2009-05-18, 1.0
28.52, 2009-05-19, 1.0
29.06, 2009-05-20, 1.0
28.86, 2009-05-21, 1.0
29.18, 2009-05-22, 1.0
29.65, 2009-05-26, 1.0
28.87, 2009-05-27, 1.0
29.44, 2009-05-28, 1.0
29.85, 2009-05-29, 1.0
30.4, 2009-06-01, 1.0
31.0, 2009-06-02, 1.0
30.36, 2009-06-03, 1.0
30.53, 2009-06-04, 1.0
30.08, 2009-06-05, 1.0
29.9, 2009-06-08, 1.0
30.34, 2009-06-09, 1.0
30.43, 2009-06-10, 1.0
31.09, 2009-06-11, 1.0
30.47, 2009-06-12, 1.0
30.13, 2009-06-15, 1.0
29.44, 2009-06-16, 1.0
29.45, 2009-06-17, 1.0
29.33, 2009-06-18, 1.0
29.75, 2009-06-19, 1.0
28.89, 2009-06-22, 1.0
28.97, 2009-06-23, 1.0
29.26, 2009-06-24, 1.0
29.74, 2009-06-25, 1.0
29.96, 2009-06-26, 1.0
30.14, 2009-06-29, 1.0
29.99, 2009-06-30, 1.0
30.31, 2009-07-01, 1.0
29.74, 2009-07-02, 1.0
29.55, 2009-07-06, 1.0
29.0, 2009-07-07, 1.0
28.9999, 2009-07-08, 1.0
29.19, 2009-07-09, 1.0
28.86, 2009-07-10, 1.0
29.092, 2009-07-13, 1.0
29.32, 2009-07-14, 1.0
29.75, 2009-07-15, 1.0
30.42, 2009-07-16, 1.0
30.16, 2009-07-17, 1.0
30.88, 2009-07-20, 1.0
31.15, 2009-07-21, 1.0
31.21, 2009-07-22, 1.0
31.55, 2009-07-23, 1.0
31.85, 2009-07-24, 1.0
31.75, 2009-07-27, 1.0
31.52, 2009-07-28, 1.0
31.25, 2009-07-29, 1.0
31.8, 2009-07-30, 1.0
32.51, 2009-07-31, 1.0
33.36, 2009-08-03, 1.0
33.12, 2009-08-04, 1.0
33.4, 2009-08-05, 1.0
33.08, 2009-08-06, 1.0
32.98, 2009-08-07, 1.0
32.93, 2009-08-10, 1.0
32.77, 2009-08-11, 1.0
33.15, 2009-08-12, 1.0
33.69, 2009-08-13, 1.0
33.86, 2009-08-14, 1.0
32.65, 2009-08-17, 1.0
33.13, 2009-08-18, 1.0
33.22, 2009-08-19, 1.0
33.77, 2009-08-20, 1.0
34.37, 2009-08-21, 1.0
34.5, 2009-08-24, 1.0
34.79, 2009-08-25, 1.0
34.58, 2009-08-26, 1.0
34.93, 2009-08-27, 1.0
34.75, 2009-08-28, 1.0
34.59, 2009-08-31, 1.0
33.8, 2009-09-01, 1.0
33.7, 2009-09-02, 1.0
34.07, 2009-09-03, 1.0
34.6, 2009-09-04, 1.0
35.47, 2009-09-08, 1.0
35.95, 2009-09-09, 1.0
36.39, 2009-09-10, 1.0
36.25, 2009-09-11, 1.0
36.29, 2009-09-14, 1.0
36.47, 2009-09-15, 1.0
37.06, 2009-09-16, 1.0
36.75, 2009-09-17, 1.0
36.76, 2009-09-18, 1.0
36.37, 2009-09-21, 1.0
36.86, 2009-09-22, 1.0
36.53, 2009-09-23, 1.0
36.0012, 2009-09-24, 1.0
35.9, 2009-09-25, 1.0
36.32, 2009-09-28, 1.0
36.1, 2009-09-29, 1.0
36.29, 2009-09-30, 1.0
35.26, 2009-10-01, 1.0
34.61, 2009-10-02, 1.0
35.35, 2009-10-05, 1.0
35.95, 2009-10-06, 1.0
36.18, 2009-10-07, 1.0
36.76, 2009-10-08, 1.0
36.7, 2009-10-09, 1.0
36.93, 2009-10-12, 1.0
36.91, 2009-10-13, 1.0
37.7, 2009-10-14, 1.0
37.75, 2009-10-15, 1.0
37.39, 2009-10-16, 1.0
37.83, 2009-10-19, 1.0
37.66, 2009-10-20, 1.0
37.25, 2009-10-21, 1.0
37.56, 2009-10-22, 1.0
37.07, 2009-10-23, 1.0
36.42, 2009-10-26, 1.0
35.99, 2009-10-27, 1.0
34.74, 2009-10-28, 1.0
35.98, 2009-10-29, 1.0
35.38, 2009-10-30, 1.0
35.425, 2009-11-02, 1.0
35.26, 2009-11-03, 1.0
35.82, 2009-11-04, 1.0
36.3599, 2009-11-05, 1.0
36.35, 2009-11-06, 1.0
37.34, 2009-11-09, 1.0
37.0, 2009-11-10, 1.0
37.0, 2009-11-11, 1.0
36.51, 2009-11-12, 1.0
37.06, 2009-11-13, 1.0
37.65, 2009-11-16, 1.0
37.39, 2009-11-17, 1.0
37.18, 2009-11-18, 1.0
36.51, 2009-11-19, 1.0
36.22, 2009-11-20, 1.0
36.69, 2009-11-23, 1.0
36.38, 2009-11-24, 1.0
36.73, 2009-11-25, 1.0
35.78, 2009-11-27, 1.0
35.72, 2009-11-30, 1.0
36.73, 2009-12-01, 1.0
36.9, 2009-12-02, 1.0
36.94, 2009-12-03, 1.0
36.67, 2009-12-04, 1.0
36.74, 2009-12-07, 1.0
35.95, 2009-12-08, 1.0
35.96, 2009-12-09, 1.0
35.92, 2009-12-10, 1.0
35.95, 2009-12-11, 1.0
36.16, 2009-12-14, 1.0
35.86, 2009-12-15, 1.0
36.12, 2009-12-16, 1.0
35.54, 2009-12-17, 1.0
35.64, 2009-12-18, 1.0
35.42, 2009-12-21, 1.0
35.05, 2009-12-22, 1.0
35.46, 2009-12-23, 1.0
35.54, 2009-12-24, 1.0
35.7, 2009-12-28, 1.0
35.76, 2009-12-29, 1.0
35.8, 2009-12-30, 1.0
35.81, 2009-12-31, 1.0
36.75, 2010-01-04, 1.0
37.0, 2010-01-05, 1.0
37.12, 2010-01-06, 1.0
37.15, 2010-01-07, 1.0
37.48, 2010-01-08, 1.0
37.87, 2010-01-11, 1.0
37.37, 2010-01-12, 1.0
37.79, 2010-01-13, 1.0
37.97, 2010-01-14, 1.0
37.62, 2010-01-15, 1.0
37.96, 2010-01-19, 1.0
37.02, 2010-01-20, 1.0
36.41, 2010-01-21, 1.0
35.5, 2010-01-22, 1.0
36.04, 2010-01-25, 1.0
35.82, 2010-01-26, 1.0
35.87, 2010-01-27, 1.0
35.39, 2010-01-28, 1.0
35.04, 2010-01-29, 1.0
35.47, 2010-02-01, 1.0
36.23, 2010-02-02, 1.0
35.97, 2010-02-03, 1.0
34.58, 2010-02-04, 1.0
33.98, 2010-02-05, 1.0
33.46, 2010-02-08, 1.0
34.37, 2010-02-09, 1.0
34.2, 2010-02-10, 1.0
34.65, 2010-02-11, 1.0
34.29, 2010-02-12, 1.0
34.92, 2010-02-16, 1.0
35.03, 2010-02-17, 1.0
35.2, 2010-02-18, 1.0
34.96, 2010-02-19, 1.0
35.07, 2010-02-22, 1.0
34.68, 2010-02-23, 1.0
34.83, 2010-02-24, 1.0
34.7, 2010-02-25, 1.0
34.83, 2010-02-26, 1.0
35.05, 2010-03-01, 1.0
35.39, 2010-03-02, 1.0
35.75, 2010-03-03, 1.0
35.74, 2010-03-04, 1.0
36.37, 2010-03-05, 1.0
36.2, 2010-03-08, 1.0
36.24, 2010-03-09, 1.0
36.4, 2010-03-10, 1.0
36.69, 2010-03-11, 1.0
36.93, 2010-03-12, 1.0
36.77, 2010-03-15, 1.0
37.16, 2010-03-16, 1.0
37.45, 2010-03-17, 1.0
37.3, 2010-03-18, 1.0
36.85, 2010-03-19, 1.0
37.01, 2010-03-22, 1.0
37.25, 2010-03-23, 1.0
36.74, 2010-03-24, 1.0
36.63, 2010-03-25, 1.0
37.07, 2010-03-26, 1.0
37.39, 2010-03-29, 1.0
37.47, 2010-03-30, 1.0
37.4, 2010-03-31, 1.0
38.15, 2010-04-01, 1.0
38.14, 2010-04-05, 1.0
38.23, 2010-04-06, 1.0
38.22, 2010-04-07, 1.0
38.31, 2010-04-08, 1.0
38.75, 2010-04-09, 1.0
38.83, 2010-04-12, 1.0
38.66, 2010-04-13, 1.0
39.16, 2010-04-14, 1.0
39.21, 2010-04-15, 1.0
38.52, 2010-04-16, 1.0
38.37, 2010-04-19, 1.0
38.46, 2010-04-20, 1.0
38.61, 2010-04-21, 1.0
38.5181, 2010-04-22, 1.0
39.06, 2010-04-23, 1.0
39.02, 2010-04-26, 1.0
37.65, 2010-04-27, 1.0
37.25, 2010-04-28, 1.0
37.97, 2010-04-29, 1.0
37.63, 2010-04-30, 1.0
37.89, 2010-05-03, 1.0
36.39, 2010-05-04, 1.0
35.62, 2010-05-05, 1.0
34.634, 2010-05-06, 1.0
33.95, 2010-05-07, 1.0
35.97, 2010-05-10, 1.0
35.37, 2010-05-11, 1.0
35.87, 2010-05-12, 1.0
35.58, 2010-05-13, 1.0
35.01, 2010-05-14, 1.0
34.9, 2010-05-17, 1.0
33.82, 2010-05-18, 1.0
33.68, 2010-05-19, 1.0
32.31, 2010-05-20, 1.0
33.178, 2010-05-21, 1.0
32.39, 2010-05-24, 1.0
32.05, 2010-05-25, 1.0
31.63, 2010-05-26, 1.0
33.43, 2010-05-27, 1.0
32.94, 2010-05-28, 1.0
32.62, 2010-06-01, 1.0
33.45, 2010-06-02, 1.0
33.56, 2010-06-03, 1.0
32.16, 2010-06-04, 1.0
31.78, 2010-06-07, 1.0
32.4, 2010-06-08, 1.0
32.42, 2010-06-09, 1.0
33.69, 2010-06-10, 1.0
33.74, 2010-06-11, 1.0
33.87, 2010-06-14, 1.0
34.91, 2010-06-15, 1.0
34.7, 2010-06-16, 1.0
34.74, 2010-06-17, 1.0
34.89, 2010-06-18, 1.0
34.86, 2010-06-21, 1.0
34.53, 2010-06-22, 1.0
34.41, 2010-06-23, 1.0
33.85, 2010-06-24, 1.0
34.17, 2010-06-25, 1.0
33.79, 2010-06-28, 1.0
32.68, 2010-06-29, 1.0
32.52, 2010-06-30, 1.0
32.93, 2010-07-01, 1.0
33.02, 2010-07-02, 1.0
33.67, 2010-07-06, 1.0
34.46, 2010-07-07, 1.0
34.64, 2010-07-08, 1.0
34.65, 2010-07-09, 1.0
34.5, 2010-07-12, 1.0
35.04, 2010-07-13, 1.0
34.98, 2010-07-14, 1.0
35.33, 2010-07-15, 1.0
34.42, 2010-07-16, 1.0
34.45, 2010-07-19, 1.0
34.72, 2010-07-20, 1.0
34.31, 2010-07-21, 1.0
35.27, 2010-07-22, 1.0
35.71, 2010-07-23, 1.0
36.0599, 2010-07-26, 1.0
35.97, 2010-07-27, 1.0
35.81, 2010-07-28, 1.0
36.02, 2010-07-29, 1.0
35.9, 2010-07-30, 1.0
36.86, 2010-08-02, 1.0
36.795, 2010-08-03, 1.0
36.82, 2010-08-04, 1.0
36.88, 2010-08-05, 1.0
37.1, 2010-08-06, 1.0
37.1, 2010-08-09, 1.0
36.62, 2010-08-10, 1.0
35.17, 2010-08-11, 1.0
34.85, 2010-08-12, 1.0
34.821, 2010-08-13, 1.0
35.13, 2010-08-16, 1.0
35.62, 2010-08-17, 1.0
35.71, 2010-08-18, 1.0
35.2, 2010-08-19, 1.0
34.81, 2010-08-20, 1.0
34.74, 2010-08-23, 1.0
34.22, 2010-08-24, 1.0
34.22, 2010-08-25, 1.0
34.1, 2010-08-26, 1.0
34.81, 2010-08-27, 1.0
34.46, 2010-08-30, 1.0
34.28, 2010-08-31, 1.0
35.48, 2010-09-01, 1.0
35.74, 2010-09-02, 1.0
36.12, 2010-09-03, 1.0
35.61, 2010-09-07, 1.0
35.98, 2010-09-08, 1.0
36.28, 2010-09-09, 1.0
36.35, 2010-09-10, 1.0
37.085, 2010-09-13, 1.0
37.335, 2010-09-14, 1.0
37.41, 2010-09-15, 1.0
37.27, 2010-09-16, 1.0
37.24, 2010-09-17, 1.0
37.77, 2010-09-20, 1.0
37.85, 2010-09-21, 1.0
37.84, 2010-09-22, 1.0
37.49, 2010-09-23, 1.0
38.31, 2010-09-24, 1.0
38.35, 2010-09-27, 1.0
38.65, 2010-09-28, 1.0
38.68, 2010-09-29, 1.0
38.38, 2010-09-30, 1.0
38.79, 2010-10-01, 1.0
38.42, 2010-10-04, 1.0
39.15, 2010-10-05, 1.0
39.42, 2010-10-06, 1.0
39.54, 2010-10-07, 1.0
39.65, 2010-10-08, 1.0
39.69, 2010-10-11, 1.0
39.66, 2010-10-12, 1.0
40.1, 2010-10-13, 1.0
40.42, 2010-10-14, 1.0
40.17, 2010-10-15, 1.0
40.34, 2010-10-18, 1.0
39.36, 2010-10-19, 1.0
39.89, 2010-10-20, 1.0
39.92, 2010-10-21, 1.0
40.11, 2010-10-22, 1.0
40.24, 2010-10-25, 1.0
40.16, 2010-10-26, 1.0
39.78, 2010-10-27, 1.0
39.86, 2010-10-28, 1.0
40.1144, 2010-10-29, 1.0
40.08, 2010-11-01, 1.0
40.54, 2010-11-02, 1.0
40.8, 2010-11-03, 1.0
41.54, 2010-11-04, 1.0
41.415, 2010-11-05, 1.0
41.15, 2010-11-08, 1.0
40.85, 2010-11-09, 1.0
41.02, 2010-11-10, 1.0
40.49, 2010-11-11, 1.0
40.22, 2010-11-12, 1.0
40.12, 2010-11-15, 1.0
39.25, 2010-11-16, 1.0
39.45, 2010-11-17, 1.0
40.38, 2010-11-18, 1.0
40.52, 2010-11-19, 1.0
40.39, 2010-11-22, 1.0
39.13, 2010-11-23, 1.0
39.69, 2010-11-24, 1.0
39.36, 2010-11-26, 1.0
39.09, 2010-11-29, 1.0
38.73, 2010-11-30, 1.0
39.75, 2010-12-01, 1.0
40.69, 2010-12-02, 1.0
41.16, 2010-12-03, 1.0
41.18, 2010-12-06, 1.0
41.24, 2010-12-07, 1.0
41.37, 2010-12-08, 1.0
41.2, 2010-12-09, 1.0
41.39, 2010-12-10, 1.0
41.78, 2010-12-13, 1.0
42.06, 2010-12-14, 1.0
41.59, 2010-12-15, 1.0
41.75, 2010-12-16, 1.0
41.79, 2010-12-17, 1.0
41.78, 2010-12-20, 1.0
41.02, 2010-12-21, 1.0
41.03, 2010-12-22, 1.0
41.18, 2010-12-23, 1.0
41.16, 2010-12-27, 1.0
41.09, 2010-12-28, 1.0
41.8, 2010-12-29, 1.0
41.86, 2010-12-30, 1.0
42.21, 2010-12-31, 1.0
42.64, 2011-01-03, 1.0
42.51, 2011-01-04, 1.0
42.25, 2011-01-05, 1.0
41.86, 2011-01-06, 1.0
41.7, 2011-01-07, 1.0
41.65, 2011-01-10, 1.0
41.89, 2011-01-11, 1.0
42.72, 2011-01-12, 1.0
42.67, 2011-01-13, 1.0
43.08, 2011-01-14, 1.0
43.27, 2011-01-18, 1.0
43.13, 2011-01-19, 1.0
42.61, 2011-01-20, 1.0
42.58, 2011-01-21, 1.0
42.74, 2011-01-24, 1.0
42.71, 2011-01-25, 1.0
43.06, 2011-01-26, 1.0
43.11, 2011-01-27, 1.0
42.25, 2011-01-28, 1.0
42.5, 2011-01-31, 1.0
43.75, 2011-02-01, 1.0
43.43, 2011-02-02, 1.0
43.45, 2011-02-03, 1.0
43.43, 2011-02-04, 1.0
43.77, 2011-02-07, 1.0
43.91, 2011-02-08, 1.0
43.68, 2011-02-09, 1.0
43.23, 2011-02-10, 1.0
43.29, 2011-02-11, 1.0
43.5, 2011-02-14, 1.0
43.28, 2011-02-15, 1.0
43.6, 2011-02-16, 1.0
43.705, 2011-02-17, 1.0
43.852, 2011-02-18, 1.0
42.6, 2011-02-22, 1.0
42.585, 2011-02-23, 1.0
42.4, 2011-02-24, 1.0
43.09, 2011-02-25, 1.0
43.47, 2011-02-28, 1.0
43.125, 2011-03-01, 1.0
43.44, 2011-03-02, 1.0
43.84, 2011-03-03, 1.0
43.675, 2011-03-04, 1.0
43.48, 2011-03-07, 1.0
43.46, 2011-03-08, 1.0
43.43, 2011-03-09, 1.0
42.285, 2011-03-10, 1.0
42.23, 2011-03-11, 1.0
41.3, 2011-03-14, 1.0
40.21, 2011-03-15, 1.0
39.32, 2011-03-16, 1.0
40.49, 2011-03-17, 1.0
41.53, 2011-03-18, 1.0
42.66, 2011-03-21, 1.0
42.5, 2011-03-22, 1.0
42.46, 2011-03-23, 1.0
43.06, 2011-03-24, 1.0
42.605, 2011-03-25, 1.0
42.59, 2011-03-28, 1.0
42.845, 2011-03-29, 1.0
43.34, 2011-03-30, 1.0
43.34, 2011-03-31, 1.0
43.43, 2011-04-01, 1.0
43.64, 2011-04-04, 1.0
43.43, 2011-04-05, 1.0
43.59, 2011-04-06, 1.0
43.31, 2011-04-07, 1.0
43.67, 2011-04-08, 1.0
43.58, 2011-04-11, 1.0
43.09, 2011-04-12, 1.0
43.22, 2011-04-13, 1.0
43.7, 2011-04-14, 1.0
43.71, 2011-04-15, 1.0
43.0, 2011-04-18, 1.0
43.39, 2011-04-19, 1.0
44.31, 2011-04-20, 1.0
44.64, 2011-04-21, 1.0
44.77, 2011-04-25, 1.0
44.99, 2011-04-26, 1.0
45.448, 2011-04-27, 1.0
45.82, 2011-04-28, 1.0
45.89, 2011-04-29, 1.0
45.85, 2011-05-02, 1.0
45.44, 2011-05-03, 1.0
45.07, 2011-05-04, 1.0
44.26, 2011-05-05, 1.0
44.33, 2011-05-06, 1.0
44.71, 2011-05-09, 1.0
45.24, 2011-05-10, 1.0
44.41, 2011-05-11, 1.0
44.41, 2011-05-12, 1.0
43.66, 2011-05-13, 1.0
43.54, 2011-05-16, 1.0
43.52, 2011-05-17, 1.0
43.77, 2011-05-18, 1.0
43.88, 2011-05-19, 1.0
43.53, 2011-05-20, 1.0
42.5, 2011-05-23, 1.0
42.78, 2011-05-24, 1.0
43.0, 2011-05-25, 1.0
43.42, 2011-05-26, 1.0
43.86, 2011-05-27, 1.0
44.77, 2011-05-31, 1.0
43.9, 2011-06-01, 1.0
44.31, 2011-06-02, 1.0
44.29, 2011-06-03, 1.0
43.82, 2011-06-06, 1.0
44.09, 2011-06-07, 1.0
43.51, 2011-06-08, 1.0
43.9, 2011-06-09, 1.0
42.95, 2011-06-10, 1.0
42.94, 2011-06-13, 1.0
43.54, 2011-06-14, 1.0
42.32, 2011-06-15, 1.0
41.97, 2011-06-16, 1.0
42.359, 2011-06-17, 1.0
42.05, 2011-06-20, 1.0
42.91, 2011-06-21, 1.0
42.17, 2011-06-22, 1.0
41.87, 2011-06-23, 1.0
41.34, 2011-06-24, 1.0
41.57, 2011-06-27, 1.0
42.18, 2011-06-28, 1.0
42.9099, 2011-06-29, 1.0
43.63, 2011-06-30, 1.0
44.05, 2011-07-01, 1.0
43.94, 2011-07-05, 1.0
43.68, 2011-07-06, 1.0
44.06, 2011-07-07, 1.0
43.66, 2011-07-08, 1.0
42.37, 2011-07-11, 1.0
42.04, 2011-07-12, 1.0
42.87, 2011-07-13, 1.0
42.55, 2011-07-14, 1.0
42.66, 2011-07-15, 1.0
41.9, 2011-07-18, 1.0
42.4, 2011-07-19, 1.0
42.8, 2011-07-20, 1.0
43.56, 2011-07-21, 1.0
43.66, 2011-07-22, 1.0
43.67, 2011-07-25, 1.0
43.78, 2011-07-26, 1.0
42.94, 2011-07-27, 1.0
42.83, 2011-07-28, 1.0
42.89, 2011-07-29, 1.0
42.61, 2011-08-01, 1.0
41.27, 2011-08-02, 1.0
41.16, 2011-08-03, 1.0
38.24, 2011-08-04, 1.0
38.54, 2011-08-05, 1.0
35.11, 2011-08-08, 1.0
38.04, 2011-08-09, 1.0
35.93, 2011-08-10, 1.0
37.83, 2011-08-11, 1.0
38.24, 2011-08-12, 1.0
39.15, 2011-08-15, 1.0
38.44, 2011-08-16, 1.0
38.87, 2011-08-17, 1.0
37.17, 2011-08-18, 1.0
36.68, 2011-08-19, 1.0
36.82, 2011-08-22, 1.0
37.84, 2011-08-23, 1.0
37.65, 2011-08-24, 1.0
37.05, 2011-08-25, 1.0
37.59, 2011-08-26, 1.0
38.75, 2011-08-29, 1.0
38.66, 2011-08-30, 1.0
39.36, 2011-08-31, 1.0
38.7, 2011-09-01, 1.0
38.1, 2011-09-02, 1.0
36.81, 2011-09-06, 1.0
37.84, 2011-09-07, 1.0
37.19, 2011-09-08, 1.0
36.11, 2011-09-09, 1.0
35.99, 2011-09-12, 1.0
36.14, 2011-09-13, 1.0
36.45, 2011-09-14, 1.0
37.26, 2011-09-15, 1.0
37.26, 2011-09-16, 1.0
36.51, 2011-09-19, 1.0
36.31, 2011-09-20, 1.0
35.43, 2011-09-21, 1.0
34.37, 2011-09-22, 1.0
34.37, 2011-09-23, 1.0
34.68, 2011-09-26, 1.0
35.49, 2011-09-27, 1.0
35.11, 2011-09-28, 1.0
35.77, 2011-09-29, 1.0
34.94, 2011-09-30, 1.0
34.01, 2011-10-03, 1.0
34.2, 2011-10-04, 1.0
34.37, 2011-10-05, 1.0
35.3, 2011-10-06, 1.0
34.96, 2011-10-07, 1.0
36.29, 2011-10-10, 1.0
36.3, 2011-10-11, 1.0
36.86, 2011-10-12, 1.0
36.96, 2011-10-13, 1.0
37.32, 2011-10-14, 1.0
36.6, 2011-10-17, 1.0
37.27, 2011-10-18, 1.0
36.47, 2011-10-19, 1.0
36.47, 2011-10-20, 1.0
37.15, 2011-10-21, 1.0
37.86, 2011-10-24, 1.0
37.26, 2011-10-25, 1.0
37.76, 2011-10-26, 1.0
39.34, 2011-10-27, 1.0
39.23, 2011-10-28, 1.0
37.54, 2011-10-31, 1.0
36.3, 2011-11-01, 1.0
36.68, 2011-11-02, 1.0
37.51, 2011-11-03, 1.0
37.42, 2011-11-04, 1.0
37.58, 2011-11-07, 1.0
37.81, 2011-11-08, 1.0
36.15, 2011-11-09, 1.0
36.49, 2011-11-10, 1.0
37.24, 2011-11-11, 1.0
36.79, 2011-11-14, 1.0
36.75, 2011-11-15, 1.0
35.82, 2011-11-16, 1.0
35.39, 2011-11-17, 1.0
35.88, 2011-11-18, 1.0
34.92, 2011-11-21, 1.0
34.49, 2011-11-22, 1.0
33.52, 2011-11-23, 1.0
33.37, 2011-11-25, 1.0
34.54, 2011-11-28, 1.0
34.8, 2011-11-29, 1.0
36.58, 2011-11-30, 1.0
35.8, 2011-12-01, 1.0
35.81, 2011-12-02, 1.0
36.38, 2011-12-05, 1.0
36.0, 2011-12-06, 1.0
36.36, 2011-12-07, 1.0
35.21, 2011-12-08, 1.0
36.0, 2011-12-09, 1.0
35.01, 2011-12-12, 1.0
34.64, 2011-12-13, 1.0
34.2, 2011-12-14, 1.0
34.21, 2011-12-15, 1.0
34.15, 2011-12-16, 1.0
33.77, 2011-12-19, 1.0
34.23, 2011-12-20, 1.0
34.19, 2011-12-21, 1.0
34.5, 2011-12-22, 1.0
34.59, 2011-12-23, 1.0
34.7, 2011-12-27, 1.0
34.16, 2011-12-28, 1.0
34.74, 2011-12-29, 1.0
34.76, 2011-12-30, 1.0
35.87, 2012-01-03, 1.0
35.68, 2012-01-04, 1.0
35.16, 2012-01-05, 1.0
34.75, 2012-01-06, 1.0
35.05, 2012-01-09, 1.0
35.38, 2012-01-10, 1.0
35.43, 2012-01-11, 1.0
35.74, 2012-01-12, 1.0
35.58, 2012-01-13, 1.0
35.85, 2012-01-17, 1.0
36.58, 2012-01-18, 1.0
36.89, 2012-01-19, 1.0
37.13, 2012-01-20, 1.0
37.35, 2012-01-23, 1.0
37.05, 2012-01-24, 1.0
37.44, 2012-01-25, 1.0
37.62, 2012-01-26, 1.0
37.84, 2012-01-27, 1.0
37.56, 2012-01-30, 1.0
37.83, 2012-01-31, 1.0
38.47, 2012-02-01, 1.0
38.56, 2012-02-02, 1.0
39.04, 2012-02-03, 1.0
38.91, 2012-02-06, 1.0
39.03, 2012-02-07, 1.0
39.11, 2012-02-08, 1.0
39.17, 2012-02-09, 1.0
38.69, 2012-02-10, 1.0
39.18, 2012-02-13, 1.0
38.9, 2012-02-14, 1.0
38.86, 2012-02-15, 1.0
39.12, 2012-02-16, 1.0
39.43, 2012-02-17, 1.0
39.37, 2012-02-21, 1.0
39.41, 2012-02-22, 1.0
39.73, 2012-02-23, 1.0
40.11, 2012-02-24, 1.0
39.84, 2012-02-27, 1.0
40.3, 2012-02-28, 1.0
39.82, 2012-02-29, 1.0
40.08, 2012-03-01, 1.0
39.75, 2012-03-02, 1.0
39.61, 2012-03-05, 1.0
38.37, 2012-03-06, 1.0
38.97, 2012-03-07, 1.0
39.65, 2012-03-08, 1.0
39.47, 2012-03-09, 1.0
39.27, 2012-03-12, 1.0
39.9007, 2012-03-13, 1.0
39.45, 2012-03-14, 1.0
39.78, 2012-03-15, 1.0
40.05, 2012-03-16, 1.0
40.16, 2012-03-19, 1.0
39.69, 2012-03-20, 1.0
39.62, 2012-03-21, 1.0
39.37, 2012-03-22, 1.0
39.57, 2012-03-23, 1.0
40.22, 2012-03-26, 1.0
40.07, 2012-03-27, 1.0
39.83, 2012-03-28, 1.0
39.74, 2012-03-29, 1.0
40.13, 2012-03-30, 1.0
40.45, 2012-04-02, 1.0
39.94, 2012-04-03, 1.0
38.9716, 2012-04-04, 1.0
38.86, 2012-04-05, 1.0
38.71, 2012-04-09, 1.0
38.0, 2012-04-10, 1.0
38.59, 2012-04-11, 1.0
39.35, 2012-04-12, 1.0
38.93, 2012-04-13, 1.0
38.87, 2012-04-16, 1.0
39.42, 2012-04-17, 1.0
39.33, 2012-04-18, 1.0
39.13, 2012-04-19, 1.0
39.54, 2012-04-20, 1.0
38.77, 2012-04-23, 1.0
39.11, 2012-04-24, 1.0
39.58, 2012-04-25, 1.0
39.8, 2012-04-26, 1.0
39.9, 2012-04-27, 1.0
39.82, 2012-04-30, 1.0
39.77, 2012-05-01, 1.0
39.72, 2012-05-02, 1.0
39.35, 2012-05-03, 1.0
38.58, 2012-05-04, 1.0
38.77, 2012-05-07, 1.0
38.15, 2012-05-08, 1.0
37.41, 2012-05-09, 1.0
37.8, 2012-05-10, 1.0
37.54, 2012-05-11, 1.0
36.7, 2012-05-14, 1.0
36.12, 2012-05-15, 1.0
35.89, 2012-05-16, 1.0
35.61, 2012-05-17, 1.0
35.21, 2012-05-18, 1.0
35.9, 2012-05-21, 1.0
35.81, 2012-05-22, 1.0
35.51, 2012-05-23, 1.0
35.28, 2012-05-24, 1.0
35.13, 2012-05-25, 1.0
35.8, 2012-05-29, 1.0
34.9985, 2012-05-30, 1.0
35.26, 2012-05-31, 1.0
34.04, 2012-06-01, 1.0
34.11, 2012-06-04, 1.0
34.35, 2012-06-05, 1.0
35.36, 2012-06-06, 1.0
35.43, 2012-06-07, 1.0
35.2, 2012-06-08, 1.0
34.72, 2012-06-11, 1.0
35.01, 2012-06-12, 1.0
34.64, 2012-06-13, 1.0
34.86, 2012-06-14, 1.0
35.52, 2012-06-15, 1.0
35.59, 2012-06-18, 1.0
36.05, 2012-06-19, 1.0
36.29, 2012-06-20, 1.0
34.9, 2012-06-21, 1.0
35.33, 2012-06-22, 1.0
34.5201, 2012-06-25, 1.0
34.69, 2012-06-26, 1.0
34.92, 2012-06-27, 1.0
34.9699, 2012-06-28, 1.0
36.14, 2012-06-29, 1.0
36.3, 2012-07-02, 1.0
36.72, 2012-07-03, 1.0
36.17, 2012-07-05, 1.0
35.817, 2012-07-06, 1.0
35.7, 2012-07-09, 1.0
35.4, 2012-07-10, 1.0
35.4, 2012-07-11, 1.0
35.16, 2012-07-12, 1.0
35.52, 2012-07-13, 1.0
35.58, 2012-07-16, 1.0
35.64, 2012-07-17, 1.0
35.66, 2012-07-18, 1.0
36.1, 2012-07-19, 1.0
35.42, 2012-07-20, 1.0
34.64, 2012-07-23, 1.0
34.38, 2012-07-24, 1.0
34.6, 2012-07-25, 1.0
35.48, 2012-07-26, 1.0
35.96, 2012-07-27, 1.0
35.95, 2012-07-30, 1.0
35.71, 2012-07-31, 1.0
35.74, 2012-08-01, 1.0
35.43, 2012-08-02, 1.0
36.17, 2012-08-03, 1.0
36.41, 2012-08-06, 1.0
36.58, 2012-08-07, 1.0
36.58, 2012-08-08, 1.0
36.63, 2012-08-09, 1.0
36.86, 2012-08-10, 1.0
36.76, 2012-08-13, 1.0
36.9, 2012-08-14, 1.0
36.82, 2012-08-15, 1.0
37.17, 2012-08-16, 1.0
37.29, 2012-08-17, 1.0
37.3, 2012-08-20, 1.0
37.54, 2012-08-21, 1.0
37.58, 2012-08-22, 1.0
37.38, 2012-08-23, 1.0
37.31, 2012-08-24, 1.0
37.17, 2012-08-27, 1.0
37.16, 2012-08-28, 1.0
37.19, 2012-08-29, 1.0
36.69, 2012-08-30, 1.0
37.14, 2012-08-31, 1.0
37.0, 2012-09-04, 1.0
36.86, 2012-09-05, 1.0
37.59, 2012-09-06, 1.0
38.09, 2012-09-07, 1.0
37.96, 2012-09-10, 1.0
38.37, 2012-09-11, 1.0
38.63, 2012-09-12, 1.0
39.33, 2012-09-13, 1.0
39.64, 2012-09-14, 1.0
39.42, 2012-09-17, 1.0
39.3, 2012-09-18, 1.0
39.35, 2012-09-19, 1.0
39.17, 2012-09-20, 1.0
39.25, 2012-09-21, 1.0
39.08, 2012-09-24, 1.0
38.85, 2012-09-25, 1.0
38.6, 2012-09-26, 1.0
39.06, 2012-09-27, 1.0
38.7, 2012-09-28, 1.0
38.82, 2012-10-01, 1.0
38.89, 2012-10-02, 1.0
38.68, 2012-10-03, 1.0
39.3, 2012-10-04, 1.0
39.37, 2012-10-05, 1.0
39.1, 2012-10-08, 1.0
38.62, 2012-10-09, 1.0
38.48, 2012-10-10, 1.0
38.58, 2012-10-11, 1.0
38.56, 2012-10-12, 1.0
38.93, 2012-10-15, 1.0
39.3627, 2012-10-16, 1.0
39.72, 2012-10-17, 1.0
39.66, 2012-10-18, 1.0
39.21, 2012-10-19, 1.0
39.52, 2012-10-22, 1.0
38.8, 2012-10-23, 1.0
38.92, 2012-10-24, 1.0
39.18, 2012-10-25, 1.0
39.13, 2012-10-26, 1.0
39.0, 2012-10-31, 1.0
39.37, 2012-11-01, 1.0
39.11, 2012-11-02, 1.0
38.97, 2012-11-05, 1.0
39.26, 2012-11-06, 1.0
38.71, 2012-11-07, 1.0
38.37, 2012-11-08, 1.0
38.23, 2012-11-09, 1.0
38.21, 2012-11-12, 1.0
37.89, 2012-11-13, 1.0
37.58, 2012-11-14, 1.0
37.55, 2012-11-15, 1.0
37.67, 2012-11-16, 1.0
38.38, 2012-11-19, 1.0
38.46, 2012-11-20, 1.0
38.42, 2012-11-21, 1.0
39.15, 2012-11-23, 1.0
39.17, 2012-11-26, 1.0
39.0, 2012-11-27, 1.0
39.23, 2012-11-28, 1.0
39.54, 2012-11-29, 1.0
39.57, 2012-11-30, 1.0
39.52, 2012-12-03, 1.0
39.61, 2012-12-04, 1.0
39.74, 2012-12-05, 1.0
39.89, 2012-12-06, 1.0
39.7901, 2012-12-07, 1.0
39.83, 2012-12-10, 1.0
40.05, 2012-12-11, 1.0
40.17, 2012-12-12, 1.0
39.99, 2012-12-13, 1.0
40.25, 2012-12-14, 1.0
40.43, 2012-12-17, 1.0
40.08, 2012-12-18, 1.0
40.1492, 2012-12-19, 1.0
40.61, 2012-12-20, 1.0
40.24, 2012-12-21, 1.0
40.23, 2012-12-24, 1.0
40.3, 2012-12-26, 1.0
40.426, 2012-12-27, 1.0
40.18, 2012-12-28, 1.0
40.71, 2012-12-31, 1.0
41.47, 2013-01-02, 1.0
41.14, 2013-01-03, 1.0
41.12, 2013-01-04, 1.0
41.22, 2013-01-07, 1.0
41.06, 2013-01-08, 1.0
41.34, 2013-01-09, 1.0
41.89, 2013-01-10, 1.0
42.03, 2013-01-11, 1.0
41.98, 2013-01-14, 1.0
41.87, 2013-01-15, 1.0
41.74, 2013-01-16, 1.0
42.04, 2013-01-17, 1.0
42.01, 2013-01-18, 1.0
42.13, 2013-01-22, 1.0
42.049, 2013-01-23, 1.0
42.28, 2013-01-24, 1.0
42.67, 2013-01-25, 1.0
42.39, 2013-01-28, 1.0
42.4768, 2013-01-29, 1.0
42.54, 2013-01-30, 1.0
42.44, 2013-01-31, 1.0
43.0, 2013-02-01, 1.0
42.39, 2013-02-04, 1.0
42.56, 2013-02-05, 1.0
42.7, 2013-02-06, 1.0
42.57, 2013-02-07, 1.0
42.84, 2013-02-08, 1.0
42.85, 2013-02-11, 1.0
42.96, 2013-02-12, 1.0
43.087, 2013-02-13, 1.0
42.89, 2013-02-14, 1.0
42.85, 2013-02-15, 1.0
43.39, 2013-02-19, 1.0
42.98, 2013-02-20, 1.0
42.53, 2013-02-21, 1.0
43.13, 2013-02-22, 1.0
42.14, 2013-02-25, 1.0
42.64, 2013-02-26, 1.0
43.15, 2013-02-27, 1.0
43.0, 2013-02-28, 1.0
43.09, 2013-03-01, 1.0
43.12, 2013-03-04, 1.0
43.51, 2013-03-05, 1.0
43.66, 2013-03-06, 1.0
43.65, 2013-03-07, 1.0
43.36, 2013-03-08, 1.0
43.39, 2013-03-11, 1.0
43.14, 2013-03-12, 1.0
43.13, 2013-03-13, 1.0
43.67, 2013-03-14, 1.0
43.83, 2013-03-15, 1.0
43.6, 2013-03-18, 1.0
43.48, 2013-03-19, 1.0
43.72, 2013-03-20, 1.0
43.58, 2013-03-21, 1.0
43.94, 2013-03-22, 1.0
43.63, 2013-03-25, 1.0
43.99, 2013-03-26, 1.0
43.83, 2013-03-27, 1.0
43.96, 2013-03-28, 1.0
43.09, 2013-04-01, 1.0
43.36, 2013-04-02, 1.0
43.31, 2013-04-03, 1.0
43.78, 2013-04-04, 1.0
43.36, 2013-04-05, 1.0
43.65, 2013-04-08, 1.0
43.84, 2013-04-09, 1.0
44.32, 2013-04-10, 1.0
44.48, 2013-04-11, 1.0
44.43, 2013-04-12, 1.0
43.39, 2013-04-15, 1.0
44.04, 2013-04-16, 1.0
43.35, 2013-04-17, 1.0
43.24, 2013-04-18, 1.0
43.67, 2013-04-19, 1.0
43.81, 2013-04-22, 1.0
44.34, 2013-04-23, 1.0
44.63, 2013-04-24, 1.0
44.99, 2013-04-25, 1.0
44.93, 2013-04-26, 1.0
45.27, 2013-04-29, 1.0
45.53, 2013-04-30, 1.0
45.331, 2013-05-01, 1.0
45.42, 2013-05-02, 1.0
46.01, 2013-05-03, 1.0
45.93, 2013-05-06, 1.0
46.08, 2013-05-07, 1.0
46.52, 2013-05-08, 1.0
46.27, 2013-05-09, 1.0
46.08, 2013-05-10, 1.0
46.01, 2013-05-13, 1.0
46.09, 2013-05-14, 1.0
45.93, 2013-05-15, 1.0
45.48, 2013-05-16, 1.0
46.0, 2013-05-17, 1.0
46.2, 2013-05-20, 1.0
46.25, 2013-05-21, 1.0
45.62, 2013-05-22, 1.0
44.77, 2013-05-23, 1.0
44.38, 2013-05-24, 1.0
44.38, 2013-05-28, 1.0
44.26, 2013-05-29, 1.0
44.39, 2013-05-30, 1.0
43.71, 2013-05-31, 1.0
43.89, 2013-06-03, 1.0
43.95, 2013-06-04, 1.0
43.13, 2013-06-05, 1.0
43.34, 2013-06-06, 1.0
43.7, 2013-06-07, 1.0
43.89, 2013-06-10, 1.0
43.05, 2013-06-11, 1.0
43.08, 2013-06-12, 1.0
43.72, 2013-06-13, 1.0
43.37, 2013-06-14, 1.0
44.06, 2013-06-17, 1.0
44.399, 2013-06-18, 1.0
43.72, 2013-06-19, 1.0
42.25, 2013-06-20, 1.0
42.57, 2013-06-21, 1.0
41.72, 2013-06-24, 1.0
42.26, 2013-06-25, 1.0
42.07, 2013-06-26, 1.0
41.9695, 2013-06-27, 1.0
41.94, 2013-06-28, 1.0
42.4, 2013-07-01, 1.0
42.38, 2013-07-02, 1.0
42.4899, 2013-07-03, 1.0
42.7, 2013-07-05, 1.0
43.06, 2013-07-08, 1.0
43.33, 2013-07-09, 1.0
43.32, 2013-07-10, 1.0
44.56, 2013-07-11, 1.0
44.41, 2013-07-12, 1.0
44.68, 2013-07-15, 1.0
44.61, 2013-07-16, 1.0
44.79, 2013-07-17, 1.0
45.1, 2013-07-18, 1.0
45.09, 2013-07-19, 1.0
45.36, 2013-07-22, 1.0
45.45, 2013-07-23, 1.0
45.32, 2013-07-24, 1.0
45.38, 2013-07-25, 1.0
45.16, 2013-07-26, 1.0
44.65, 2013-07-29, 1.0
44.84, 2013-07-30, 1.0
44.88, 2013-07-31, 1.0
45.4, 2013-08-01, 1.0
45.86, 2013-08-02, 1.0
46.07, 2013-08-05, 1.0
46.01, 2013-08-06, 1.0
45.86, 2013-08-07, 1.0
46.31, 2013-08-08, 1.0
46.34, 2013-08-09, 1.0
46.21, 2013-08-12, 1.0
46.48, 2013-08-13, 1.0
46.46, 2013-08-14, 1.0
45.97, 2013-08-15, 1.0
46.17, 2013-08-16, 1.0
46.04, 2013-08-19, 1.0
46.01, 2013-08-20, 1.0
45.65, 2013-08-21, 1.0
46.1, 2013-08-22, 1.0
46.41, 2013-08-23, 1.0
45.97, 2013-08-26, 1.0
45.06, 2013-08-27, 1.0
44.96, 2013-08-28, 1.0
45.08, 2013-08-29, 1.0
44.58, 2013-08-30, 1.0
45.55, 2013-09-03, 1.0
45.99, 2013-09-04, 1.0
45.94, 2013-09-05, 1.0
46.14, 2013-09-06, 1.0
47.02, 2013-09-09, 1.0
47.64, 2013-09-10, 1.0
47.76, 2013-09-11, 1.0
47.48, 2013-09-12, 1.0
47.77, 2013-09-13, 1.0
48.15, 2013-09-16, 1.0
48.11, 2013-09-17, 1.0
49.28, 2013-09-18, 1.0
48.95, 2013-09-19, 1.0
48.48, 2013-09-20, 1.0
48.52, 2013-09-23, 1.0
48.5, 2013-09-24, 1.0
48.46, 2013-09-25, 1.0
48.71, 2013-09-26, 1.0
48.58, 2013-09-27, 1.0
48.51, 2013-09-30, 1.0
48.83, 2013-10-01, 1.0
48.77, 2013-10-02, 1.0
48.51, 2013-10-03, 1.0
48.55, 2013-10-04, 1.0
47.95, 2013-10-07, 1.0
47.56, 2013-10-08, 1.0
47.89, 2013-10-09, 1.0
48.77, 2013-10-10, 1.0
49.0, 2013-10-11, 1.0
49.2, 2013-10-14, 1.0
48.9, 2013-10-15, 1.0
49.15, 2013-10-16, 1.0
49.9, 2013-10-17, 1.0
50.19, 2013-10-18, 1.0
50.51, 2013-10-21, 1.0
50.78, 2013-10-22, 1.0
50.34, 2013-10-23, 1.0
50.65, 2013-10-24, 1.0
50.36, 2013-10-25, 1.0
50.065, 2013-10-28, 1.0
50.24, 2013-10-29, 1.0
50.15, 2013-10-30, 1.0
49.96, 2013-10-31, 1.0
49.62, 2013-11-01, 1.0
49.85, 2013-11-04, 1.0
49.53, 2013-11-05, 1.0
50.02, 2013-11-06, 1.0
49.29, 2013-11-07, 1.0
49.66, 2013-11-08, 1.0
49.58, 2013-11-11, 1.0
49.42, 2013-11-12, 1.0
49.6, 2013-11-13, 1.0
49.64, 2013-11-14, 1.0
50.06, 2013-11-15, 1.0
49.92, 2013-11-18, 1.0
49.76, 2013-11-19, 1.0
49.4, 2013-11-20, 1.0
49.72, 2013-11-21, 1.0
49.9, 2013-11-22, 1.0
49.7, 2013-11-25, 1.0
49.81, 2013-11-26, 1.0
49.96, 2013-11-27, 1.0
50.11, 2013-11-29, 1.0
49.85, 2013-12-02, 1.0
49.41, 2013-12-03, 1.0
49.28, 2013-12-04, 1.0
49.2, 2013-12-05, 1.0
49.76, 2013-12-06, 1.0
49.78, 2013-12-09, 1.0
49.82, 2013-12-10, 1.0
49.46, 2013-12-11, 1.0
49.08, 2013-12-12, 1.0
49.07, 2013-12-13, 1.0
49.27, 2013-12-16, 1.0
49.21, 2013-12-17, 1.0
49.22, 2013-12-18, 1.0
49.03, 2013-12-19, 1.0
49.21, 2013-12-20, 1.0
49.67, 2013-12-23, 1.0
49.71, 2013-12-24, 1.0
50.12, 2013-12-26, 1.0
50.4, 2013-12-27, 1.0
50.91, 2013-12-30, 1.0
50.98, 2013-12-31, 1.0
50.4, 2014-01-02, 1.0
50.62, 2014-01-03, 1.0
50.68, 2014-01-06, 1.0
50.93, 2014-01-07, 1.0
50.88, 2014-01-08, 1.0
51.0, 2014-01-09, 1.0
51.7, 2014-01-10, 1.0
51.35, 2014-01-13, 1.0
51.71, 2014-01-14, 1.0
51.8, 2014-01-15, 1.0
51.66, 2014-01-16, 1.0
51.57, 2014-01-17, 1.0
51.69, 2014-01-21, 1.0
51.79, 2014-01-22, 1.0
51.3, 2014-01-23, 1.0
50.01, 2014-01-24, 1.0
49.54, 2014-01-27, 1.0
50.31, 2014-01-28, 1.0
49.99, 2014-01-29, 1.0
50.3, 2014-01-30, 1.0
49.57, 2014-01-31, 1.0
48.6, 2014-02-03, 1.0
48.87, 2014-02-04, 1.0
48.9, 2014-02-05, 1.0
49.8, 2014-02-06, 1.0
50.37, 2014-02-07, 1.0
50.22, 2014-02-10, 1.0
50.94, 2014-02-11, 1.0
51.05, 2014-02-12, 1.0
51.16, 2014-02-13, 1.0
51.33, 2014-02-14, 1.0
51.83, 2014-02-18, 1.0
51.44, 2014-02-19, 1.0
51.67, 2014-02-20, 1.0
51.84, 2014-02-21, 1.0
52.35, 2014-02-24, 1.0
52.24, 2014-02-25, 1.0
52.03, 2014-02-26, 1.0
52.27, 2014-02-27, 1.0
52.74, 2014-02-28, 1.0
51.55, 2014-03-03, 1.0
52.61, 2014-03-04, 1.0
52.55, 2014-03-05, 1.0
53.22, 2014-03-06, 1.0
53.07, 2014-03-07, 1.0
52.75, 2014-03-10, 1.0
52.37, 2014-03-11, 1.0
52.02, 2014-03-12, 1.0
51.23, 2014-03-13, 1.0
51.05, 2014-03-14, 1.0
51.63, 2014-03-17, 1.0
52.04, 2014-03-18, 1.0
51.5, 2014-03-19, 1.0
51.11, 2014-03-20, 1.0
50.79, 2014-03-21, 1.0
50.93, 2014-03-24, 1.0
51.29, 2014-03-25, 1.0
51.33, 2014-03-26, 1.0
51.63, 2014-03-27, 1.0
51.88, 2014-03-28, 1.0
52.2, 2014-03-31, 1.0
52.68, 2014-04-01, 1.0
52.74, 2014-04-02, 1.0
52.5, 2014-04-03, 1.0
52.25, 2014-04-04, 1.0
52.03, 2014-04-07, 1.0
51.63, 2014-04-08, 1.0
52.52, 2014-04-09, 1.0
51.54, 2014-04-10, 1.0
51.04, 2014-04-11, 1.0
50.83, 2014-04-14, 1.0
50.63, 2014-04-15, 1.0
51.32, 2014-04-16, 1.0
51.8, 2014-04-17, 1.0
51.83, 2014-04-21, 1.0
52.04, 2014-04-22, 1.0
51.95, 2014-04-23, 1.0
51.91, 2014-04-24, 1.0
51.69, 2014-04-25, 1.0
51.72, 2014-04-28, 1.0
51.85, 2014-04-29, 1.0
52.02, 2014-04-30, 1.0
52.2, 2014-05-01, 1.0
52.34, 2014-05-02, 1.0
52.31, 2014-05-05, 1.0
52.38, 2014-05-06, 1.0
52.23, 2014-05-07, 1.0
52.09, 2014-05-08, 1.0
52.03, 2014-05-09, 1.0
52.35, 2014-05-12, 1.0
52.31, 2014-05-13, 1.0
51.95, 2014-05-14, 1.0
51.37, 2014-05-15, 1.0
51.11, 2014-05-16, 1.0
51.04, 2014-05-19, 1.0
50.76, 2014-05-20, 1.0
51.15, 2014-05-21, 1.0
51.37, 2014-05-22, 1.0
51.59, 2014-05-23, 1.0
52.21, 2014-05-27, 1.0
52.21, 2014-05-28, 1.0
52.56, 2014-05-29, 1.0
52.61, 2014-05-30, 1.0
52.85, 2014-06-02, 1.0
52.55, 2014-06-03, 1.0
52.74, 2014-06-04, 1.0
53.1, 2014-06-05, 1.0
53.58, 2014-06-06, 1.0
53.52, 2014-06-09, 1.0
53.29, 2014-06-10, 1.0
52.91, 2014-06-11, 1.0
53.01, 2014-06-12, 1.0
52.88, 2014-06-13, 1.0
52.79, 2014-06-16, 1.0
52.69, 2014-06-17, 1.0
53.28, 2014-06-18, 1.0
53.45, 2014-06-19, 1.0
53.45, 2014-06-20, 1.0
53.34, 2014-06-23, 1.0
52.95, 2014-06-24, 1.0
52.42, 2014-06-25, 1.0
52.59, 2014-06-26, 1.0
52.58, 2014-06-27, 1.0
52.92, 2014-06-30, 1.0
53.38, 2014-07-01, 1.0
53.48, 2014-07-02, 1.0
53.66, 2014-07-03, 1.0
53.22, 2014-07-07, 1.0
52.68, 2014-07-08, 1.0
52.71, 2014-07-09, 1.0
52.05, 2014-07-10, 1.0
52.04, 2014-07-11, 1.0
52.39, 2014-07-14, 1.0
52.22, 2014-07-15, 1.0
52.5, 2014-07-16, 1.0
52.03, 2014-07-17, 1.0
52.32, 2014-07-18, 1.0
52.12, 2014-07-21, 1.0
52.26, 2014-07-22, 1.0
52.5, 2014-07-23, 1.0
52.47, 2014-07-24, 1.0
52.38, 2014-07-25, 1.0
52.34, 2014-07-28, 1.0
52.16, 2014-07-29, 1.0
52.08, 2014-07-30, 1.0
51.17, 2014-07-31, 1.0
50.8, 2014-08-01, 1.0
50.95, 2014-08-04, 1.0
50.17, 2014-08-05, 1.0
49.95, 2014-08-06, 1.0
49.61, 2014-08-07, 1.0
49.95, 2014-08-08, 1.0
50.34, 2014-08-11, 1.0
50.45, 2014-08-12, 1.0
50.56, 2014-08-13, 1.0
50.79, 2014-08-14, 1.0
50.94, 2014-08-15, 1.0
51.29, 2014-08-18, 1.0
51.35, 2014-08-19, 1.0
51.15, 2014-08-20, 1.0
51.35, 2014-08-21, 1.0
51.16, 2014-08-22, 1.0
51.44, 2014-08-25, 1.0
51.43, 2014-08-26, 1.0
51.72, 2014-08-27, 1.0
51.32, 2014-08-28, 1.0
51.27, 2014-08-29, 1.0
51.25, 2014-09-02, 1.0
51.35, 2014-09-03, 1.0
51.04, 2014-09-04, 1.0
51.06, 2014-09-05, 1.0
50.52, 2014-09-08, 1.0
50.29, 2014-09-09, 1.0
50.4, 2014-09-10, 1.0
50.08, 2014-09-11, 1.0
49.99, 2014-09-12, 1.0
49.87, 2014-09-15, 1.0
49.99, 2014-09-16, 1.0
49.65, 2014-09-17, 1.0
49.91, 2014-09-18, 1.0
49.76, 2014-09-19, 1.0
49.59, 2014-09-22, 1.0
49.25, 2014-09-23, 1.0
49.37, 2014-09-24, 1.0
48.74, 2014-09-25, 1.0
48.9, 2014-09-26, 1.0
48.63, 2014-09-29, 1.0
48.5, 2014-09-30, 1.0
47.89, 2014-10-01, 1.0
47.44, 2014-10-02, 1.0
47.55, 2014-10-03, 1.0
47.71, 2014-10-06, 1.0
46.92, 2014-10-07, 1.0
47.48, 2014-10-08, 1.0
46.09, 2014-10-09, 1.0
45.41, 2014-10-10, 1.0
45.09, 2014-10-13, 1.0
45.33, 2014-10-14, 1.0
45.31, 2014-10-15, 1.0
45.01, 2014-10-16, 1.0
45.83, 2014-10-17, 1.0
46.31, 2014-10-20, 1.0
46.95, 2014-10-21, 1.0
46.81, 2014-10-22, 1.0
47.11, 2014-10-23, 1.0
47.28, 2014-10-24, 1.0
47.11, 2014-10-27, 1.0
47.53, 2014-10-28, 1.0
47.4, 2014-10-29, 1.0
47.63, 2014-10-30, 1.0
48.54, 2014-10-31, 1.0
48.35, 2014-11-03, 1.0
47.83, 2014-11-04, 1.0
47.73, 2014-11-05, 1.0
47.34, 2014-11-06, 1.0
47.33, 2014-11-07, 1.0
47.7, 2014-11-10, 1.0
47.78, 2014-11-11, 1.0
47.47, 2014-11-12, 1.0
47.46, 2014-11-13, 1.0
47.59, 2014-11-14, 1.0
47.32, 2014-11-17, 1.0
47.82, 2014-11-18, 1.0
47.57, 2014-11-19, 1.0
47.5, 2014-11-20, 1.0
47.73, 2014-11-21, 1.0
48.0, 2014-11-24, 1.0
48.21, 2014-11-25, 1.0
48.31, 2014-11-26, 1.0
47.89, 2014-11-28, 1.0
47.88, 2014-12-01, 1.0
47.98, 2014-12-02, 1.0
48.09, 2014-12-03, 1.0
48.07, 2014-12-04, 1.0
48.05, 2014-12-05, 1.0
47.68, 2014-12-08, 1.0
47.62, 2014-12-09, 1.0
47.23, 2014-12-10, 1.0
47.13, 2014-12-11, 1.0
46.51, 2014-12-12, 1.0
46.04, 2014-12-15, 1.0
46.13, 2014-12-16, 1.0
46.08, 2014-12-17, 1.0
46.85, 2014-12-18, 1.0
46.83, 2014-12-19, 1.0
47.07, 2014-12-22, 1.0
46.96, 2014-12-23, 1.0
47.15, 2014-12-24, 1.0
47.31, 2014-12-26, 1.0
46.98, 2014-12-29, 1.0
46.85, 2014-12-30, 1.0
46.71, 2014-12-31, 1.0
46.69, 2015-01-02, 1.0
46.11, 2015-01-05, 1.0
45.59, 2015-01-06, 1.0
45.96, 2015-01-07, 1.0
46.28, 2015-01-08, 1.0
46.16, 2015-01-09, 1.0
45.93, 2015-01-12, 1.0
46.15, 2015-01-13, 1.0
46.2, 2015-01-14, 1.0
46.25, 2015-01-15, 1.0
46.59, 2015-01-16, 1.0
46.67, 2015-01-20, 1.0
46.87, 2015-01-21, 1.0
46.93, 2015-01-22, 1.0
46.55, 2015-01-23, 1.0
47.18, 2015-01-26, 1.0
47.12, 2015-01-27, 1.0
46.7, 2015-01-28, 1.0
47.24, 2015-01-29, 1.0
46.84, 2015-01-30, 1.0
47.36, 2015-02-02, 1.0
47.99, 2015-02-03, 1.0
47.6, 2015-02-04, 1.0
48.4, 2015-02-05, 1.0
47.85, 2015-02-06, 1.0
47.56, 2015-02-09, 1.0
48.12, 2015-02-10, 1.0
47.89, 2015-02-11, 1.0
48.69, 2015-02-12, 1.0
48.96, 2015-02-13, 1.0
49.08, 2015-02-17, 1.0
49.55, 2015-02-18, 1.0
49.59, 2015-02-19, 1.0
50.08, 2015-02-20, 1.0
49.78, 2015-02-23, 1.0
50.02, 2015-02-24, 1.0
50.17, 2015-02-25, 1.0
50.06, 2015-02-26, 1.0
50.1, 2015-02-27, 1.0
50.14, 2015-03-02, 1.0
49.87, 2015-03-03, 1.0
49.61, 2015-03-04, 1.0
49.84, 2015-03-05, 1.0
49.19, 2015-03-06, 1.0
49.19, 2015-03-09, 1.0
48.31, 2015-03-10, 1.0
48.42, 2015-03-11, 1.0
48.98, 2015-03-12, 1.0
48.84, 2015-03-13, 1.0
49.14, 2015-03-16, 1.0
48.9, 2015-03-17, 1.0
49.79, 2015-03-18, 1.0
49.27, 2015-03-19, 1.0
50.21, 2015-03-20, 1.0
50.5, 2015-03-23, 1.0
50.54, 2015-03-24, 1.0
50.34, 2015-03-25, 1.0
49.8, 2015-03-26, 1.0
49.76, 2015-03-27, 1.0
49.88, 2015-03-30, 1.0
49.47, 2015-03-31, 1.0
49.68, 2015-04-01, 1.0
50.19, 2015-04-02, 1.0
50.88, 2015-04-06, 1.0
50.66, 2015-04-07, 1.0
51.07, 2015-04-08, 1.0
51.12, 2015-04-09, 1.0
51.29, 2015-04-10, 1.0
50.97, 2015-04-13, 1.0
51.45, 2015-04-14, 1.0
51.61, 2015-04-15, 1.0
51.77, 2015-04-16, 1.0
51.12, 2015-04-17, 1.0
50.99, 2015-04-20, 1.0
51.42, 2015-04-21, 1.0
51.48, 2015-04-22, 1.0
51.6, 2015-04-23, 1.0
51.97, 2015-04-24, 1.0
52.2, 2015-04-27, 1.0
52.35, 2015-04-28, 1.0
52.02, 2015-04-29, 1.0
51.59, 2015-04-30, 1.0
51.86, 2015-05-01, 1.0
52.03, 2015-05-04, 1.0
51.41, 2015-05-05, 1.0
51.45, 2015-05-06, 1.0
51.48, 2015-05-07, 1.0
52.71, 2015-05-08, 1.0
52.48, 2015-05-11, 1.0
52.46, 2015-05-12, 1.0
53.06, 2015-05-13, 1.0
53.64, 2015-05-14, 1.0
53.98, 2015-05-15, 1.0
53.62, 2015-05-18, 1.0
53.47, 2015-05-19, 1.0
53.55, 2015-05-20, 1.0
53.68, 2015-05-21, 1.0
53.41, 2015-05-22, 1.0
52.64, 2015-05-26, 1.0
52.88, 2015-05-27, 1.0
52.74, 2015-05-28, 1.0
52.47, 2015-05-29, 1.0
52.53, 2015-06-01, 1.0
53.02, 2015-06-02, 1.0
53.09, 2015-06-03, 1.0
52.61, 2015-06-04, 1.0
52.05, 2015-06-05, 1.0
52.04, 2015-06-08, 1.0
51.8, 2015-06-09, 1.0
52.77, 2015-06-10, 1.0
52.86, 2015-06-11, 1.0
52.48, 2015-06-12, 1.0
52.06, 2015-06-15, 1.0
52.19, 2015-06-16, 1.0
52.13, 2015-06-17, 1.0
52.54, 2015-06-18, 1.0
52.47, 2015-06-19, 1.0
53.04, 2015-06-22, 1.0
53.17, 2015-06-23, 1.0
52.72, 2015-06-24, 1.0
52.2, 2015-06-25, 1.0
52.13, 2015-06-26, 1.0
50.75, 2015-06-29, 1.0
51.02, 2015-06-30, 1.0
51.41, 2015-07-01, 1.0
51.43, 2015-07-02, 1.0
50.36, 2015-07-06, 1.0
50.29, 2015-07-07, 1.0
48.87, 2015-07-08, 1.0
49.56, 2015-07-09, 1.0
50.73, 2015-07-10, 1.0
51.09, 2015-07-13, 1.0
51.36, 2015-07-14, 1.0
51.25, 2015-07-15, 1.0
51.62, 2015-07-16, 1.0
51.62, 2015-07-17, 1.0
51.78, 2015-07-20, 1.0
51.77, 2015-07-21, 1.0
51.58, 2015-07-22, 1.0
51.45, 2015-07-23, 1.0
51.04, 2015-07-24, 1.0
50.57, 2015-07-27, 1.0
51.19, 2015-07-28, 1.0
51.26, 2015-07-29, 1.0
51.16, 2015-07-30, 1.0
51.46, 2015-07-31, 1.0
51.47, 2015-08-03, 1.0
51.58, 2015-08-04, 1.0
51.68, 2015-08-05, 1.0
51.41, 2015-08-06, 1.0
51.3, 2015-08-07, 1.0
52.0, 2015-08-10, 1.0
51.42, 2015-08-11, 1.0
51.2, 2015-08-12, 1.0
51.35, 2015-08-13, 1.0
51.7, 2015-08-14, 1.0
51.62, 2015-08-17, 1.0
51.31, 2015-08-18, 1.0
50.98, 2015-08-19, 1.0
49.73, 2015-08-20, 1.0
48.61, 2015-08-21, 1.0
47.08, 2015-08-24, 1.0
47.44, 2015-08-25, 1.0
48.76, 2015-08-26, 1.0
49.28, 2015-08-27, 1.0
49.31, 2015-08-28, 1.0
49.06, 2015-08-31, 1.0
47.62, 2015-09-01, 1.0
48.27, 2015-09-02, 1.0
48.27, 2015-09-03, 1.0
47.4, 2015-09-04, 1.0
48.6, 2015-09-08, 1.0
47.99, 2015-09-09, 1.0
48.63, 2015-09-10, 1.0
48.85, 2015-09-11, 1.0
48.6, 2015-09-14, 1.0
48.78, 2015-09-15, 1.0
49.24, 2015-09-16, 1.0
49.37, 2015-09-17, 1.0
48.63, 2015-09-18, 1.0
48.46, 2015-09-21, 1.0
47.6, 2015-09-22, 1.0
47.54, 2015-09-23, 1.0
47.55, 2015-09-24, 1.0
47.87, 2015-09-25, 1.0
47.19, 2015-09-28, 1.0
47.07, 2015-09-29, 1.0
47.77, 2015-09-30, 1.0
47.78, 2015-10-01, 1.0
48.51, 2015-10-02, 1.0
49.28, 2015-10-05, 1.0
49.26, 2015-10-06, 1.0
49.57, 2015-10-07, 1.0
49.87, 2015-10-08, 1.0
49.8, 2015-10-09, 1.0
49.75, 2015-10-12, 1.0
49.27, 2015-10-13, 1.0
49.47, 2015-10-14, 1.0
50.35, 2015-10-15, 1.0
50.09, 2015-10-16, 1.0
50.1, 2015-10-19, 1.0
49.98, 2015-10-20, 1.0
50.05, 2015-10-21, 1.0
50.35, 2015-10-22, 1.0
50.62, 2015-10-23, 1.0
50.42, 2015-10-26, 1.0
50.05, 2015-10-27, 1.0
50.21, 2015-10-28, 1.0
50.04, 2015-10-29, 1.0
50.12, 2015-10-30, 1.0
50.65, 2015-11-02, 1.0
50.6, 2015-11-03, 1.0
50.12, 2015-11-04, 1.0
50.12, 2015-11-05, 1.0
49.98, 2015-11-06, 1.0
49.61, 2015-11-09, 1.0
49.59, 2015-11-10, 1.0
49.87, 2015-11-11, 1.0
49.29, 2015-11-12, 1.0
49.05, 2015-11-13, 1.0
49.79, 2015-11-16, 1.0
49.78, 2015-11-17, 1.0
50.16, 2015-11-18, 1.0
50.39, 2015-11-19, 1.0
50.36, 2015-11-20, 1.0
50.06, 2015-11-23, 1.0
50.1, 2015-11-24, 1.0
50.13, 2015-11-25, 1.0
50.18, 2015-11-27, 1.0
50.46, 2015-11-30, 1.0
51.02, 2015-12-01, 1.0
50.62, 2015-12-02, 1.0
50.73, 2015-12-03, 1.0
51.29, 2015-12-04, 1.0
51.03, 2015-12-07, 1.0
50.33, 2015-12-08, 1.0
50.13, 2015-12-09, 1.0
50.08, 2015-12-10, 1.0
49.25, 2015-12-11, 1.0
49.56, 2015-12-14, 1.0
49.6, 2015-12-15, 1.0
50.34, 2015-12-16, 1.0
49.755, 2015-12-17, 1.0
49.45, 2015-12-18, 1.0
49.32, 2015-12-21, 1.0
49.58, 2015-12-22, 1.0
50.16, 2015-12-23, 1.0
49.97, 2015-12-24, 1.0
50.06, 2015-12-28, 1.0
50.68, 2015-12-29, 1.0
50.52, 2015-12-30, 1.0
49.95, 2015-12-31, 1.0
49.48, 2016-01-04, 1.0
49.35, 2016-01-05, 1.0
48.52, 2016-01-06, 1.0
47.78, 2016-01-07, 1.0
47.14, 2016-01-08, 1.0
47.22, 2016-01-11, 1.0
47.22, 2016-01-12, 1.0
46.55, 2016-01-13, 1.0
46.78, 2016-01-14, 1.0
45.32, 2016-01-15, 1.0
45.34, 2016-01-19, 1.0
44.4, 2016-01-20, 1.0
44.47, 2016-01-21, 1.0
45.71, 2016-01-22, 1.0
45.39, 2016-01-25, 1.0
46.06, 2016-01-26, 1.0
45.75, 2016-01-27, 1.0
46.08, 2016-01-28, 1.0
46.83, 2016-01-29, 1.0
46.96, 2016-02-01, 1.0
46.0, 2016-02-02, 1.0
46.475, 2016-02-03, 1.0
46.34, 2016-02-04, 1.0
45.61, 2016-02-05, 1.0
44.59, 2016-02-08, 1.0
44.13, 2016-02-09, 1.0
44.11, 2016-02-10, 1.0
43.69, 2016-02-11, 1.0
44.19, 2016-02-12, 1.0
44.96, 2016-02-16, 1.0
45.88, 2016-02-17, 1.0
45.93, 2016-02-18, 1.0
45.98, 2016-02-19, 1.0
46.4, 2016-02-22, 1.0
45.83, 2016-02-23, 1.0
46.01, 2016-02-24, 1.0
46.48, 2016-02-25, 1.0
46.12, 2016-02-26, 1.0
46.03, 2016-02-29, 1.0
47.2, 2016-03-01, 1.0
47.19, 2016-03-02, 1.0
47.66, 2016-03-03, 1.0
48.15, 2016-03-04, 1.0
48.1, 2016-03-07, 1.0
47.59, 2016-03-08, 1.0
47.64, 2016-03-09, 1.0
47.73, 2016-03-10, 1.0
48.8, 2016-03-11, 1.0
48.86, 2016-03-14, 1.0
48.55, 2016-03-15, 1.0
49.16, 2016-03-16, 1.0
49.6, 2016-03-17, 1.0
49.65, 2016-03-18, 1.0
49.57, 2016-03-21, 1.0
49.49, 2016-03-22, 1.0
48.92, 2016-03-23, 1.0
48.84, 2016-03-24, 1.0
49.09, 2016-03-28, 1.0
49.66, 2016-03-29, 1.0
50.09, 2016-03-30, 1.0
49.8, 2016-03-31, 1.0
49.43, 2016-04-01, 1.0
49.34, 2016-04-04, 1.0
48.42, 2016-04-05, 1.0
49.15, 2016-04-06, 1.0
48.65, 2016-04-07, 1.0
49.48, 2016-04-08, 1.0
49.63, 2016-04-11, 1.0
50.16, 2016-04-12, 1.0
50.57, 2016-04-13, 1.0
50.46, 2016-04-14, 1.0
50.26, 2016-04-15, 1.0
50.68, 2016-04-18, 1.0
51.34, 2016-04-19, 1.0
51.17, 2016-04-20, 1.0
50.715, 2016-04-21, 1.0
50.69, 2016-04-22, 1.0
50.63, 2016-04-25, 1.0
50.7, 2016-04-26, 1.0
51.02, 2016-04-27, 1.0
50.39, 2016-04-28, 1.0
50.39, 2016-04-29, 1.0
50.99, 2016-05-02, 1.0
50.35, 2016-05-03, 1.0
50.03, 2016-05-04, 1.0
50.04, 2016-05-05, 1.0
50.21, 2016-05-06, 1.0
50.1, 2016-05-09, 1.0
50.73, 2016-05-10, 1.0
50.34, 2016-05-11, 1.0
50.35, 2016-05-12, 1.0
49.845, 2016-05-13, 1.0
50.32, 2016-05-16, 1.0
50.16, 2016-05-17, 1.0
50.14, 2016-05-18, 1.0
50.01, 2016-05-19, 1.0
50.39, 2016-05-20, 1.0
50.53, 2016-05-23, 1.0
51.07, 2016-05-24, 1.0
51.35, 2016-05-25, 1.0
51.31, 2016-05-26, 1.0
51.18, 2016-05-27, 1.0
51.28, 2016-05-31, 1.0
51.29, 2016-06-01, 1.0
51.34, 2016-06-02, 1.0
51.84, 2016-06-03, 1.0
51.93, 2016-06-06, 1.0
52.3, 2016-06-07, 1.0
52.49, 2016-06-08, 1.0
52.14, 2016-06-09, 1.0
50.7, 2016-06-10, 1.0
49.89, 2016-06-13, 1.0
49.1, 2016-06-14, 1.0
49.38, 2016-06-15, 1.0
49.08, 2016-06-16, 1.0
49.58, 2016-06-17, 1.0
50.84, 2016-06-20, 1.0
51.01, 2016-06-21, 1.0
50.08, 2016-06-22, 1.0
51.4, 2016-06-23, 1.0
47.1, 2016-06-24, 1.0
45.915, 2016-06-27, 1.0
47.2, 2016-06-28, 1.0
47.8, 2016-06-29, 1.0
48.26, 2016-06-30, 1.0
48.49, 2016-07-01, 1.0
47.26, 2016-07-05, 1.0
47.28, 2016-07-06, 1.0
47.25, 2016-07-07, 1.0
47.945, 2016-07-08, 1.0
48.76, 2016-07-11, 1.0
49.31, 2016-07-12, 1.0
49.23, 2016-07-13, 1.0
49.49, 2016-07-14, 1.0
49.0, 2016-07-15, 1.0
49.3, 2016-07-18, 1.0
49.08, 2016-07-19, 1.0
49.49, 2016-07-20, 1.0
49.36, 2016-07-21, 1.0
49.32, 2016-07-22, 1.0
49.47, 2016-07-25, 1.0
49.7, 2016-07-26, 1.0
50.06, 2016-07-27, 1.0
50.24, 2016-07-28, 1.0
50.76, 2016-07-29, 1.0
50.37, 2016-08-01, 1.0
50.31, 2016-08-02, 1.0
50.0, 2016-08-03, 1.0
50.29, 2016-08-04, 1.0
50.45, 2016-08-05, 1.0
50.37, 2016-08-08, 1.0
50.76, 2016-08-09, 1.0
51.04, 2016-08-10, 1.0
51.29, 2016-08-11, 1.0
51.37, 2016-08-12, 1.0
51.48, 2016-08-15, 1.0
51.37, 2016-08-16, 1.0
51.29, 2016-08-17, 1.0
51.63, 2016-08-18, 1.0
51.28, 2016-08-19, 1.0
51.51, 2016-08-22, 1.0
51.67, 2016-08-23, 1.0
51.67, 2016-08-24, 1.0
51.45, 2016-08-25, 1.0
51.11, 2016-08-26, 1.0
51.28, 2016-08-29, 1.0
50.96, 2016-08-30, 1.0
50.85, 2016-08-31, 1.0
51.42, 2016-09-01, 1.0
51.6, 2016-09-02, 1.0
52.48, 2016-09-06, 1.0
52.56, 2016-09-07, 1.0
52.57, 2016-09-08, 1.0
51.48, 2016-09-09, 1.0
51.78, 2016-09-12, 1.0
50.87, 2016-09-13, 1.0
50.88, 2016-09-14, 1.0
51.33, 2016-09-15, 1.0
50.94, 2016-09-16, 1.0
51.1, 2016-09-19, 1.0
51.24, 2016-09-20, 1.0
52.13, 2016-09-21, 1.0
52.62, 2016-09-22, 1.0
52.32, 2016-09-23, 1.0
52.03, 2016-09-26, 1.0
52.33, 2016-09-27, 1.0
52.84, 2016-09-28, 1.0
52.12, 2016-09-29, 1.0
52.41, 2016-09-30, 1.0
52.57, 2016-10-03, 1.0
52.41, 2016-10-04, 1.0
52.58, 2016-10-05, 1.0
52.15, 2016-10-06, 1.0
51.81, 2016-10-07, 1.0
51.78, 2016-10-10, 1.0
51.14, 2016-10-11, 1.0
51.03, 2016-10-12, 1.0
51.11, 2016-10-13, 1.0
51.03, 2016-10-14, 1.0
50.94, 2016-10-17, 1.0
51.49, 2016-10-18, 1.0
51.71, 2016-10-19, 1.0
51.66, 2016-10-20, 1.0
51.53, 2016-10-21, 1.0
51.46, 2016-10-24, 1.0
51.38, 2016-10-25, 1.0
51.14, 2016-10-26, 1.0
50.87, 2016-10-27, 1.0
50.91, 2016-10-28, 1.0
50.9, 2016-10-31, 1.0
50.83, 2016-11-01, 1.0
50.58, 2016-11-02, 1.0
50.72, 2016-11-03, 1.0
50.33, 2016-11-04, 1.0
50.79, 2016-11-07, 1.0
50.77, 2016-11-08, 1.0
50.59, 2016-11-09, 1.0
50.34, 2016-11-10, 1.0
49.8, 2016-11-11, 1.0
49.47, 2016-11-14, 1.0
49.66, 2016-11-15, 1.0
49.33, 2016-11-16, 1.0
49.54, 2016-11-17, 1.0
49.35, 2016-11-18, 1.0
49.55, 2016-11-21, 1.0
49.84, 2016-11-22, 1.0
49.57, 2016-11-23, 1.0
49.59, 2016-11-25, 1.0
49.46, 2016-11-28, 1.0
49.76, 2016-11-29, 1.0
49.61, 2016-11-30, 1.0
49.4, 2016-12-01, 1.0
49.4, 2016-12-02, 1.0
49.74, 2016-12-05, 1.0
49.96, 2016-12-06, 1.0
50.56, 2016-12-07, 1.0
50.42, 2016-12-08, 1.0
50.53, 2016-12-09, 1.0
50.35, 2016-12-12, 1.0
50.69, 2016-12-13, 1.0
49.95, 2016-12-14, 1.0
49.73, 2016-12-15, 1.0
49.78, 2016-12-16, 1.0
49.82, 2016-12-19, 1.0
49.9, 2016-12-20, 1.0
49.22, 2016-12-21, 1.0
49.13, 2016-12-22, 1.0
49.27, 2016-12-23, 1.0
49.44, 2016-12-27, 1.0
49.46, 2016-12-28, 1.0
49.62, 2016-12-29, 1.0
49.84, 2016-12-30, 1.0
50.12, 2017-01-03, 1.0
50.67, 2017-01-04, 1.0
51.12, 2017-01-05, 1.0
51.0, 2017-01-06, 1.0
50.92, 2017-01-09, 1.0
50.87, 2017-01-10, 1.0
51.1, 2017-01-11, 1.0
51.17, 2017-01-12, 1.0
51.3, 2017-01-13, 1.0
51.19, 2017-01-17, 1.0
51.09, 2017-01-18, 1.0
51.03, 2017-01-19, 1.0
51.23, 2017-01-20, 1.0
51.45, 2017-01-23, 1.0
51.65, 2017-01-24, 1.0
52.04, 2017-01-25, 1.0
51.84, 2017-01-26, 1.0
51.77, 2017-01-27, 1.0
51.52, 2017-01-30, 1.0
51.75, 2017-01-31, 1.0
52.12, 2017-02-01, 1.0
52.12, 2017-02-02, 1.0
52.39, 2017-02-03, 1.0
52.05, 2017-02-06, 1.0
52.13, 2017-02-07, 1.0
52.26, 2017-02-08, 1.0
52.33, 2017-02-09, 1.0
52.52, 2017-02-10, 1.0
52.75, 2017-02-13, 1.0
52.93, 2017-02-14, 1.0
53.0, 2017-02-15, 1.0
53.18, 2017-02-16, 1.0
52.91, 2017-02-17, 1.0
53.15, 2017-02-21, 1.0
53.03, 2017-02-22, 1.0
53.12, 2017-02-23, 1.0
52.72, 2017-02-24, 1.0
52.82, 2017-02-27, 1.0
52.8, 2017-02-28, 1.0
53.22, 2017-03-01, 1.0
52.81, 2017-03-02, 1.0
53.01, 2017-03-03, 1.0
52.86, 2017-03-06, 1.0
52.79, 2017-03-07, 1.0
52.57, 2017-03-08, 1.0
52.72, 2017-03-09, 1.0
53.11, 2017-03-10, 1.0
53.33, 2017-03-13, 1.0
53.02, 2017-03-14, 1.0
53.64, 2017-03-15, 1.0
53.94, 2017-03-16, 1.0
54.14, 2017-03-17, 1.0
54.11, 2017-03-20, 1.0
53.88, 2017-03-21, 1.0
53.85, 2017-03-22, 1.0
54.02, 2017-03-23, 1.0
54.19, 2017-03-24, 1.0
54.19, 2017-03-27, 1.0
54.44, 2017-03-28, 1.0
54.35, 2017-03-29, 1.0
54.18, 2017-03-30, 1.0
54.14, 2017-03-31, 1.0
54.12, 2017-04-03, 1.0
54.04, 2017-04-04, 1.0
53.87, 2017-04-05, 1.0
53.81, 2017-04-06, 1.0
53.8, 2017-04-07, 1.0
53.81, 2017-04-10, 1.0
54.09, 2017-04-11, 1.0
54.15, 2017-04-12, 1.0
53.97, 2017-04-13, 1.0
54.38, 2017-04-17, 1.0
54.33, 2017-04-18, 1.0
54.37, 2017-04-19, 1.0
54.69, 2017-04-20, 1.0
54.66, 2017-04-21, 1.0
55.66, 2017-04-24, 1.0
56.04, 2017-04-25, 1.0
56.06, 2017-04-26, 1.0
56.37, 2017-04-27, 1.0
56.42, 2017-04-28, 1.0
56.62, 2017-05-01, 1.0
57.14, 2017-05-02, 1.0
56.86, 2017-05-03, 1.0
57.23, 2017-05-04, 1.0
57.59, 2017-05-05, 1.0
57.38, 2017-05-08, 1.0
57.355, 2017-05-09, 1.0
57.44, 2017-05-10, 1.0
57.14, 2017-05-11, 1.0
57.3, 2017-05-12, 1.0
57.52, 2017-05-15, 1.0
57.73, 2017-05-16, 1.0
57.2, 2017-05-17, 1.0
57.26, 2017-05-18, 1.0
57.94, 2017-05-19, 1.0
58.07, 2017-05-22, 1.0
58.21, 2017-05-23, 1.0
58.36, 2017-05-24, 1.0
58.34, 2017-05-25, 1.0
58.23, 2017-05-26, 1.0
58.27, 2017-05-30, 1.0
58.27, 2017-05-31, 1.0
58.87, 2017-06-01, 1.0
59.4, 2017-06-02, 1.0
59.14, 2017-06-05, 1.0
58.9, 2017-06-06, 1.0
59.01, 2017-06-07, 1.0
58.95, 2017-06-08, 1.0
58.49, 2017-06-09, 1.0
58.16, 2017-06-12, 1.0
58.82, 2017-06-13, 1.0
58.94, 2017-06-14, 1.0
58.1, 2017-06-15, 1.0
58.68, 2017-06-16, 1.0
58.82, 2017-06-19, 1.0
57.64, 2017-06-20, 1.0
57.58, 2017-06-21, 1.0
57.65, 2017-06-22, 1.0
57.79, 2017-06-23, 1.0
57.79, 2017-06-26, 1.0
57.7, 2017-06-27, 1.0
58.01, 2017-06-28, 1.0
57.54, 2017-06-29, 1.0
57.84, 2017-06-30, 1.0
57.41, 2017-07-03, 1.0
57.56, 2017-07-05, 1.0
57.31, 2017-07-06, 1.0
57.34, 2017-07-07, 1.0
57.4, 2017-07-10, 1.0
57.6, 2017-07-11, 1.0
57.87, 2017-07-12, 1.0
58.12, 2017-07-13, 1.0
58.56, 2017-07-14, 1.0
58.63, 2017-07-17, 1.0
58.88, 2017-07-18, 1.0
59.18, 2017-07-19, 1.0
59.34, 2017-07-20, 1.0
59.29, 2017-07-21, 1.0
59.29, 2017-07-24, 1.0
59.17, 2017-07-25, 1.0
59.55, 2017-07-26, 1.0
59.53, 2017-07-27, 1.0
59.58, 2017-07-28, 1.0
59.81, 2017-07-31, 1.0
60.01, 2017-08-01, 1.0
60.1, 2017-08-02, 1.0
60.06, 2017-08-03, 1.0
60.1, 2017-08-04, 1.0
60.19, 2017-08-07, 1.0
59.93, 2017-08-08, 1.0
59.86, 2017-08-09, 1.0
59.23, 2017-08-10, 1.0
59.08, 2017-08-11, 1.0
59.46, 2017-08-14, 1.0
59.3, 2017-08-15, 1.0
59.69, 2017-08-16, 1.0
59.24, 2017-08-17, 1.0
59.35, 2017-08-18, 1.0
59.46, 2017-08-21, 1.0
59.71, 2017-08-22, 1.0
59.73, 2017-08-23, 1.0
59.55, 2017-08-24, 1.0
59.97, 2017-08-25, 1.0
59.98, 2017-08-28, 1.0
59.7, 2017-08-29, 1.0
59.73, 2017-08-30, 1.0
60.24, 2017-08-31, 1.0
60.34, 2017-09-01, 1.0
59.96, 2017-09-05, 1.0
60.29, 2017-09-06, 1.0
60.97, 2017-09-07, 1.0
61.03, 2017-09-08, 1.0
61.17, 2017-09-11, 1.0
61.31, 2017-09-12, 1.0
60.99, 2017-09-13, 1.0
61.28, 2017-09-14, 1.0
61.34, 2017-09-15, 1.0
61.43, 2017-09-18, 1.0
61.7, 2017-09-19, 1.0
61.46, 2017-09-20, 1.0
61.3, 2017-09-21, 1.0
61.44, 2017-09-22, 1.0
61.32, 2017-09-25, 1.0
61.07, 2017-09-26, 1.0
61.055, 2017-09-27, 1.0
61.52, 2017-09-28, 1.0
62.0, 2017-09-29, 1.0
61.84, 2017-10-02, 1.0
62.06, 2017-10-03, 1.0
61.91, 2017-10-04, 1.0
61.8, 2017-10-05, 1.0
61.69, 2017-10-06, 1.0
61.73, 2017-10-09, 1.0
62.39, 2017-10-10, 1.0
62.62, 2017-10-11, 1.0
62.63, 2017-10-12, 1.0
62.96, 2017-10-13, 1.0
62.9, 2017-10-16, 1.0
62.57, 2017-10-17, 1.0
62.69, 2017-10-18, 1.0
62.33, 2017-10-19, 1.0
62.33, 2017-10-20, 1.0
62.19, 2017-10-23, 1.0
62.4, 2017-10-24, 1.0
62.27, 2017-10-25, 1.0
62.22, 2017-10-26, 1.0
62.39, 2017-10-27, 1.0
62.67, 2017-10-30, 1.0
63.04, 2017-10-31, 1.0
63.2, 2017-11-01, 1.0
63.06, 2017-11-02, 1.0
63.19, 2017-11-03, 1.0
63.33, 2017-11-06, 1.0
63.04, 2017-11-07, 1.0
63.11, 2017-11-08, 1.0
62.54, 2017-11-09, 1.0
62.39, 2017-11-10, 1.0
61.97, 2017-11-13, 1.0
62.11, 2017-11-14, 1.0
61.68, 2017-11-15, 1.0
62.43, 2017-11-16, 1.0
62.24, 2017-11-17, 1.0
62.6, 2017-11-20, 1.0
63.16, 2017-11-21, 1.0
63.44, 2017-11-22, 1.0
63.69, 2017-11-24, 1.0
63.48, 2017-11-27, 1.0
63.66, 2017-11-28, 1.0
63.5, 2017-11-29, 1.0
63.62, 2017-11-30, 1.0
63.43, 2017-12-01, 1.0
63.15, 2017-12-04, 1.0
63.03, 2017-12-05, 1.0
62.69, 2017-12-06, 1.0
63.04, 2017-12-07, 1.0
63.26, 2017-12-08, 1.0
63.32, 2017-12-11, 1.0
63.3, 2017-12-12, 1.0
63.58, 2017-12-13, 1.0
63.44, 2017-12-14, 1.0
63.54, 2017-12-15, 1.0
64.22, 2017-12-18, 1.0
63.4, 2017-12-19, 1.0
63.4, 2017-12-20, 1.0
63.65, 2017-12-21, 1.0
63.89, 2017-12-22, 1.0
63.88, 2017-12-26, 1.0
64.24, 2017-12-27, 1.0
64.42, 2017-12-28, 1.0
64.5, 2017-12-29, 1.0
64.93, 2018-01-02, 1.0
65.41, 2018-01-03, 1.0
65.84, 2018-01-04, 1.0
66.13, 2018-01-05, 1.0
66.18, 2018-01-08, 1.0
66.33, 2018-01-09, 1.0
66.1, 2018-01-10, 1.0
66.55, 2018-01-11, 1.0
67.34, 2018-01-12, 1.0
67.24, 2018-01-16, 1.0
67.61, 2018-01-17, 1.0
67.38, 2018-01-18, 1.0
67.78, 2018-01-19, 1.0
68.16, 2018-01-22, 1.0
68.43, 2018-01-23, 1.0
68.76, 2018-01-24, 1.0
68.48, 2018-01-25, 1.0
69.19, 2018-01-26, 1.0
68.54, 2018-01-29, 1.0
68.0, 2018-01-30, 1.0
67.85, 2018-01-31, 1.0
68.21, 2018-02-01, 1.0
66.83, 2018-02-02, 1.0
63.84, 2018-02-05, 1.0
65.08, 2018-02-06, 1.0
64.4, 2018-02-07, 1.0
62.72, 2018-02-08, 1.0
63.16, 2018-02-09, 1.0
63.97, 2018-02-12, 1.0
63.86, 2018-02-13, 1.0
65.01, 2018-02-14, 1.0
65.56, 2018-02-15, 1.0
65.82, 2018-02-16, 1.0
65.66, 2018-02-20, 1.0
65.39, 2018-02-21, 1.0
65.66, 2018-02-22, 1.0
66.31, 2018-02-23, 1.0
66.71, 2018-02-26, 1.0
65.69, 2018-02-27, 1.0
65.26, 2018-02-28, 1.0
64.28, 2018-03-01, 1.0
64.64, 2018-03-02, 1.0
64.91, 2018-03-05, 1.0
65.76, 2018-03-06, 1.0
65.69, 2018-03-07, 1.0
65.97, 2018-03-08, 1.0
66.36, 2018-03-09, 1.0
66.45, 2018-03-12, 1.0
66.23, 2018-03-13, 1.0
66.43, 2018-03-14, 1.0
66.39, 2018-03-15, 1.0
65.97, 2018-03-16, 1.0
65.63, 2018-03-19, 1.0
65.58, 2018-03-20, 1.0
65.69, 2018-03-21, 1.0
64.61, 2018-03-22, 1.0
63.99, 2018-03-23, 1.0
64.91, 2018-03-26, 1.0
64.52, 2018-03-27, 1.0
64.52, 2018-03-28, 1.0
65.19, 2018-03-29, 1.0
64.31, 2018-04-02, 1.0
64.78, 2018-04-03, 1.0
64.87, 2018-04-04, 1.0
65.06, 2018-04-05, 1.0
64.72, 2018-04-06, 1.0
65.11, 2018-04-09, 1.0
65.75, 2018-04-10, 1.0
65.51, 2018-04-11, 1.0
65.75, 2018-04-12, 1.0
65.89, 2018-04-13, 1.0
66.19, 2018-04-16, 1.0
66.47, 2018-04-17, 1.0
66.88, 2018-04-18, 1.0
66.74, 2018-04-19, 1.0
66.28, 2018-04-20, 1.0
66.14, 2018-04-23, 1.0
65.68, 2018-04-24, 1.0
65.48, 2018-04-25, 1.0
65.9, 2018-04-26, 1.0
65.93, 2018-04-27, 1.0
65.62, 2018-04-30, 1.0
65.48, 2018-05-01, 1.0
65.57, 2018-05-02, 1.0
65.84, 2018-05-03, 1.0
65.97, 2018-05-04, 1.0
66.02, 2018-05-07, 1.0
66.15, 2018-05-08, 1.0
66.23, 2018-05-09, 1.0
66.54, 2018-05-10, 1.0
66.78, 2018-05-11, 1.0
66.79, 2018-05-14, 1.0
66.24, 2018-05-15, 1.0
66.35, 2018-05-16, 1.0
66.45, 2018-05-17, 1.0
66.22, 2018-05-18, 1.0
66.57, 2018-05-21, 1.0
66.4, 2018-05-22, 1.0
65.95, 2018-05-23, 1.0
65.96, 2018-05-24, 1.0
65.62, 2018-05-25, 1.0
64.25, 2018-05-29, 1.0
65.24, 2018-05-30, 1.0
64.98, 2018-05-31, 1.0
65.44, 2018-06-01, 1.0
65.74, 2018-06-04, 1.0
65.82, 2018-06-05, 1.0
66.32, 2018-06-06, 1.0
65.86, 2018-06-07, 1.0
66.0, 2018-06-08, 1.0
66.45, 2018-06-11, 1.0
66.16, 2018-06-12, 1.0
66.09, 2018-06-13, 1.0
65.93, 2018-06-14, 1.0
65.44, 2018-06-15, 1.0
65.05, 2018-06-18, 1.0
63.71, 2018-06-19, 1.0
63.66, 2018-06-20, 1.0
63.1, 2018-06-21, 1.0
63.79, 2018-06-22, 1.0
62.93, 2018-06-25, 1.0
62.99, 2018-06-26, 1.0
62.31, 2018-06-27, 1.0
62.32, 2018-06-28, 1.0
62.74, 2018-06-29, 1.0
61.96, 2018-07-02, 1.0
61.88, 2018-07-03, 1.0
62.14, 2018-07-05, 1.0
62.54, 2018-07-06, 1.0
63.19, 2018-07-09, 1.0
63.24, 2018-07-10, 1.0
62.2, 2018-07-11, 1.0
62.62, 2018-07-12, 1.0
62.75, 2018-07-13, 1.0
62.91, 2018-07-16, 1.0
63.0, 2018-07-17, 1.0
62.95, 2018-07-18, 1.0
62.81, 2018-07-19, 1.0
63.11, 2018-07-20, 1.0
63.08, 2018-07-23, 1.0
63.49, 2018-07-24, 1.0
63.97, 2018-07-25, 1.0
63.6, 2018-07-26, 1.0
63.73, 2018-07-27, 1.0
63.64, 2018-07-30, 1.0
63.48, 2018-07-31, 1.0
63.29, 2018-08-01, 1.0
62.96, 2018-08-02, 1.0
62.83, 2018-08-03, 1.0
62.39, 2018-08-06, 1.0
62.65, 2018-08-07, 1.0
62.72, 2018-08-08, 1.0
62.71, 2018-08-09, 1.0
61.7, 2018-08-10, 1.0
61.27, 2018-08-13, 1.0
61.28, 2018-08-14, 1.0
60.38, 2018-08-15, 1.0
60.57, 2018-08-16, 1.0
60.91, 2018-08-17, 1.0
61.16, 2018-08-20, 1.0
61.72, 2018-08-21, 1.0
62.08, 2018-08-22, 1.0
61.78, 2018-08-23, 1.0
62.15, 2018-08-24, 1.0
63.06, 2018-08-27, 1.0
62.86, 2018-08-28, 1.0
63.21, 2018-08-29, 1.0
62.87, 2018-08-30, 1.0
62.73, 2018-08-31, 1.0
62.15, 2018-09-04, 1.0
61.81, 2018-09-05, 1.0
61.58, 2018-09-06, 1.0
60.91, 2018-09-07, 1.0
61.35, 2018-09-10, 1.0
61.23, 2018-09-11, 1.0
61.45, 2018-09-12, 1.0
61.74, 2018-09-13, 1.0
61.92, 2018-09-14, 1.0
62.11, 2018-09-17, 1.0
62.78, 2018-09-18, 1.0
62.8, 2018-09-19, 1.0
63.35, 2018-09-20, 1.0
63.09, 2018-09-21, 1.0
62.87, 2018-09-24, 1.0
63.14, 2018-09-25, 1.0
63.15, 2018-09-26, 1.0
62.7, 2018-09-27, 1.0
62.28, 2018-09-28, 1.0
62.49, 2018-10-01, 1.0
62.05, 2018-10-02, 1.0
62.05, 2018-10-03, 1.0
61.22, 2018-10-04, 1.0
60.7, 2018-10-05, 1.0
60.19, 2018-10-08, 1.0
59.84, 2018-10-09, 1.0
58.38, 2018-10-10, 1.0
57.64, 2018-10-11, 1.0
58.07, 2018-10-12, 1.0
57.79, 2018-10-15, 1.0
58.94, 2018-10-16, 1.0
58.71, 2018-10-17, 1.0
57.81, 2018-10-18, 1.0
57.84, 2018-10-19, 1.0
57.39, 2018-10-22, 1.0
56.65, 2018-10-23, 1.0
55.1, 2018-10-24, 1.0
55.65, 2018-10-25, 1.0
55.1, 2018-10-26, 1.0
54.95, 2018-10-29, 1.0
55.63, 2018-10-30, 1.0
56.25, 2018-10-31, 1.0
57.4, 2018-11-01, 1.0
57.67, 2018-11-02, 1.0
57.36, 2018-11-05, 1.0
57.67, 2018-11-06, 1.0
58.51, 2018-11-07, 1.0
57.93, 2018-11-08, 1.0
57.44, 2018-11-09, 1.0
56.04, 2018-11-12, 1.0
56.12, 2018-11-13, 1.0
56.22, 2018-11-14, 1.0
56.16, 2018-11-15, 1.0
56.08, 2018-11-16, 1.0
55.5, 2018-11-19, 1.0
54.47, 2018-11-20, 1.0
55.08, 2018-11-21, 1.0
54.97, 2018-11-23, 1.0
55.74, 2018-11-26, 1.0
55.68, 2018-11-27, 1.0
56.57, 2018-11-28, 1.0
56.33, 2018-11-29, 1.0
56.23, 2018-11-30, 1.0
56.87, 2018-12-03, 1.0
55.1, 2018-12-04, 1.0
54.88, 2018-12-06, 1.0
54.18, 2018-12-07, 1.0
53.46, 2018-12-10, 1.0
53.5, 2018-12-11, 1.0
54.25, 2018-12-12, 1.0
54.17, 2018-12-13, 1.0
53.41, 2018-12-14, 1.0
52.7, 2018-12-17, 1.0
52.1, 2018-12-18, 1.0
51.61, 2018-12-19, 1.0
50.99, 2018-12-20, 1.0
50.05, 2018-12-21, 1.0
49.58, 2018-12-24, 1.0
50.87, 2018-12-26, 1.0
51.11, 2018-12-27, 1.0
51.55, 2018-12-28, 1.0
51.82, 2018-12-31, 1.0
51.8, 2019-01-02, 1.0
51.31, 2019-01-03, 1.0
52.85, 2019-01-04, 1.0
53.41, 2019-01-07, 1.0
53.93, 2019-01-08, 1.0
54.58, 2019-01-09, 1.0
54.72, 2019-01-10, 1.0
54.37, 2019-01-11, 1.0
53.94, 2019-01-14, 1.0
54.21, 2019-01-15, 1.0
54.43, 2019-01-16, 1.0
54.74, 2019-01-17, 1.0
55.31, 2019-01-18, 1.0
54.62, 2019-01-22, 1.0
54.82, 2019-01-23, 1.0
55.04, 2019-01-24, 1.0
55.65, 2019-01-25, 1.0
55.43, 2019-01-28, 1.0
55.5, 2019-01-29, 1.0
56.04, 2019-01-30, 1.0
56.01, 2019-01-31, 1.0
55.89, 2019-02-01, 1.0
56.27, 2019-02-04, 1.0
56.37, 2019-02-05, 1.0
56.1, 2019-02-06, 1.0
55.39, 2019-02-07, 1.0
55.02, 2019-02-08, 1.0
54.91, 2019-02-11, 1.0
55.61, 2019-02-12, 1.0
55.73, 2019-02-13, 1.0
55.72, 2019-02-14, 1.0
56.42, 2019-02-15, 1.0
56.69, 2019-02-19, 1.0
56.89, 2019-02-20, 1.0
56.7, 2019-02-21, 1.0
56.94, 2019-02-22, 1.0
57.22, 2019-02-25, 1.0
57.57, 2019-02-26, 1.0
57.3, 2019-02-27, 1.0
57.15, 2019-02-28, 1.0
57.68, 2019-03-01, 1.0
57.62, 2019-03-04, 1.0
57.59, 2019-03-05, 1.0
57.51, 2019-03-06, 1.0
56.45, 2019-03-07, 1.0
56.29, 2019-03-08, 1.0
56.86, 2019-03-11, 1.0
56.82, 2019-03-12, 1.0
57.36, 2019-03-13, 1.0
57.16, 2019-03-14, 1.0
57.72, 2019-03-15, 1.0
57.93, 2019-03-18, 1.0
58.06, 2019-03-19, 1.0
58.04, 2019-03-20, 1.0
57.98, 2019-03-21, 1.0
57.06, 2019-03-22, 1.0
56.85, 2019-03-25, 1.0
57.35, 2019-03-26, 1.0
57.19, 2019-03-27, 1.0
57.1, 2019-03-28, 1.0
57.44, 2019-03-29, 1.0
58.27, 2019-04-01, 1.0
58.27, 2019-04-02, 1.0
58.79, 2019-04-03, 1.0
58.56, 2019-04-04, 1.0
58.74, 2019-04-05, 1.0
58.68, 2019-04-08, 1.0
58.22, 2019-04-09, 1.0
58.53, 2019-04-10, 1.0
58.58, 2019-04-11, 1.0
59.1, 2019-04-12, 1.0
59.24, 2019-04-15, 1.0
59.34, 2019-04-16, 1.0
59.31, 2019-04-17, 1.0
59.18, 2019-04-18, 1.0
59.13, 2019-04-22, 1.0
59.2, 2019-04-23, 1.0
58.81, 2019-04-24, 1.0
58.86, 2019-04-25, 1.0
59.11, 2019-04-26, 1.0
59.31, 2019-04-29, 1.0
59.31, 2019-04-30, 1.0
59.03, 2019-05-01, 1.0
58.81, 2019-05-02, 1.0
59.5, 2019-05-03, 1.0
58.8, 2019-05-06, 1.0
57.97, 2019-05-07, 1.0
57.96, 2019-05-08, 1.0
57.46, 2019-05-09, 1.0
58.03, 2019-05-10, 1.0
56.46, 2019-05-13, 1.0
57.05, 2019-05-14, 1.0
57.21, 2019-05-15, 1.0
57.59, 2019-05-16, 1.0
57.17, 2019-05-17, 1.0
56.69, 2019-05-20, 1.0
57.11, 2019-05-21, 1.0
56.88, 2019-05-22, 1.0
56.37, 2019-05-23, 1.0
56.98, 2019-05-24, 1.0
56.52, 2019-05-28, 1.0
56.18, 2019-05-29, 1.0
56.38, 2019-05-30, 1.0
55.95, 2019-05-31, 1.0
55.8, 2019-06-03, 1.0
56.58, 2019-06-04, 1.0
56.57, 2019-06-05, 1.0
56.74, 2019-06-06, 1.0
57.45, 2019-06-07, 1.0
57.55, 2019-06-10, 1.0
57.84, 2019-06-11, 1.0
57.41, 2019-06-12, 1.0
57.4, 2019-06-13, 1.0
57.03, 2019-06-14, 1.0
55.94, 2019-06-17, 1.0
56.34, 2019-06-18, 1.0
56.69, 2019-06-19, 1.0
57.35, 2019-06-20, 1.0
57.0, 2019-06-21, 1.0
57.08, 2019-06-24, 1.0
56.68, 2019-06-25, 1.0
56.72, 2019-06-26, 1.0
56.94, 2019-06-27, 1.0
57.4, 2019-06-28, 1.0
57.78, 2019-07-01, 1.0
57.93, 2019-07-02, 1.0
58.5, 2019-07-03, 1.0
58.04, 2019-07-05, 1.0
57.63, 2019-07-08, 1.0
57.15, 2019-07-09, 1.0
57.54, 2019-07-10, 1.0
57.61, 2019-07-11, 1.0
57.8, 2019-07-12, 1.0
57.81, 2019-07-15, 1.0
57.53, 2019-07-16, 1.0
57.37, 2019-07-17, 1.0
57.45, 2019-07-18, 1.0
57.33, 2019-07-19, 1.0
57.48, 2019-07-22, 1.0
57.72, 2019-07-23, 1.0
57.92, 2019-07-24, 1.0
57.46, 2019-07-25, 1.0
57.62, 2019-07-26, 1.0
57.46, 2019-07-29, 1.0
56.83, 2019-07-30, 1.0
56.54, 2019-07-31, 1.0
56.24, 2019-08-01, 1.0
55.91, 2019-08-02, 1.0
54.57, 2019-08-05, 1.0
55.07, 2019-08-06, 1.0
55.27, 2019-08-07, 1.0
55.8, 2019-08-08, 1.0
55.36, 2019-08-09, 1.0
54.7, 2019-08-12, 1.0
55.3, 2019-08-13, 1.0
53.71, 2019-08-14, 1.0
53.81, 2019-08-15, 1.0
54.48, 2019-08-16, 1.0
54.86, 2019-08-19, 1.0
54.78, 2019-08-20, 1.0
55.17, 2019-08-21, 1.0
55.24, 2019-08-22, 1.0
54.65, 2019-08-23, 1.0
55.05, 2019-08-26, 1.0
55.07, 2019-08-27, 1.0
54.81, 2019-08-28, 1.0
55.24, 2019-08-29, 1.0
55.59, 2019-08-30, 1.0
55.23, 2019-09-03, 1.0
55.99, 2019-09-04, 1.0
56.38, 2019-09-05, 1.0
56.45, 2019-09-06, 1.0
56.62, 2019-09-09, 1.0
56.63, 2019-09-10, 1.0
56.99, 2019-09-11, 1.0
57.16, 2019-09-12, 1.0
57.67, 2019-09-13, 1.0
57.33, 2019-09-16, 1.0
57.52, 2019-09-17, 1.0
57.4, 2019-09-18, 1.0
57.65, 2019-09-19, 1.0
57.57, 2019-09-20, 1.0
57.33, 2019-09-23, 1.0
57.25, 2019-09-24, 1.0
57.03, 2019-09-25, 1.0
57.25, 2019-09-26, 1.0
56.85, 2019-09-27, 1.0
57.23, 2019-09-30, 1.0
56.81, 2019-10-01, 1.0
55.92, 2019-10-02, 1.0
56.27, 2019-10-03, 1.0
56.88, 2019-10-04, 1.0
56.69, 2019-10-07, 1.0
56.17, 2019-10-08, 1.0
56.63, 2019-10-09, 1.0
56.87, 2019-10-10, 1.0
57.95, 2019-10-11, 1.0
57.72, 2019-10-14, 1.0
58.54, 2019-10-15, 1.0
58.62, 2019-10-16, 1.0
58.84, 2019-10-17, 1.0
58.88, 2019-10-18, 1.0
59.23, 2019-10-21, 1.0
58.91, 2019-10-22, 1.0
59.19, 2019-10-23, 1.0
59.25, 2019-10-24, 1.0
59.25, 2019-10-25, 1.0
59.55, 2019-10-28, 1.0
59.52, 2019-10-29, 1.0
59.74, 2019-10-30, 1.0
59.58, 2019-10-31, 1.0
60.22, 2019-11-01, 1.0
60.41, 2019-11-04, 1.0
60.29, 2019-11-05, 1.0
60.18, 2019-11-06, 1.0
60.46, 2019-11-07, 1.0
60.42, 2019-11-08, 1.0
60.47, 2019-11-11, 1.0
60.4, 2019-11-12, 1.0
60.18, 2019-11-13, 1.0
60.2, 2019-11-14, 1.0
60.67, 2019-11-15, 1.0
60.8, 2019-11-18, 1.0
60.79, 2019-11-19, 1.0
60.51, 2019-11-20, 1.0
60.46, 2019-11-21, 1.0
60.55, 2019-11-22, 1.0
61.05, 2019-11-25, 1.0
61.12, 2019-11-26, 1.0
61.42, 2019-11-27, 1.0
61.01, 2019-11-29, 1.0
60.85, 2019-12-02, 1.0
60.86, 2019-12-03, 1.0
61.52, 2019-12-04, 1.0
61.53, 2019-12-05, 1.0
62.12, 2019-12-06, 1.0
61.77, 2019-12-09, 1.0
61.8, 2019-12-10, 1.0
62.05, 2019-12-11, 1.0
62.22, 2019-12-12, 1.0
62.67, 2019-12-13, 1.0
61.97, 2019-12-16, 1.0
61.53, 2019-12-17, 1.0
61.27, 2019-12-18, 1.0
61.4, 2019-12-19, 1.0
61.47, 2019-12-20, 1.0
61.64, 2019-12-23, 1.0
61.69, 2019-12-24, 1.0
62.07, 2019-12-26, 1.0
62.38, 2019-12-27, 1.0
61.94, 2019-12-30, 1.0
62.28, 2019-12-31, 1.0
62.84, 2020-01-02, 1.0
62.05, 2020-01-03, 1.0
62.09, 2020-01-06, 1.0
61.94, 2020-01-07, 1.0
61.92, 2020-01-08, 1.0
62.16, 2020-01-09, 1.0
61.84, 2020-01-10, 1.0
62.14, 2020-01-13, 1.0
62.11, 2020-01-14, 1.0
62.11, 2020-01-15, 1.0
62.38, 2020-01-16, 1.0
62.4, 2020-01-17, 1.0
62.02, 2020-01-21, 1.0
62.25, 2020-01-22, 1.0
62.1, 2020-01-23, 1.0
61.7, 2020-01-24, 1.0
60.5, 2020-01-27, 1.0
60.9, 2020-01-28, 1.0
60.82, 2020-01-29, 1.0
60.72, 2020-01-30, 1.0
59.91, 2020-01-31, 1.0
59.79, 2020-02-03, 1.0
60.88, 2020-02-04, 1.0
61.53, 2020-02-05, 1.0
61.43, 2020-02-06, 1.0
60.77, 2020-02-07, 1.0
61.02, 2020-02-10, 1.0
61.56, 2020-02-11, 1.0
61.79, 2020-02-12, 1.0
61.56, 2020-02-13, 1.0
61.51, 2020-02-14, 1.0
60.83, 2020-02-18, 1.0
61.17, 2020-02-19, 1.0
60.86, 2020-02-20, 1.0
60.5, 2020-02-21, 1.0
58.0, 2020-02-24, 1.0
57.03, 2020-02-25, 1.0
56.89, 2020-02-26, 1.0
54.92, 2020-02-27, 1.0
54.56, 2020-02-28, 1.0
55.39, 2020-03-02, 1.0
55.09, 2020-03-03, 1.0
56.42, 2020-03-04, 1.0
54.58, 2020-03-05, 1.0
53.9, 2020-03-06, 1.0
49.86, 2020-03-09, 1.0
51.58, 2020-03-10, 1.0
48.81, 2020-03-11, 1.0
43.23, 2020-03-12, 1.0
44.86, 2020-03-13, 1.0
39.98, 2020-03-16, 1.0
40.97, 2020-03-17, 1.0
38.68, 2020-03-18, 1.0
38.54, 2020-03-19, 1.0
38.54, 2020-03-20, 1.0
38.34, 2020-03-23, 1.0
41.63, 2020-03-24, 1.0
42.82, 2020-03-25, 1.0
45.22, 2020-03-26, 1.0
44.4, 2020-03-27, 1.0
44.73, 2020-03-30, 1.0
44.83, 2020-03-31, 1.0
42.85, 2020-04-01, 1.0
43.45, 2020-04-02, 1.0
42.06, 2020-04-03, 1.0
44.29, 2020-04-06, 1.0
45.07, 2020-04-07, 1.0
45.9, 2020-04-08, 1.0
47.24, 2020-04-09, 1.0
46.79, 2020-04-13, 1.0
47.51, 2020-04-14, 1.0
45.79, 2020-04-15, 1.0
46.24, 2020-04-16, 1.0
47.21, 2020-04-17, 1.0
46.74, 2020-04-20, 1.0
45.94, 2020-04-21, 1.0
46.58, 2020-04-22, 1.0
46.86, 2020-04-23, 1.0
47.47, 2020-04-24, 1.0
48.01, 2020-04-27, 1.0
48.5, 2020-04-28, 1.0
49.81, 2020-04-29, 1.0
49.12, 2020-04-30, 1.0
48.1, 2020-05-01, 1.0
48.22, 2020-05-04, 1.0
48.28, 2020-05-05, 1.0
48.03, 2020-05-06, 1.0
48.94, 2020-05-07, 1.0
49.88, 2020-05-08, 1.0
50.0, 2020-05-11, 1.0
49.1, 2020-05-12, 1.0
48.79, 2020-05-13, 1.0
48.27, 2020-05-14, 1.0
48.42, 2020-05-15, 1.0
50.23, 2020-05-18, 1.0
49.82, 2020-05-19, 1.0
50.85, 2020-05-20, 1.0
50.52, 2020-05-21, 1.0
50.52, 2020-05-22, 1.0
52.26, 2020-05-26, 1.0
52.59, 2020-05-27, 1.0
52.91, 2020-05-28, 1.0
53.09, 2020-05-29, 1.0
54.28, 2020-06-01, 1.0
54.91, 2020-06-02, 1.0
55.87, 2020-06-03, 1.0
55.68, 2020-06-04, 1.0
56.54, 2020-06-05, 1.0
57.2, 2020-06-08, 1.0
56.45, 2020-06-09, 1.0
56.09, 2020-06-10, 1.0
52.85, 2020-06-11, 1.0
53.84, 2020-06-12, 1.0
53.66, 2020-06-15, 1.0
54.31, 2020-06-16, 1.0
54.61, 2020-06-17, 1.0
54.4, 2020-06-18, 1.0
54.02, 2020-06-19, 1.0
54.64, 2020-06-22, 1.0
54.83, 2020-06-23, 1.0
53.59, 2020-06-24, 1.0
54.04, 2020-06-25, 1.0
53.3, 2020-06-26, 1.0
53.69, 2020-06-29, 1.0
53.62, 2020-06-30, 1.0
53.91, 2020-07-01, 1.0
54.16, 2020-07-02, 1.0
55.01, 2020-07-06, 1.0
54.33, 2020-07-07, 1.0
54.74, 2020-07-08, 1.0
54.05, 2020-07-09, 1.0
54.55, 2020-07-10, 1.0
54.09, 2020-07-13, 1.0
54.73, 2020-07-14, 1.0
55.33, 2020-07-15, 1.0
55.1, 2020-07-16, 1.0
55.34, 2020-07-17, 1.0
55.72, 2020-07-20, 1.0
56.14, 2020-07-21, 1.0
56.41, 2020-07-22, 1.0
56.01, 2020-07-23, 1.0
55.8, 2020-07-24, 1.0
56.53, 2020-07-27, 1.0
56.22, 2020-07-28, 1.0
56.74, 2020-07-29, 1.0
56.16, 2020-07-30, 1.0
55.06, 2020-07-31, 1.0
56.01, 2020-08-03, 1.0
56.48, 2020-08-04, 1.0
57.04, 2020-08-05, 1.0
57.22, 2020-08-06, 1.0
57.06, 2020-08-07, 1.0
57.17, 2020-08-10, 1.0
57.4, 2020-08-11, 1.0
58.34, 2020-08-12, 1.0
58.14, 2020-08-13, 1.0
57.94, 2020-08-14, 1.0
58.48, 2020-08-17, 1.0
58.67, 2020-08-18, 1.0
58.15, 2020-08-19, 1.0
58.29, 2020-08-20, 1.0
58.07, 2020-08-21, 1.0
58.71, 2020-08-24, 1.0
58.71, 2020-08-25, 1.0
59.28, 2020-08-26, 1.0
58.75, 2020-08-27, 1.0
59.25, 2020-08-28, 1.0
59.11, 2020-08-31, 1.0
59.21, 2020-09-01, 1.0
59.76, 2020-09-02, 1.0
58.3, 2020-09-03, 1.0
58.47, 2020-09-04, 1.0
57.99, 2020-09-08, 1.0
58.66, 2020-09-09, 1.0
58.01, 2020-09-10, 1.0
58.59, 2020-09-11, 1.0
59.14, 2020-09-14, 1.0
59.6, 2020-09-15, 1.0
59.87, 2020-09-16, 1.0
60.23, 2020-09-17, 1.0
59.83, 2020-09-18, 1.0
58.42, 2020-09-21, 1.0
58.33, 2020-09-22, 1.0
57.64, 2020-09-23, 1.0
57.48, 2020-09-24, 1.0
57.98, 2020-09-25, 1.0
58.97, 2020-09-28, 1.0
58.91, 2020-09-29, 1.0
58.99, 2020-09-30, 1.0
59.56, 2020-10-01, 1.0
59.31, 2020-10-02, 1.0
60.33, 2020-10-05, 1.0
59.86, 2020-10-06, 1.0
60.22, 2020-10-07, 1.0
60.64, 2020-10-08, 1.0
61.2, 2020-10-09, 1.0
61.55, 2020-10-12, 1.0
60.72, 2020-10-13, 1.0
60.75, 2020-10-14, 1.0
60.02, 2020-10-15, 1.0
60.02, 2020-10-16, 1.0
59.81, 2020-10-19, 1.0
60.02, 2020-10-20, 1.0
60.19, 2020-10-21, 1.0
60.2, 2020-10-22, 1.0
60.36, 2020-10-23, 1.0
59.07, 2020-10-26, 1.0
58.66, 2020-10-27, 1.0
56.79, 2020-10-28, 1.0
57.06, 2020-10-29, 1.0
56.95, 2020-10-30, 1.0
57.23, 2020-11-02, 1.0
58.63, 2020-11-03, 1.0
59.19, 2020-11-04, 1.0
60.71, 2020-11-05, 1.0
60.84, 2020-11-06, 1.0
62.6, 2020-11-09, 1.0
62.5, 2020-11-10, 1.0
62.86, 2020-11-11, 1.0
61.98, 2020-11-12, 1.0
63.09, 2020-11-13, 1.0
63.95, 2020-11-16, 1.0
63.67, 2020-11-17, 1.0
63.52, 2020-11-18, 1.0
63.84, 2020-11-19, 1.0
64.28, 2020-11-20, 1.0
64.45, 2020-11-23, 1.0
65.23, 2020-11-24, 1.0
64.93, 2020-11-25, 1.0
65.43, 2020-11-27, 1.0
64.32, 2020-11-30, 1.0
65.97, 2020-12-01, 1.0
65.77, 2020-12-02, 1.0
66.22, 2020-12-03, 1.0
66.62, 2020-12-04, 1.0
65.94, 2020-12-07, 1.0
66.1, 2020-12-08, 1.0
66.2, 2020-12-09, 1.0
66.07, 2020-12-10, 1.0
65.92, 2020-12-11, 1.0
66.01, 2020-12-14, 1.0
66.88, 2020-12-15, 1.0
67.1, 2020-12-16, 1.0
67.73, 2020-12-17, 1.0
67.44, 2020-12-18, 1.0
66.72, 2020-12-21, 1.0
66.51, 2020-12-22, 1.0
67.45, 2020-12-23, 1.0
67.78, 2020-12-24, 1.0
68.07, 2020-12-28, 1.0
68.63, 2020-12-29, 1.0
68.74, 2020-12-30, 1.0
68.35, 2020-12-31, 1.0
68.5, 2021-01-04, 1.0
69.43, 2021-01-05, 1.0
70.3, 2021-01-06, 1.0
70.12, 2021-01-07, 1.0
70.63, 2021-01-08, 1.0
69.47, 2021-01-11, 1.0
69.96, 2021-01-12, 1.0
69.88, 2021-01-13, 1.0
70.17, 2021-01-14, 1.0
69.07, 2021-01-15, 1.0
69.73, 2021-01-19, 1.0
70.49, 2021-01-20, 1.0
70.59, 2021-01-21, 1.0
